﻿<?xml version="1.0" encoding="utf-8"?>
<Macro xmlns:xsi="http://www.w3.org/2001/XMLSchema-instance" xmlns:xsd="http://www.w3.org/2001/XMLSchema">
  <Name>ColdWar-Krig6</Name>
  <Guid>48bf43dd-cf49-4378-b59d-6a8dcf2531e8</Guid>
  <MacroEvents>
    <MacroEvent>
      <Type>2</Type>
      <MouseEvent>
        <MouseButton>1</MouseButton>
        <State>0</State>
      </MouseEvent>
    </MacroEvent>
    <MacroEvent>
      <Type>3</Type>
      <Delay>9</Delay>
      <MouseMovement>
        <MouseMovementEvent>
          <Type>3</Type>
          <X>878</X>
          <Y>119</Y>
        </MouseMovementEvent></MouseMovement></MacroEvent><MacroEvent><Type>3</Type><Delay>0</Delay><MouseMovement>
        <MouseMovementEvent>
          <Type>3</Type>
          <X>880</X>
          <Y>121</Y>
          <Delay>140</Delay>
        </MouseMovementEvent></MouseMovement></MacroEvent><MacroEvent><Type>3</Type><Delay>0</Delay><MouseMovement>
        <MouseMovementEvent>
          <Type>3</Type>
          <X>882</X>
          <Y>123</Y>
          <Delay>20</Delay>
        </MouseMovementEvent></MouseMovement></MacroEvent><MacroEvent><Type>2</Type><Delay>0</Delay><MouseEvent><MouseButton>1</MouseButton><State>1</State></MouseEvent></MacroEvent><MacroEvent><Type>2</Type><Delay>0</Delay><MouseEvent><MouseButton>1</MouseButton><State>0</State></MouseEvent></MacroEvent><MacroEvent><Type>3</Type><Delay>0</Delay><MouseMovement>
        <MouseMovementEvent>
          <Type>3</Type>
          <X>884</X>
          <Y>125</Y>
          <Delay>20</Delay>
        </MouseMovementEvent></MouseMovement></MacroEvent><MacroEvent><Type>3</Type><Delay>0</Delay><MouseMovement>
        <MouseMovementEvent>
          <Type>3</Type>
          <X>886</X>
          <Y>127</Y>
          <Delay>19</Delay>
        </MouseMovementEvent></MouseMovement></MacroEvent><MacroEvent><Type>3</Type><Delay>0</Delay><MouseMovement>
        <MouseMovementEvent>
          <Type>3</Type>
          <X>888</X>
          <Y>129</Y>
          <Delay>20</Delay>
        </MouseMovementEvent></MouseMovement></MacroEvent><MacroEvent><Type>2</Type><Delay>0</Delay><MouseEvent><MouseButton>1</MouseButton><State>1</State></MouseEvent></MacroEvent><MacroEvent><Type>2</Type><Delay>0</Delay><MouseEvent><MouseButton>1</MouseButton><State>0</State></MouseEvent></MacroEvent><MacroEvent><Type>3</Type><Delay>0</Delay><MouseMovement>
        <MouseMovementEvent>
          <Type>3</Type>
          <X>890</X>
          <Y>131</Y>
          <Delay>20</Delay>
        </MouseMovementEvent></MouseMovement></MacroEvent><MacroEvent><Type>3</Type><Delay>0</Delay><MouseMovement>
        <MouseMovementEvent>
          <Type>3</Type>
          <X>892</X>
          <Y>133</Y>
          <Delay>20</Delay>
        </MouseMovementEvent></MouseMovement></MacroEvent><MacroEvent><Type>3</Type><Delay>0</Delay><MouseMovement>
        <MouseMovementEvent>
          <Type>3</Type>
          <X>894</X>
          <Y>135</Y>
          <Delay>20</Delay>
        </MouseMovementEvent></MouseMovement></MacroEvent><MacroEvent><Type>2</Type><Delay>0</Delay><MouseEvent><MouseButton>1</MouseButton><State>1</State></MouseEvent></MacroEvent><MacroEvent><Type>2</Type><Delay>0</Delay><MouseEvent><MouseButton>1</MouseButton><State>0</State></MouseEvent></MacroEvent><MacroEvent><Type>3</Type><Delay>0</Delay><MouseMovement>
        <MouseMovementEvent>
          <Type>3</Type>
          <X>896</X>
          <Y>137</Y>
          <Delay>20</Delay>
        </MouseMovementEvent></MouseMovement></MacroEvent><MacroEvent><Type>3</Type><Delay>0</Delay><MouseMovement>
        <MouseMovementEvent>
          <Type>3</Type>
          <X>897</X>
          <Y>139</Y>
          <Delay>20</Delay>
        </MouseMovementEvent></MouseMovement></MacroEvent><MacroEvent><Type>3</Type><Delay>0</Delay><MouseMovement>
        <MouseMovementEvent>
          <Type>3</Type>
          <X>898</X>
          <Y>140</Y>
          <Delay>20</Delay>
        </MouseMovementEvent></MouseMovement></MacroEvent><MacroEvent><Type>2</Type><Delay>0</Delay><MouseEvent><MouseButton>1</MouseButton><State>1</State></MouseEvent></MacroEvent><MacroEvent><Type>2</Type><Delay>0</Delay><MouseEvent><MouseButton>1</MouseButton><State>0</State></MouseEvent></MacroEvent><MacroEvent><Type>3</Type><Delay>0</Delay><MouseMovement>
        <MouseMovementEvent>
          <Type>3</Type>
          <X>899</X>
          <Y>141</Y>
          <Delay>20</Delay>
        </MouseMovementEvent></MouseMovement></MacroEvent><MacroEvent><Type>3</Type><Delay>0</Delay><MouseMovement>
        <MouseMovementEvent>
          <Type>3</Type>
          <X>900</X>
          <Y>142</Y>
          <Delay>20</Delay>
        </MouseMovementEvent></MouseMovement></MacroEvent><MacroEvent><Type>3</Type><Delay>0</Delay><MouseMovement>
        <MouseMovementEvent>
          <Type>3</Type>
          <X>901</X>
          <Y>143</Y>
          <Delay>19</Delay>
        </MouseMovementEvent></MouseMovement></MacroEvent><MacroEvent><Type>2</Type><Delay>0</Delay><MouseEvent><MouseButton>1</MouseButton><State>1</State></MouseEvent></MacroEvent><MacroEvent><Type>2</Type><Delay>0</Delay><MouseEvent><MouseButton>1</MouseButton><State>0</State></MouseEvent></MacroEvent><MacroEvent><Type>3</Type><Delay>0</Delay><MouseMovement>
        <MouseMovementEvent>
          <Type>3</Type>
          <X>902</X>
          <Y>143</Y>
          <Delay>20</Delay>
        </MouseMovementEvent></MouseMovement></MacroEvent><MacroEvent><Type>3</Type><Delay>0</Delay><MouseMovement>
        <MouseMovementEvent>
          <Type>3</Type>
          <X>902</X>
          <Y>144</Y>
          <Delay>19</Delay>
        </MouseMovementEvent></MouseMovement></MacroEvent><MacroEvent><Type>3</Type><Delay>0</Delay><MouseMovement>
        <MouseMovementEvent>
          <Type>3</Type>
          <X>902</X>
          <Y>145</Y>
          <Delay>20</Delay>
        </MouseMovementEvent></MouseMovement></MacroEvent><MacroEvent><Type>2</Type><Delay>0</Delay><MouseEvent><MouseButton>1</MouseButton><State>1</State></MouseEvent></MacroEvent><MacroEvent><Type>2</Type><Delay>0</Delay><MouseEvent><MouseButton>1</MouseButton><State>0</State></MouseEvent></MacroEvent><MacroEvent><Type>3</Type><Delay>0</Delay><MouseMovement>
        <MouseMovementEvent>
          <Type>3</Type>
          <X>902</X>
          <Y>146</Y>
          <Delay>19</Delay>
        </MouseMovementEvent></MouseMovement></MacroEvent><MacroEvent><Type>3</Type><Delay>0</Delay><MouseMovement>
        <MouseMovementEvent>
          <Type>3</Type>
          <X>903</X>
          <Y>147</Y>
          <Delay>20</Delay>
        </MouseMovementEvent></MouseMovement></MacroEvent><MacroEvent><Type>3</Type><Delay>0</Delay><MouseMovement>
        <MouseMovementEvent>
          <Type>3</Type>
          <X>904</X>
          <Y>148</Y>
          <Delay>19</Delay>
        </MouseMovementEvent></MouseMovement></MacroEvent><MacroEvent><Type>2</Type><Delay>0</Delay><MouseEvent><MouseButton>1</MouseButton><State>1</State></MouseEvent></MacroEvent><MacroEvent><Type>2</Type><Delay>0</Delay><MouseEvent><MouseButton>1</MouseButton><State>0</State></MouseEvent></MacroEvent><MacroEvent><Type>3</Type><Delay>0</Delay><MouseMovement>
        <MouseMovementEvent>
          <Type>3</Type>
          <X>905</X>
          <Y>149</Y>
          <Delay>20</Delay>
        </MouseMovementEvent></MouseMovement></MacroEvent><MacroEvent><Type>3</Type><Delay>0</Delay><MouseMovement>
        <MouseMovementEvent>
          <Type>3</Type>
          <X>905</X>
          <Y>150</Y>
          <Delay>20</Delay>
        </MouseMovementEvent></MouseMovement></MacroEvent><MacroEvent><Type>3</Type><Delay>0</Delay><MouseMovement>
        <MouseMovementEvent>
          <Type>3</Type>
          <X>905</X>
          <Y>151</Y>
          <Delay>20</Delay>
        </MouseMovementEvent></MouseMovement></MacroEvent><MacroEvent><Type>2</Type><Delay>0</Delay><MouseEvent><MouseButton>1</MouseButton><State>1</State></MouseEvent></MacroEvent><MacroEvent><Type>2</Type><Delay>0</Delay><MouseEvent><MouseButton>1</MouseButton><State>0</State></MouseEvent></MacroEvent><MacroEvent><Type>3</Type><Delay>0</Delay><MouseMovement>
        <MouseMovementEvent>
          <Type>3</Type>
          <X>905</X>
          <Y>152</Y>
          <Delay>19</Delay>
        </MouseMovementEvent></MouseMovement></MacroEvent><MacroEvent><Type>3</Type><Delay>0</Delay><MouseMovement>
        <MouseMovementEvent>
          <Type>3</Type>
          <X>905</X>
          <Y>153</Y>
          <Delay>20</Delay>
        </MouseMovementEvent></MouseMovement></MacroEvent><MacroEvent><Type>3</Type><Delay>0</Delay><MouseMovement>
        <MouseMovementEvent>
          <Type>3</Type>
          <X>905</X>
          <Y>154</Y>
          <Delay>20</Delay>
        </MouseMovementEvent></MouseMovement></MacroEvent><MacroEvent><Type>2</Type><Delay>0</Delay><MouseEvent><MouseButton>1</MouseButton><State>1</State></MouseEvent></MacroEvent><MacroEvent><Type>2</Type><Delay>0</Delay><MouseEvent><MouseButton>1</MouseButton><State>0</State></MouseEvent></MacroEvent><MacroEvent><Type>3</Type><Delay>0</Delay><MouseMovement>
        <MouseMovementEvent>
          <Type>3</Type>
          <X>905</X>
          <Y>155</Y>
          <Delay>20</Delay>
        </MouseMovementEvent></MouseMovement></MacroEvent><MacroEvent><Type>3</Type><Delay>0</Delay><MouseMovement>
        <MouseMovementEvent>
          <Type>3</Type>
          <X>905</X>
          <Y>156</Y>
          <Delay>19</Delay>
        </MouseMovementEvent></MouseMovement></MacroEvent><MacroEvent><Type>3</Type><Delay>0</Delay><MouseMovement>
        <MouseMovementEvent>
          <Type>3</Type>
          <X>906</X>
          <Y>156</Y>
          <Delay>506</Delay>
        </MouseMovementEvent></MouseMovement></MacroEvent><MacroEvent><Type>2</Type><Delay>0</Delay><MouseEvent><MouseButton>1</MouseButton><State>1</State></MouseEvent></MacroEvent><MacroEvent><Type>2</Type><Delay>0</Delay><MouseEvent><MouseButton>1</MouseButton><State>0</State></MouseEvent></MacroEvent><MacroEvent><Type>3</Type><Delay>0</Delay><MouseMovement>
        <MouseMovementEvent>
          <Type>3</Type>
          <X>907</X>
          <Y>156</Y>
          <Delay>20</Delay>
        </MouseMovementEvent></MouseMovement></MacroEvent><MacroEvent><Type>3</Type><Delay>0</Delay><MouseMovement>
        <MouseMovementEvent>
          <Type>3</Type>
          <X>909</X>
          <Y>156</Y>
          <Delay>20</Delay>
        </MouseMovementEvent></MouseMovement></MacroEvent><MacroEvent><Type>3</Type><Delay>0</Delay><MouseMovement>
        <MouseMovementEvent>
          <Type>3</Type>
          <X>911</X>
          <Y>156</Y>
          <Delay>19</Delay>
        </MouseMovementEvent></MouseMovement></MacroEvent><MacroEvent><Type>2</Type><Delay>0</Delay><MouseEvent><MouseButton>1</MouseButton><State>1</State></MouseEvent></MacroEvent><MacroEvent><Type>2</Type><Delay>0</Delay><MouseEvent><MouseButton>1</MouseButton><State>0</State></MouseEvent></MacroEvent><MacroEvent><Type>3</Type><Delay>0</Delay><MouseMovement>
        <MouseMovementEvent>
          <Type>3</Type>
          <X>912</X>
          <Y>156</Y>
          <Delay>20</Delay>
        </MouseMovementEvent></MouseMovement></MacroEvent><MacroEvent><Type>3</Type><Delay>0</Delay><MouseMovement>
        <MouseMovementEvent>
          <Type>3</Type>
          <X>913</X>
          <Y>156</Y>
          <Delay>20</Delay>
        </MouseMovementEvent></MouseMovement></MacroEvent><MacroEvent><Type>3</Type><Delay>0</Delay><MouseMovement>
        <MouseMovementEvent>
          <Type>3</Type>
          <X>912</X>
          <Y>156</Y>
          <Delay>398</Delay>
        </MouseMovementEvent></MouseMovement></MacroEvent><MacroEvent><Type>2</Type><Delay>0</Delay><MouseEvent><MouseButton>1</MouseButton><State>1</State></MouseEvent></MacroEvent><MacroEvent><Type>2</Type><Delay>0</Delay><MouseEvent><MouseButton>1</MouseButton><State>0</State></MouseEvent></MacroEvent><MacroEvent><Type>3</Type><Delay>0</Delay><MouseMovement>
        <MouseMovementEvent>
          <Type>3</Type>
          <X>911</X>
          <Y>156</Y>
          <Delay>20</Delay>
        </MouseMovementEvent></MouseMovement></MacroEvent><MacroEvent><Type>3</Type><Delay>0</Delay><MouseMovement>
        <MouseMovementEvent>
          <Type>3</Type>
          <X>910</X>
          <Y>156</Y>
          <Delay>19</Delay>
        </MouseMovementEvent></MouseMovement></MacroEvent><MacroEvent><Type>3</Type><Delay>0</Delay><MouseMovement>
        <MouseMovementEvent>
          <Type>3</Type>
          <X>909</X>
          <Y>156</Y>
          <Delay>79</Delay>
        </MouseMovementEvent></MouseMovement></MacroEvent><MacroEvent><Type>2</Type><Delay>0</Delay><MouseEvent><MouseButton>1</MouseButton><State>1</State></MouseEvent></MacroEvent><MacroEvent><Type>2</Type><Delay>0</Delay><MouseEvent><MouseButton>1</MouseButton><State>0</State></MouseEvent></MacroEvent><MacroEvent><Type>3</Type><Delay>0</Delay><MouseMovement>
        <MouseMovementEvent>
          <Type>3</Type>
          <X>908</X>
          <Y>156</Y>
          <Delay>20</Delay>
        </MouseMovementEvent></MouseMovement></MacroEvent><MacroEvent><Type>3</Type><Delay>0</Delay><MouseMovement>
        <MouseMovementEvent>
          <Type>3</Type>
          <X>906</X>
          <Y>156</Y>
          <Delay>20</Delay>
        </MouseMovementEvent></MouseMovement></MacroEvent><MacroEvent><Type>3</Type><Delay>0</Delay><MouseMovement>
        <MouseMovementEvent>
          <Type>3</Type>
          <X>905</X>
          <Y>156</Y>
          <Delay>20</Delay>
        </MouseMovementEvent></MouseMovement></MacroEvent><MacroEvent><Type>2</Type><Delay>0</Delay><MouseEvent><MouseButton>1</MouseButton><State>1</State></MouseEvent></MacroEvent><MacroEvent><Type>2</Type><Delay>0</Delay><MouseEvent><MouseButton>1</MouseButton><State>0</State></MouseEvent></MacroEvent><MacroEvent><Type>3</Type><Delay>0</Delay><MouseMovement>
        <MouseMovementEvent>
          <Type>3</Type>
          <X>904</X>
          <Y>156</Y>
          <Delay>19</Delay>
        </MouseMovementEvent></MouseMovement></MacroEvent><MacroEvent><Type>3</Type><Delay>0</Delay><MouseMovement>
        <MouseMovementEvent>
          <Type>3</Type>
          <X>903</X>
          <Y>156</Y>
          <Delay>20</Delay>
        </MouseMovementEvent></MouseMovement></MacroEvent><MacroEvent><Type>3</Type><Delay>0</Delay><MouseMovement>
        <MouseMovementEvent>
          <Type>3</Type>
          <X>902</X>
          <Y>156</Y>
          <Delay>20</Delay>
        </MouseMovementEvent></MouseMovement></MacroEvent><MacroEvent><Type>2</Type><Delay>0</Delay><MouseEvent><MouseButton>1</MouseButton><State>1</State></MouseEvent></MacroEvent><MacroEvent><Type>2</Type><Delay>0</Delay><MouseEvent><MouseButton>1</MouseButton><State>0</State></MouseEvent></MacroEvent><MacroEvent><Type>3</Type><Delay>0</Delay><MouseMovement>
        <MouseMovementEvent>
          <Type>3</Type>
          <X>901</X>
          <Y>156</Y>
          <Delay>39</Delay>
        </MouseMovementEvent></MouseMovement></MacroEvent><MacroEvent><Type>3</Type><Delay>0</Delay><MouseMovement>
        <MouseMovementEvent>
          <Type>3</Type>
          <X>900</X>
          <Y>156</Y>
          <Delay>19</Delay>
        </MouseMovementEvent></MouseMovement></MacroEvent><MacroEvent><Type>3</Type><Delay>0</Delay><MouseMovement>
        <MouseMovementEvent>
          <Type>3</Type>
          <X>899</X>
          <Y>156</Y>
          <Delay>40</Delay>
        </MouseMovementEvent></MouseMovement></MacroEvent><MacroEvent><Type>2</Type><Delay>0</Delay><MouseEvent><MouseButton>1</MouseButton><State>1</State></MouseEvent></MacroEvent><MacroEvent><Type>2</Type><Delay>0</Delay><MouseEvent><MouseButton>1</MouseButton><State>0</State></MouseEvent></MacroEvent><MacroEvent><Type>3</Type><Delay>0</Delay><MouseMovement>
        <MouseMovementEvent>
          <Type>3</Type>
          <X>898</X>
          <Y>156</Y>
          <Delay>19</Delay>
        </MouseMovementEvent></MouseMovement></MacroEvent><MacroEvent><Type>3</Type><Delay>0</Delay><MouseMovement>
        <MouseMovementEvent>
          <Type>3</Type>
          <X>897</X>
          <Y>156</Y>
          <Delay>19</Delay>
        </MouseMovementEvent></MouseMovement></MacroEvent><MacroEvent><Type>3</Type><Delay>0</Delay><MouseMovement>
        <MouseMovementEvent>
          <Type>3</Type>
          <X>896</X>
          <Y>156</Y>
          <Delay>20</Delay>
        </MouseMovementEvent></MouseMovement></MacroEvent><MacroEvent><Type>2</Type><Delay>0</Delay><MouseEvent><MouseButton>1</MouseButton><State>1</State></MouseEvent></MacroEvent><MacroEvent><Type>2</Type><Delay>0</Delay><MouseEvent><MouseButton>1</MouseButton><State>0</State></MouseEvent></MacroEvent><MacroEvent><Type>3</Type><Delay>0</Delay><MouseMovement>
        <MouseMovementEvent>
          <Type>3</Type>
          <X>895</X>
          <Y>156</Y>
          <Delay>60</Delay>
        </MouseMovementEvent></MouseMovement></MacroEvent><MacroEvent><Type>3</Type><Delay>0</Delay><MouseMovement>
        <MouseMovementEvent>
          <Type>3</Type>
          <X>894</X>
          <Y>156</Y>
          <Delay>20</Delay>
        </MouseMovementEvent></MouseMovement></MacroEvent><MacroEvent><Type>3</Type><Delay>0</Delay><MouseMovement>
        <MouseMovementEvent>
          <Type>3</Type>
          <X>892</X>
          <Y>156</Y>
          <Delay>20</Delay>
        </MouseMovementEvent></MouseMovement></MacroEvent><MacroEvent><Type>2</Type><Delay>0</Delay><MouseEvent><MouseButton>1</MouseButton><State>1</State></MouseEvent></MacroEvent><MacroEvent><Type>2</Type><Delay>0</Delay><MouseEvent><MouseButton>1</MouseButton><State>0</State></MouseEvent></MacroEvent><MacroEvent><Type>3</Type><Delay>0</Delay><MouseMovement>
        <MouseMovementEvent>
          <Type>3</Type>
          <X>891</X>
          <Y>157</Y>
          <Delay>19</Delay>
        </MouseMovementEvent></MouseMovement></MacroEvent><MacroEvent><Type>3</Type><Delay>0</Delay><MouseMovement>
        <MouseMovementEvent>
          <Type>3</Type>
          <X>890</X>
          <Y>157</Y>
          <Delay>61</Delay>
        </MouseMovementEvent></MouseMovement></MacroEvent><MacroEvent><Type>3</Type><Delay>0</Delay><MouseMovement>
        <MouseMovementEvent>
          <Type>3</Type>
          <X>889</X>
          <Y>158</Y>
          <Delay>19</Delay>
        </MouseMovementEvent></MouseMovement></MacroEvent><MacroEvent><Type>2</Type><Delay>0</Delay><MouseEvent><MouseButton>1</MouseButton><State>1</State></MouseEvent></MacroEvent><MacroEvent><Type>2</Type><Delay>0</Delay><MouseEvent><MouseButton>1</MouseButton><State>0</State></MouseEvent></MacroEvent><MacroEvent><Type>3</Type><Delay>0</Delay><MouseMovement>
        <MouseMovementEvent>
          <Type>3</Type>
          <X>888</X>
          <Y>158</Y>
          <Delay>20</Delay>
        </MouseMovementEvent></MouseMovement></MacroEvent><MacroEvent><Type>3</Type><Delay>0</Delay><MouseMovement>
        <MouseMovementEvent>
          <Type>3</Type>
          <X>886</X>
          <Y>158</Y>
          <Delay>20</Delay>
        </MouseMovementEvent></MouseMovement></MacroEvent><MacroEvent><Type>3</Type><Delay>0</Delay><MouseMovement>
        <MouseMovementEvent>
          <Type>3</Type>
          <X>885</X>
          <Y>158</Y>
          <Delay>20</Delay>
        </MouseMovementEvent></MouseMovement></MacroEvent><MacroEvent><Type>2</Type><Delay>0</Delay><MouseEvent><MouseButton>1</MouseButton><State>1</State></MouseEvent></MacroEvent><MacroEvent><Type>2</Type><Delay>0</Delay><MouseEvent><MouseButton>1</MouseButton><State>0</State></MouseEvent></MacroEvent><MacroEvent><Type>3</Type><Delay>0</Delay><MouseMovement>
        <MouseMovementEvent>
          <Type>3</Type>
          <X>885</X>
          <Y>159</Y>
          <Delay>19</Delay>
        </MouseMovementEvent></MouseMovement></MacroEvent><MacroEvent><Type>3</Type><Delay>0</Delay><MouseMovement>
        <MouseMovementEvent>
          <Type>3</Type>
          <X>884</X>
          <Y>160</Y>
          <Delay>40</Delay>
        </MouseMovementEvent></MouseMovement></MacroEvent><MacroEvent><Type>3</Type><Delay>0</Delay><MouseMovement>
        <MouseMovementEvent>
          <Type>3</Type>
          <X>884</X>
          <Y>161</Y>
          <Delay>20</Delay>
        </MouseMovementEvent></MouseMovement></MacroEvent><MacroEvent><Type>2</Type><Delay>0</Delay><MouseEvent><MouseButton>1</MouseButton><State>1</State></MouseEvent></MacroEvent><MacroEvent><Type>2</Type><Delay>0</Delay><MouseEvent><MouseButton>1</MouseButton><State>0</State></MouseEvent></MacroEvent><MacroEvent><Type>3</Type><Delay>0</Delay><MouseMovement>
        <MouseMovementEvent>
          <Type>3</Type>
          <X>884</X>
          <Y>162</Y>
          <Delay>19</Delay>
        </MouseMovementEvent></MouseMovement></MacroEvent><MacroEvent><Type>3</Type><Delay>0</Delay><MouseMovement>
        <MouseMovementEvent>
          <Type>3</Type>
          <X>884</X>
          <Y>163</Y>
          <Delay>20</Delay>
        </MouseMovementEvent></MouseMovement></MacroEvent><MacroEvent><Type>3</Type><Delay>0</Delay><MouseMovement>
        <MouseMovementEvent>
          <Type>3</Type>
          <X>883</X>
          <Y>163</Y>
          <Delay>19</Delay>
        </MouseMovementEvent></MouseMovement></MacroEvent><MacroEvent><Type>2</Type><Delay>0</Delay><MouseEvent><MouseButton>1</MouseButton><State>1</State></MouseEvent></MacroEvent><MacroEvent><Type>2</Type><Delay>0</Delay><MouseEvent><MouseButton>1</MouseButton><State>0</State></MouseEvent></MacroEvent><MacroEvent><Type>3</Type><Delay>0</Delay><MouseMovement>
        <MouseMovementEvent>
          <Type>3</Type>
          <X>883</X>
          <Y>164</Y>
          <Delay>20</Delay>
        </MouseMovementEvent></MouseMovement></MacroEvent><MacroEvent><Type>3</Type><Delay>0</Delay><MouseMovement>
        <MouseMovementEvent>
          <Type>3</Type>
          <X>882</X>
          <Y>164</Y>
          <Delay>20</Delay>
        </MouseMovementEvent></MouseMovement></MacroEvent><MacroEvent><Type>3</Type><Delay>0</Delay><MouseMovement>
        <MouseMovementEvent>
          <Type>3</Type>
          <X>882</X>
          <Y>165</Y>
          <Delay>20</Delay>
        </MouseMovementEvent></MouseMovement></MacroEvent><MacroEvent><Type>2</Type><Delay>0</Delay><MouseEvent><MouseButton>1</MouseButton><State>1</State></MouseEvent></MacroEvent><MacroEvent><Type>2</Type><Delay>0</Delay><MouseEvent><MouseButton>1</MouseButton><State>0</State></MouseEvent></MacroEvent><MacroEvent><Type>3</Type><Delay>0</Delay><MouseMovement>
        <MouseMovementEvent>
          <Type>3</Type>
          <X>882</X>
          <Y>166</Y>
          <Delay>39</Delay>
        </MouseMovementEvent></MouseMovement></MacroEvent><MacroEvent><Type>3</Type><Delay>0</Delay><MouseMovement>
        <MouseMovementEvent>
          <Type>3</Type>
          <X>881</X>
          <Y>166</Y>
          <Delay>19</Delay>
        </MouseMovementEvent></MouseMovement></MacroEvent><MacroEvent><Type>3</Type><Delay>0</Delay><MouseMovement>
        <MouseMovementEvent>
          <Type>3</Type>
          <X>881</X>
          <Y>167</Y>
          <Delay>20</Delay>
        </MouseMovementEvent></MouseMovement></MacroEvent><MacroEvent><Type>2</Type><Delay>0</Delay><MouseEvent><MouseButton>1</MouseButton><State>1</State></MouseEvent></MacroEvent><MacroEvent><Type>2</Type><Delay>0</Delay><MouseEvent><MouseButton>1</MouseButton><State>0</State></MouseEvent></MacroEvent><MacroEvent><Type>3</Type><Delay>0</Delay><MouseMovement>
        <MouseMovementEvent>
          <Type>3</Type>
          <X>880</X>
          <Y>167</Y>
          <Delay>20</Delay>
        </MouseMovementEvent></MouseMovement></MacroEvent><MacroEvent><Type>3</Type><Delay>0</Delay><MouseMovement>
        <MouseMovementEvent>
          <Type>3</Type>
          <X>879</X>
          <Y>168</Y>
          <Delay>20</Delay>
        </MouseMovementEvent></MouseMovement></MacroEvent><MacroEvent><Type>3</Type><Delay>0</Delay><MouseMovement>
        <MouseMovementEvent>
          <Type>3</Type>
          <X>878</X>
          <Y>168</Y>
          <Delay>19</Delay>
        </MouseMovementEvent></MouseMovement></MacroEvent><MacroEvent><Type>2</Type><Delay>0</Delay><MouseEvent><MouseButton>1</MouseButton><State>1</State></MouseEvent></MacroEvent><MacroEvent><Type>2</Type><Delay>0</Delay><MouseEvent><MouseButton>1</MouseButton><State>0</State></MouseEvent></MacroEvent><MacroEvent><Type>3</Type><Delay>0</Delay><MouseMovement>
        <MouseMovementEvent>
          <Type>3</Type>
          <X>877</X>
          <Y>169</Y>
          <Delay>39</Delay>
        </MouseMovementEvent></MouseMovement></MacroEvent><MacroEvent><Type>3</Type><Delay>0</Delay><MouseMovement>
        <MouseMovementEvent>
          <Type>3</Type>
          <X>877</X>
          <Y>170</Y>
          <Delay>20</Delay>
        </MouseMovementEvent></MouseMovement></MacroEvent><MacroEvent><Type>3</Type><Delay>0</Delay><MouseMovement>
        <MouseMovementEvent>
          <Type>3</Type>
          <X>876</X>
          <Y>171</Y>
          <Delay>20</Delay>
        </MouseMovementEvent></MouseMovement></MacroEvent><MacroEvent><Type>2</Type><Delay>0</Delay><MouseEvent><MouseButton>1</MouseButton><State>1</State></MouseEvent></MacroEvent><MacroEvent><Type>2</Type><Delay>0</Delay><MouseEvent><MouseButton>1</MouseButton><State>0</State></MouseEvent></MacroEvent><MacroEvent><Type>3</Type><Delay>0</Delay><MouseMovement>
        <MouseMovementEvent>
          <Type>3</Type>
          <X>876</X>
          <Y>172</Y>
          <Delay>20</Delay>
        </MouseMovementEvent></MouseMovement></MacroEvent><MacroEvent><Type>3</Type><Delay>0</Delay><MouseMovement>
        <MouseMovementEvent>
          <Type>3</Type>
          <X>876</X>
          <Y>173</Y>
          <Delay>19</Delay>
        </MouseMovementEvent></MouseMovement></MacroEvent><MacroEvent><Type>3</Type><Delay>0</Delay><MouseMovement>
        <MouseMovementEvent>
          <Type>3</Type>
          <X>875</X>
          <Y>174</Y>
          <Delay>39</Delay>
        </MouseMovementEvent></MouseMovement></MacroEvent><MacroEvent><Type>2</Type><Delay>0</Delay><MouseEvent><MouseButton>1</MouseButton><State>1</State></MouseEvent></MacroEvent><MacroEvent><Type>2</Type><Delay>0</Delay><MouseEvent><MouseButton>1</MouseButton><State>0</State></MouseEvent></MacroEvent><MacroEvent><Type>3</Type><Delay>0</Delay><MouseMovement>
        <MouseMovementEvent>
          <Type>3</Type>
          <X>875</X>
          <Y>175</Y>
          <Delay>20</Delay>
        </MouseMovementEvent></MouseMovement></MacroEvent><MacroEvent><Type>3</Type><Delay>0</Delay><MouseMovement>
        <MouseMovementEvent>
          <Type>3</Type>
          <X>874</X>
          <Y>175</Y>
          <Delay>20</Delay>
        </MouseMovementEvent></MouseMovement></MacroEvent><MacroEvent><Type>3</Type><Delay>0</Delay><MouseMovement>
        <MouseMovementEvent>
          <Type>3</Type>
          <X>874</X>
          <Y>176</Y>
          <Delay>19</Delay>
        </MouseMovementEvent></MouseMovement></MacroEvent><MacroEvent><Type>2</Type><Delay>0</Delay><MouseEvent><MouseButton>1</MouseButton><State>1</State></MouseEvent></MacroEvent><MacroEvent><Type>2</Type><Delay>0</Delay><MouseEvent><MouseButton>1</MouseButton><State>0</State></MouseEvent></MacroEvent><MacroEvent><Type>3</Type><Delay>0</Delay><MouseMovement>
        <MouseMovementEvent>
          <Type>3</Type>
          <X>874</X>
          <Y>178</Y>
          <Delay>19</Delay>
        </MouseMovementEvent></MouseMovement></MacroEvent><MacroEvent><Type>3</Type><Delay>0</Delay><MouseMovement>
        <MouseMovementEvent>
          <Type>3</Type>
          <X>874</X>
          <Y>179</Y>
          <Delay>20</Delay>
        </MouseMovementEvent></MouseMovement></MacroEvent><MacroEvent><Type>3</Type><Delay>0</Delay><MouseMovement>
        <MouseMovementEvent>
          <Type>3</Type>
          <X>873</X>
          <Y>180</Y>
          <Delay>19</Delay>
        </MouseMovementEvent></MouseMovement></MacroEvent><MacroEvent><Type>2</Type><Delay>0</Delay><MouseEvent><MouseButton>1</MouseButton><State>1</State></MouseEvent></MacroEvent><MacroEvent><Type>2</Type><Delay>0</Delay><MouseEvent><MouseButton>1</MouseButton><State>0</State></MouseEvent></MacroEvent><MacroEvent><Type>3</Type><Delay>0</Delay><MouseMovement>
        <MouseMovementEvent>
          <Type>3</Type>
          <X>873</X>
          <Y>181</Y>
          <Delay>278</Delay>
        </MouseMovementEvent></MouseMovement></MacroEvent><MacroEvent><Type>3</Type><Delay>0</Delay><MouseMovement>
        <MouseMovementEvent>
          <Type>3</Type>
          <X>872</X>
          <Y>182</Y>
          <Delay>20</Delay>
        </MouseMovementEvent></MouseMovement></MacroEvent><MacroEvent><Type>3</Type><Delay>0</Delay><MouseMovement>
        <MouseMovementEvent>
          <Type>3</Type>
          <X>872</X>
          <Y>183</Y>
          <Delay>39</Delay>
        </MouseMovementEvent></MouseMovement></MacroEvent><MacroEvent><Type>2</Type><Delay>0</Delay><MouseEvent><MouseButton>1</MouseButton><State>1</State></MouseEvent></MacroEvent><MacroEvent><Type>2</Type><Delay>0</Delay><MouseEvent><MouseButton>1</MouseButton><State>0</State></MouseEvent></MacroEvent><MacroEvent><Type>3</Type><Delay>0</Delay><MouseMovement>
        <MouseMovementEvent>
          <Type>3</Type>
          <X>872</X>
          <Y>184</Y>
          <Delay>20</Delay>
        </MouseMovementEvent></MouseMovement></MacroEvent><MacroEvent><Type>3</Type><Delay>0</Delay><MouseMovement>
        <MouseMovementEvent>
          <Type>3</Type>
          <X>871</X>
          <Y>185</Y>
          <Delay>19</Delay>
        </MouseMovementEvent></MouseMovement></MacroEvent><MacroEvent><Type>3</Type><Delay>0</Delay><MouseMovement>
        <MouseMovementEvent>
          <Type>3</Type>
          <X>871</X>
          <Y>186</Y>
          <Delay>20</Delay>
        </MouseMovementEvent></MouseMovement></MacroEvent><MacroEvent><Type>2</Type><Delay>0</Delay><MouseEvent><MouseButton>1</MouseButton><State>1</State></MouseEvent></MacroEvent><MacroEvent><Type>2</Type><Delay>0</Delay><MouseEvent><MouseButton>1</MouseButton><State>0</State></MouseEvent></MacroEvent><MacroEvent><Type>3</Type><Delay>0</Delay><MouseMovement>
        <MouseMovementEvent>
          <Type>3</Type>
          <X>870</X>
          <Y>187</Y>
          <Delay>20</Delay>
        </MouseMovementEvent></MouseMovement></MacroEvent><MacroEvent><Type>3</Type><Delay>0</Delay><MouseMovement>
        <MouseMovementEvent>
          <Type>3</Type>
          <X>870</X>
          <Y>188</Y>
          <Delay>39</Delay>
        </MouseMovementEvent></MouseMovement></MacroEvent><MacroEvent><Type>3</Type><Delay>0</Delay><MouseMovement>
        <MouseMovementEvent>
          <Type>3</Type>
          <X>870</X>
          <Y>189</Y>
          <Delay>20</Delay>
        </MouseMovementEvent></MouseMovement></MacroEvent><MacroEvent><Type>2</Type><Delay>0</Delay><MouseEvent><MouseButton>1</MouseButton><State>1</State></MouseEvent></MacroEvent><MacroEvent><Type>2</Type><Delay>0</Delay><MouseEvent><MouseButton>1</MouseButton><State>0</State></MouseEvent></MacroEvent><MacroEvent><Type>3</Type><Delay>0</Delay><MouseMovement>
        <MouseMovementEvent>
          <Type>3</Type>
          <X>870</X>
          <Y>190</Y>
          <Delay>19</Delay>
        </MouseMovementEvent></MouseMovement></MacroEvent><MacroEvent><Type>3</Type><Delay>0</Delay><MouseMovement>
        <MouseMovementEvent>
          <Type>3</Type>
          <X>870</X>
          <Y>191</Y>
          <Delay>19</Delay>
        </MouseMovementEvent></MouseMovement></MacroEvent><MacroEvent><Type>3</Type><Delay>0</Delay><MouseMovement>
        <MouseMovementEvent>
          <Type>3</Type>
          <X>870</X>
          <Y>192</Y>
          <Delay>20</Delay>
        </MouseMovementEvent></MouseMovement></MacroEvent><MacroEvent><Type>2</Type><Delay>0</Delay><MouseEvent><MouseButton>1</MouseButton><State>1</State></MouseEvent></MacroEvent><MacroEvent><Type>2</Type><Delay>0</Delay><MouseEvent><MouseButton>1</MouseButton><State>0</State></MouseEvent></MacroEvent><MacroEvent><Type>3</Type><Delay>0</Delay><MouseMovement>
        <MouseMovementEvent>
          <Type>3</Type>
          <X>870</X>
          <Y>193</Y>
          <Delay>59</Delay>
        </MouseMovementEvent></MouseMovement></MacroEvent><MacroEvent><Type>3</Type><Delay>0</Delay><MouseMovement>
        <MouseMovementEvent>
          <Type>3</Type>
          <X>870</X>
          <Y>194</Y>
          <Delay>20</Delay>
        </MouseMovementEvent></MouseMovement></MacroEvent><MacroEvent><Type>3</Type><Delay>0</Delay><MouseMovement>
        <MouseMovementEvent>
          <Type>3</Type>
          <X>870</X>
          <Y>195</Y>
          <Delay>19</Delay>
        </MouseMovementEvent></MouseMovement></MacroEvent><MacroEvent><Type>2</Type><Delay>0</Delay><MouseEvent><MouseButton>1</MouseButton><State>1</State></MouseEvent></MacroEvent><MacroEvent><Type>2</Type><Delay>0</Delay><MouseEvent><MouseButton>1</MouseButton><State>0</State></MouseEvent></MacroEvent><MacroEvent><Type>3</Type><Delay>0</Delay><MouseMovement>
        <MouseMovementEvent>
          <Type>3</Type>
          <X>869</X>
          <Y>195</Y>
          <Delay>19</Delay>
        </MouseMovementEvent></MouseMovement></MacroEvent><MacroEvent><Type>3</Type><Delay>0</Delay><MouseMovement>
        <MouseMovementEvent>
          <Type>3</Type>
          <X>869</X>
          <Y>196</Y>
          <Delay>20</Delay>
        </MouseMovementEvent></MouseMovement></MacroEvent><MacroEvent><Type>3</Type><Delay>0</Delay><MouseMovement>
        <MouseMovementEvent>
          <Type>3</Type>
          <X>869</X>
          <Y>197</Y>
          <Delay>20</Delay>
        </MouseMovementEvent></MouseMovement></MacroEvent><MacroEvent><Type>2</Type><Delay>0</Delay><MouseEvent><MouseButton>1</MouseButton><State>1</State></MouseEvent></MacroEvent><MacroEvent><Type>2</Type><Delay>0</Delay><MouseEvent><MouseButton>1</MouseButton><State>0</State></MouseEvent></MacroEvent><MacroEvent><Type>3</Type><Delay>0</Delay><MouseMovement>
        <MouseMovementEvent>
          <Type>3</Type>
          <X>869</X>
          <Y>198</Y>
          <Delay>20</Delay>
        </MouseMovementEvent></MouseMovement></MacroEvent><MacroEvent><Type>3</Type><Delay>0</Delay><MouseMovement>
        <MouseMovementEvent>
          <Type>3</Type>
          <X>869</X>
          <Y>199</Y>
          <Delay>19</Delay>
        </MouseMovementEvent></MouseMovement></MacroEvent><MacroEvent><Type>3</Type><Delay>0</Delay><MouseMovement>
        <MouseMovementEvent>
          <Type>3</Type>
          <X>869</X>
          <Y>200</Y>
          <Delay>20</Delay>
        </MouseMovementEvent></MouseMovement></MacroEvent><MacroEvent><Type>2</Type><Delay>0</Delay><MouseEvent><MouseButton>1</MouseButton><State>1</State></MouseEvent></MacroEvent><MacroEvent><Type>2</Type><Delay>0</Delay><MouseEvent><MouseButton>1</MouseButton><State>0</State></MouseEvent></MacroEvent><MacroEvent><Type>3</Type><Delay>0</Delay><MouseMovement>
        <MouseMovementEvent>
          <Type>3</Type>
          <X>868</X>
          <Y>201</Y>
          <Delay>18</Delay>
        </MouseMovementEvent></MouseMovement></MacroEvent><MacroEvent><Type>3</Type><Delay>0</Delay><MouseMovement>
        <MouseMovementEvent>
          <Type>3</Type>
          <X>868</X>
          <Y>202</Y>
          <Delay>20</Delay>
        </MouseMovementEvent></MouseMovement></MacroEvent><MacroEvent><Type>3</Type><Delay>0</Delay><MouseMovement>
        <MouseMovementEvent>
          <Type>3</Type>
          <X>868</X>
          <Y>203</Y>
          <Delay>40</Delay>
        </MouseMovementEvent></MouseMovement></MacroEvent><MacroEvent><Type>2</Type><Delay>0</Delay><MouseEvent><MouseButton>1</MouseButton><State>1</State></MouseEvent></MacroEvent><MacroEvent><Type>2</Type><Delay>0</Delay><MouseEvent><MouseButton>1</MouseButton><State>0</State></MouseEvent></MacroEvent><MacroEvent><Type>3</Type><Delay>0</Delay><MouseMovement>
        <MouseMovementEvent>
          <Type>3</Type>
          <X>868</X>
          <Y>204</Y>
          <Delay>19</Delay>
        </MouseMovementEvent></MouseMovement></MacroEvent><MacroEvent><Type>3</Type><Delay>0</Delay><MouseMovement>
        <MouseMovementEvent>
          <Type>3</Type>
          <X>867</X>
          <Y>205</Y>
          <Delay>20</Delay>
        </MouseMovementEvent></MouseMovement></MacroEvent><MacroEvent><Type>3</Type><Delay>0</Delay><MouseMovement>
        <MouseMovementEvent>
          <Type>3</Type>
          <X>866</X>
          <Y>206</Y>
          <Delay>20</Delay>
        </MouseMovementEvent></MouseMovement></MacroEvent><MacroEvent><Type>2</Type><Delay>0</Delay><MouseEvent><MouseButton>1</MouseButton><State>1</State></MouseEvent></MacroEvent><MacroEvent><Type>2</Type><Delay>0</Delay><MouseEvent><MouseButton>1</MouseButton><State>0</State></MouseEvent></MacroEvent><MacroEvent><Type>3</Type><Delay>0</Delay><MouseMovement>
        <MouseMovementEvent>
          <Type>3</Type>
          <X>865</X>
          <Y>208</Y>
          <Delay>18</Delay>
        </MouseMovementEvent></MouseMovement></MacroEvent><MacroEvent><Type>3</Type><Delay>0</Delay><MouseMovement>
        <MouseMovementEvent>
          <Type>3</Type>
          <X>865</X>
          <Y>210</Y>
          <Delay>20</Delay>
        </MouseMovementEvent></MouseMovement></MacroEvent><MacroEvent><Type>3</Type><Delay>0</Delay><MouseMovement>
        <MouseMovementEvent>
          <Type>3</Type>
          <X>865</X>
          <Y>211</Y>
          <Delay>20</Delay>
        </MouseMovementEvent></MouseMovement></MacroEvent><MacroEvent><Type>2</Type><Delay>0</Delay><MouseEvent><MouseButton>1</MouseButton><State>1</State></MouseEvent></MacroEvent><MacroEvent><Type>2</Type><Delay>0</Delay><MouseEvent><MouseButton>1</MouseButton><State>0</State></MouseEvent></MacroEvent><MacroEvent><Type>3</Type><Delay>0</Delay><MouseMovement>
        <MouseMovementEvent>
          <Type>3</Type>
          <X>864</X>
          <Y>212</Y>
          <Delay>20</Delay>
        </MouseMovementEvent></MouseMovement></MacroEvent><MacroEvent><Type>3</Type><Delay>0</Delay><MouseMovement>
        <MouseMovementEvent>
          <Type>3</Type>
          <X>863</X>
          <Y>213</Y>
          <Delay>19</Delay>
        </MouseMovementEvent></MouseMovement></MacroEvent><MacroEvent><Type>3</Type><Delay>0</Delay><MouseMovement>
        <MouseMovementEvent>
          <Type>3</Type>
          <X>863</X>
          <Y>214</Y>
          <Delay>20</Delay>
        </MouseMovementEvent></MouseMovement></MacroEvent><MacroEvent><Type>2</Type><Delay>0</Delay><MouseEvent><MouseButton>1</MouseButton><State>1</State></MouseEvent></MacroEvent><MacroEvent><Type>2</Type><Delay>0</Delay><MouseEvent><MouseButton>1</MouseButton><State>0</State></MouseEvent></MacroEvent><MacroEvent><Type>3</Type><Delay>0</Delay><MouseMovement>
        <MouseMovementEvent>
          <Type>3</Type>
          <X>862</X>
          <Y>215</Y>
          <Delay>19</Delay>
        </MouseMovementEvent></MouseMovement></MacroEvent><MacroEvent><Type>3</Type><Delay>0</Delay><MouseMovement>
        <MouseMovementEvent>
          <Type>3</Type>
          <X>862</X>
          <Y>216</Y>
          <Delay>20</Delay>
        </MouseMovementEvent></MouseMovement></MacroEvent><MacroEvent><Type>3</Type><Delay>0</Delay><MouseMovement>
        <MouseMovementEvent>
          <Type>3</Type>
          <X>862</X>
          <Y>217</Y>
          <Delay>20</Delay>
        </MouseMovementEvent></MouseMovement></MacroEvent><MacroEvent><Type>2</Type><Delay>0</Delay><MouseEvent><MouseButton>1</MouseButton><State>1</State></MouseEvent></MacroEvent><MacroEvent><Type>2</Type><Delay>0</Delay><MouseEvent><MouseButton>1</MouseButton><State>0</State></MouseEvent></MacroEvent><MacroEvent><Type>3</Type><Delay>0</Delay><MouseMovement>
        <MouseMovementEvent>
          <Type>3</Type>
          <X>861</X>
          <Y>218</Y>
          <Delay>20</Delay>
        </MouseMovementEvent></MouseMovement></MacroEvent><MacroEvent><Type>3</Type><Delay>0</Delay><MouseMovement>
        <MouseMovementEvent>
          <Type>3</Type>
          <X>860</X>
          <Y>219</Y>
          <Delay>20</Delay>
        </MouseMovementEvent></MouseMovement></MacroEvent><MacroEvent><Type>3</Type><Delay>0</Delay><MouseMovement>
        <MouseMovementEvent>
          <Type>3</Type>
          <X>860</X>
          <Y>220</Y>
          <Delay>19</Delay>
        </MouseMovementEvent></MouseMovement></MacroEvent><MacroEvent><Type>2</Type><Delay>0</Delay><MouseEvent><MouseButton>1</MouseButton><State>1</State></MouseEvent></MacroEvent><MacroEvent><Type>2</Type><Delay>0</Delay><MouseEvent><MouseButton>1</MouseButton><State>0</State></MouseEvent></MacroEvent><MacroEvent><Type>3</Type><Delay>0</Delay><MouseMovement>
        <MouseMovementEvent>
          <Type>3</Type>
          <X>859</X>
          <Y>221</Y>
          <Delay>19</Delay>
        </MouseMovementEvent></MouseMovement></MacroEvent><MacroEvent><Type>3</Type><Delay>0</Delay><MouseMovement>
        <MouseMovementEvent>
          <Type>3</Type>
          <X>858</X>
          <Y>223</Y>
          <Delay>19</Delay>
        </MouseMovementEvent></MouseMovement></MacroEvent><MacroEvent><Type>3</Type><Delay>0</Delay><MouseMovement>
        <MouseMovementEvent>
          <Type>3</Type>
          <X>858</X>
          <Y>225</Y>
          <Delay>20</Delay>
        </MouseMovementEvent></MouseMovement></MacroEvent><MacroEvent><Type>2</Type><Delay>0</Delay><MouseEvent><MouseButton>1</MouseButton><State>1</State></MouseEvent></MacroEvent><MacroEvent><Type>2</Type><Delay>0</Delay><MouseEvent><MouseButton>1</MouseButton><State>0</State></MouseEvent></MacroEvent><MacroEvent><Type>3</Type><Delay>0</Delay><MouseMovement>
        <MouseMovementEvent>
          <Type>3</Type>
          <X>858</X>
          <Y>226</Y>
          <Delay>20</Delay>
        </MouseMovementEvent></MouseMovement></MacroEvent><MacroEvent><Type>3</Type><Delay>0</Delay><MouseMovement>
        <MouseMovementEvent>
          <Type>3</Type>
          <X>858</X>
          <Y>227</Y>
          <Delay>20</Delay>
        </MouseMovementEvent></MouseMovement></MacroEvent><MacroEvent><Type>3</Type><Delay>0</Delay><MouseMovement>
        <MouseMovementEvent>
          <Type>3</Type>
          <X>858</X>
          <Y>228</Y>
          <Delay>19</Delay>
        </MouseMovementEvent></MouseMovement></MacroEvent><MacroEvent><Type>2</Type><Delay>0</Delay><MouseEvent><MouseButton>1</MouseButton><State>1</State></MouseEvent></MacroEvent><MacroEvent><Type>2</Type><Delay>0</Delay><MouseEvent><MouseButton>1</MouseButton><State>0</State></MouseEvent></MacroEvent><MacroEvent><Type>3</Type><Delay>0</Delay><MouseMovement>
        <MouseMovementEvent>
          <Type>3</Type>
          <X>858</X>
          <Y>229</Y>
          <Delay>20</Delay>
        </MouseMovementEvent></MouseMovement></MacroEvent><MacroEvent><Type>3</Type><Delay>0</Delay><MouseMovement>
        <MouseMovementEvent>
          <Type>3</Type>
          <X>857</X>
          <Y>230</Y>
          <Delay>19</Delay>
        </MouseMovementEvent></MouseMovement></MacroEvent><MacroEvent><Type>3</Type><Delay>0</Delay><MouseMovement>
      </MouseMovement>
    </MacroEvent>
    <MacroEvent>
      <Type>2</Type>
      <Delay>300</Delay>
      <MouseEvent>
        <MouseButton>1</MouseButton>
        <State>1</State>
      </MouseEvent>
    </MacroEvent>
  </MacroEvents>
  <IsFolder>false</IsFolder>
  <FolderGuid>00000000-0000-0000-0000-000000000000</FolderGuid>
</Macro>