﻿<?xml version="1.0" encoding="utf-8"?>
<Macro xmlns:xsi="http://www.w3.org/2001/XMLSchema-instance" xmlns:xsd="http://www.w3.org/2001/XMLSchema">
  <Name>ColdWar-AUG-Scope</Name>
  <Guid>51ad5b61-84b2-482f-b1a3-6fc5f28a756e</Guid>
  <MacroEvents>
    <MacroEvent>
      <Type>2</Type>
      <Delay>17</Delay>
      <MouseEvent>
        <MouseButton>1</MouseButton>
        <State>0</State>
      </MouseEvent>
    </MacroEvent>
    <MacroEvent>
      <Type>2</Type>
      <Delay>9</Delay>
      <MouseEvent>
        <MouseButton>1</MouseButton>
        <State>1</State>
      </MouseEvent>
    </MacroEvent>
    <MacroEvent>
      <Type>3</Type>
      <Delay>33</Delay>
      <MouseMovement>
        <MouseMovementEvent>
          <Type>3</Type>
          <X>813</X>
          <Y>169</Y>
        </MouseMovementEvent>
        <MouseMovementEvent>
          <Type>3</Type>
          <X>813</X>
          <Y>170</Y>
          <Delay>12</Delay>
        </MouseMovementEvent>
        <MouseMovementEvent>
          <Type>3</Type>
          <X>813</X>
          <Y>171</Y>
          <Delay>42</Delay>
        </MouseMovementEvent>
      </MouseMovement>
    </MacroEvent>
    <MacroEvent>
      <Type>2</Type>
      <Delay>12</Delay>
      <MouseEvent>
        <MouseButton>1</MouseButton>
        <State>0</State>
      </MouseEvent>
    </MacroEvent>
    <MacroEvent>
      <Type>2</Type>
      <Delay>16</Delay>
      <MouseEvent>
        <MouseButton>1</MouseButton>
        <State>1</State>
      </MouseEvent>
    </MacroEvent>
    <MacroEvent>
      <Type>3</Type>
      <Delay>38</Delay>
      <MouseMovement>
        <MouseMovementEvent>
          <Type>3</Type>
          <X>813</X>
          <Y>172</Y>
        </MouseMovementEvent>
      </MouseMovement>
    </MacroEvent>
    <MacroEvent>
      <Type>2</Type>
      <Delay>55</Delay>
      <MouseEvent>
        <MouseButton>1</MouseButton>
        <State>0</State>
      </MouseEvent>
    </MacroEvent>
    <MacroEvent>
      <Type>2</Type>
      <Delay>9</Delay>
      <MouseEvent>
        <MouseButton>1</MouseButton>
        <State>1</State>
      </MouseEvent>
    </MacroEvent>
    <MacroEvent>
      <Type>3</Type>
      <Delay>33</Delay>
      <MouseMovement>
        <MouseMovementEvent>
          <Type>3</Type>
          <X>813</X>
          <Y>173</Y>
        </MouseMovementEvent>
        <MouseMovementEvent>
          <Type>3</Type>
          <X>813</X>
          <Y>174</Y>
          <Delay>13</Delay>
        </MouseMovementEvent>
        <MouseMovementEvent>
          <Type>3</Type>
          <X>813</X>
          <Y>175</Y>
          <Delay>41</Delay>
        </MouseMovementEvent>
      </MouseMovement>
    </MacroEvent>
    <MacroEvent>
      <Type>2</Type>
      <Delay>12</Delay>
      <MouseEvent>
        <MouseButton>1</MouseButton>
        <State>0</State>
      </MouseEvent>
    </MacroEvent>
    <MacroEvent>
      <Type>2</Type>
      <Delay>9</Delay>
      <MouseEvent>
        <MouseButton>1</MouseButton>
        <State>1</State>
      </MouseEvent>
    </MacroEvent>
    <MacroEvent>
      <Type>3</Type>
      <Delay>45</Delay>
      <MouseMovement>
        <MouseMovementEvent>
          <Type>3</Type>
          <X>813</X>
          <Y>176</Y>
        </MouseMovementEvent>
      </MouseMovement>
    </MacroEvent>
    <MacroEvent>
      <Type>2</Type>
      <Delay>55</Delay>
      <MouseEvent>
        <MouseButton>1</MouseButton>
        <State>0</State>
      </MouseEvent>
    </MacroEvent>
    <MacroEvent>
      <Type>2</Type>
      <Delay>10</Delay>
      <MouseEvent>
        <MouseButton>1</MouseButton>
        <State>1</State>
      </MouseEvent>
    </MacroEvent>
    <MacroEvent>
      <Type>3</Type>
      <Delay>32</Delay>
      <MouseMovement>
        <MouseMovementEvent>
          <Type>3</Type>
          <X>813</X>
          <Y>177</Y>
        </MouseMovementEvent>
        <MouseMovementEvent>
          <Type>3</Type>
          <X>813</X>
          <Y>178</Y>
          <Delay>14</Delay>
        </MouseMovementEvent>
        <MouseMovementEvent>
          <Type>3</Type>
          <X>813</X>
          <Y>179</Y>
          <Delay>40</Delay>
        </MouseMovementEvent>
      </MouseMovement>
    </MacroEvent>
    <MacroEvent>
      <Type>2</Type>
      <Delay>12</Delay>
      <MouseEvent>
        <MouseButton>1</MouseButton>
        <State>0</State>
      </MouseEvent>
    </MacroEvent>
    <MacroEvent>
      <Type>2</Type>
      <Delay>10</Delay>
      <MouseEvent>
        <MouseButton>1</MouseButton>
        <State>1</State>
      </MouseEvent>
    </MacroEvent>
    <MacroEvent>
      <Type>3</Type>
      <Delay>44</Delay>
      <MouseMovement>
        <MouseMovementEvent>
          <Type>3</Type>
          <X>813</X>
          <Y>180</Y>
        </MouseMovementEvent>
      </MouseMovement>
    </MacroEvent>
    <MacroEvent>
      <Type>2</Type>
      <Delay>55</Delay>
      <MouseEvent>
        <MouseButton>1</MouseButton>
        <State>0</State>
      </MouseEvent>
    </MacroEvent>
    <MacroEvent>
      <Type>2</Type>
      <Delay>9</Delay>
      <MouseEvent>
        <MouseButton>1</MouseButton>
        <State>1</State>
      </MouseEvent>
    </MacroEvent>
    <MacroEvent>
      <Type>3</Type>
      <Delay>33</Delay>
      <MouseMovement>
        <MouseMovementEvent>
          <Type>3</Type>
          <X>813</X>
          <Y>181</Y>
        </MouseMovementEvent>
        <MouseMovementEvent>
          <Type>3</Type>
          <X>813</X>
          <Y>182</Y>
          <Delay>14</Delay>
        </MouseMovementEvent>
        <MouseMovementEvent>
          <Type>3</Type>
          <X>813</X>
          <Y>183</Y>
          <Delay>40</Delay>
        </MouseMovementEvent>
      </MouseMovement>
    </MacroEvent>
    <MacroEvent>
      <Type>2</Type>
      <Delay>12</Delay>
      <MouseEvent>
        <MouseButton>1</MouseButton>
        <State>0</State>
      </MouseEvent>
    </MacroEvent>
    <MacroEvent>
      <Type>2</Type>
      <Delay>9</Delay>
      <MouseEvent>
        <MouseButton>1</MouseButton>
        <State>1</State>
      </MouseEvent>
    </MacroEvent>
    <MacroEvent>
      <Type>3</Type>
      <Delay>45</Delay>
      <MouseMovement>
        <MouseMovementEvent>
          <Type>3</Type>
          <X>813</X>
          <Y>184</Y>
        </MouseMovementEvent>
      </MouseMovement>
    </MacroEvent>
    <MacroEvent>
      <Type>2</Type>
      <Delay>55</Delay>
      <MouseEvent>
        <MouseButton>1</MouseButton>
        <State>0</State>
      </MouseEvent>
    </MacroEvent>
    <MacroEvent>
      <Type>2</Type>
      <Delay>10</Delay>
      <MouseEvent>
        <MouseButton>1</MouseButton>
        <State>1</State>
      </MouseEvent>
    </MacroEvent>
    <MacroEvent>
      <Type>3</Type>
      <Delay>45</Delay>
      <MouseMovement>
        <MouseMovementEvent>
          <Type>3</Type>
          <X>813</X>
          <Y>185</Y>
        </MouseMovementEvent>
      </MouseMovement>
    </MacroEvent>
    <MacroEvent>
      <Type>2</Type>
      <Delay>56</Delay>
      <MouseEvent>
        <MouseButton>1</MouseButton>
        <State>0</State>
      </MouseEvent>
    </MacroEvent>
    <MacroEvent>
      <Type>2</Type>
      <Delay>9</Delay>
      <MouseEvent>
        <MouseButton>1</MouseButton>
        <State>1</State>
      </MouseEvent>
    </MacroEvent>
    <MacroEvent>
      <Type>3</Type>
      <Delay>45</Delay>
      <MouseMovement>
        <MouseMovementEvent>
          <Type>3</Type>
          <X>813</X>
          <Y>186</Y>
        </MouseMovementEvent>
      </MouseMovement>
    </MacroEvent>
    <MacroEvent>
      <Type>2</Type>
      <Delay>55</Delay>
      <MouseEvent>
        <MouseButton>1</MouseButton>
        <State>0</State>
      </MouseEvent>
    </MacroEvent>
    <MacroEvent>
      <Type>2</Type>
      <Delay>10</Delay>
      <MouseEvent>
        <MouseButton>1</MouseButton>
        <State>1</State>
      </MouseEvent>
    </MacroEvent>
    <MacroEvent>
      <Type>3</Type>
      <Delay>44</Delay>
      <MouseMovement>
        <MouseMovementEvent>
          <Type>3</Type>
          <X>813</X>
          <Y>187</Y>
        </MouseMovementEvent>
      </MouseMovement>
    </MacroEvent>
    <MacroEvent>
      <Type>2</Type>
      <Delay>56</Delay>
      <MouseEvent>
        <MouseButton>1</MouseButton>
        <State>0</State>
      </MouseEvent>
    </MacroEvent>
    <MacroEvent>
      <Type>2</Type>
      <Delay>10</Delay>
      <MouseEvent>
        <MouseButton>1</MouseButton>
        <State>1</State>
      </MouseEvent>
    </MacroEvent>
    <MacroEvent>
      <Type>3</Type>
      <Delay>43</Delay>
      <MouseMovement>
        <MouseMovementEvent>
          <Type>3</Type>
          <X>813</X>
          <Y>188</Y>
        </MouseMovementEvent>
      </MouseMovement>
    </MacroEvent>
    <MacroEvent>
      <Type>2</Type>
      <Delay>55</Delay>
      <MouseEvent>
        <MouseButton>1</MouseButton>
        <State>0</State>
      </MouseEvent>
    </MacroEvent>
    <MacroEvent>
      <Type>2</Type>
      <Delay>9</Delay>
      <MouseEvent>
        <MouseButton>1</MouseButton>
        <State>1</State>
      </MouseEvent>
    </MacroEvent>
    <MacroEvent>
      <Type>3</Type>
      <Delay>46</Delay>
      <MouseMovement>
        <MouseMovementEvent>
          <Type>3</Type>
          <X>813</X>
          <Y>189</Y>
        </MouseMovementEvent>
      </MouseMovement>
    </MacroEvent>
    <MacroEvent>
      <Type>2</Type>
      <Delay>55</Delay>
      <MouseEvent>
        <MouseButton>1</MouseButton>
        <State>0</State>
      </MouseEvent>
    </MacroEvent>
    <MacroEvent>
      <Type>2</Type>
      <Delay>18</Delay>
      <MouseEvent>
        <MouseButton>1</MouseButton>
        <State>1</State>
      </MouseEvent>
    </MacroEvent>
    <MacroEvent>
      <Type>3</Type>
      <Delay>36</Delay>
      <MouseMovement>
        <MouseMovementEvent>
          <Type>3</Type>
          <X>813</X>
          <Y>190</Y>
        </MouseMovementEvent>
      </MouseMovement>
    </MacroEvent>
    <MacroEvent>
      <Type>2</Type>
      <Delay>55</Delay>
      <MouseEvent>
        <MouseButton>1</MouseButton>
        <State>0</State>
      </MouseEvent>
    </MacroEvent>
    <MacroEvent>
      <Type>2</Type>
      <Delay>9</Delay>
      <MouseEvent>
        <MouseButton>1</MouseButton>
        <State>1</State>
      </MouseEvent>
    </MacroEvent>
    <MacroEvent>
      <Type>3</Type>
      <Delay>33</Delay>
      <MouseMovement>
        <MouseMovementEvent>
          <Type>3</Type>
          <X>813</X>
          <Y>191</Y>
        </MouseMovementEvent>
        <MouseMovementEvent>
          <Type>3</Type>
          <X>813</X>
          <Y>192</Y>
          <Delay>16</Delay>
        </MouseMovementEvent>
        <MouseMovementEvent>
          <Type>3</Type>
          <X>813</X>
          <Y>193</Y>
          <Delay>39</Delay>
        </MouseMovementEvent>
      </MouseMovement>
    </MacroEvent>
    <MacroEvent>
      <Type>2</Type>
      <Delay>12</Delay>
      <MouseEvent>
        <MouseButton>1</MouseButton>
        <State>0</State>
      </MouseEvent>
    </MacroEvent>
    <MacroEvent>
      <Type>2</Type>
      <Delay>11</Delay>
      <MouseEvent>
        <MouseButton>1</MouseButton>
        <State>1</State>
      </MouseEvent>
    </MacroEvent>
    <MacroEvent>
      <Type>3</Type>
      <Delay>43</Delay>
      <MouseMovement>
        <MouseMovementEvent>
          <Type>3</Type>
          <X>813</X>
          <Y>194</Y>
        </MouseMovementEvent>
      </MouseMovement>
    </MacroEvent>
    <MacroEvent>
      <Type>2</Type>
      <Delay>55</Delay>
      <MouseEvent>
        <MouseButton>1</MouseButton>
        <State>0</State>
      </MouseEvent>
    </MacroEvent>
    <MacroEvent>
      <Type>2</Type>
      <Delay>12</Delay>
      <MouseEvent>
        <MouseButton>1</MouseButton>
        <State>1</State>
      </MouseEvent>
    </MacroEvent>
    <MacroEvent>
      <Type>3</Type>
      <Delay>30</Delay>
      <MouseMovement>
        <MouseMovementEvent>
          <Type>3</Type>
          <X>813</X>
          <Y>195</Y>
        </MouseMovementEvent>
        <MouseMovementEvent>
          <Type>3</Type>
          <X>813</X>
          <Y>196</Y>
          <Delay>16</Delay>
        </MouseMovementEvent>
        <MouseMovementEvent>
          <Type>3</Type>
          <X>813</X>
          <Y>197</Y>
          <Delay>38</Delay>
        </MouseMovementEvent>
      </MouseMovement>
    </MacroEvent>
    <MacroEvent>
      <Type>2</Type>
      <Delay>12</Delay>
      <MouseEvent>
        <MouseButton>1</MouseButton>
        <State>0</State>
      </MouseEvent>
    </MacroEvent>
    <MacroEvent>
      <Type>2</Type>
      <Delay>10</Delay>
      <MouseEvent>
        <MouseButton>1</MouseButton>
        <State>1</State>
      </MouseEvent>
    </MacroEvent>
    <MacroEvent>
      <Type>3</Type>
      <Delay>67</Delay>
      <MouseMovement>
        <MouseMovementEvent>
          <Type>3</Type>
          <X>813</X>
          <Y>198</Y>
        </MouseMovementEvent>
      </MouseMovement>
    </MacroEvent>
    <MacroEvent>
      <Type>2</Type>
      <Delay>32</Delay>
      <MouseEvent>
        <MouseButton>1</MouseButton>
        <State>0</State>
      </MouseEvent>
    </MacroEvent>
    <MacroEvent>
      <Type>2</Type>
      <Delay>11</Delay>
      <MouseEvent>
        <MouseButton>1</MouseButton>
        <State>1</State>
      </MouseEvent>
    </MacroEvent>
    <MacroEvent>
      <Type>3</Type>
      <Delay>31</Delay>
      <MouseMovement>
        <MouseMovementEvent>
          <Type>3</Type>
          <X>813</X>
          <Y>199</Y>
        </MouseMovementEvent>
        <MouseMovementEvent>
          <Type>3</Type>
          <X>813</X>
          <Y>200</Y>
          <Delay>14</Delay>
        </MouseMovementEvent>
        <MouseMovementEvent>
          <Type>3</Type>
          <X>813</X>
          <Y>201</Y>
          <Delay>40</Delay>
        </MouseMovementEvent>
      </MouseMovement>
    </MacroEvent>
    <MacroEvent>
      <Type>2</Type>
      <Delay>12</Delay>
      <MouseEvent>
        <MouseButton>1</MouseButton>
        <State>0</State>
      </MouseEvent>
    </MacroEvent>
    <MacroEvent>
      <Type>2</Type>
      <Delay>10</Delay>
      <MouseEvent>
        <MouseButton>1</MouseButton>
        <State>1</State>
      </MouseEvent>
    </MacroEvent>
    <MacroEvent>
      <Type>3</Type>
      <Delay>65</Delay>
      <MouseMovement>
        <MouseMovementEvent>
          <Type>3</Type>
          <X>813</X>
          <Y>202</Y>
        </MouseMovementEvent>
      </MouseMovement>
    </MacroEvent>
    <MacroEvent>
      <Type>2</Type>
      <Delay>34</Delay>
      <MouseEvent>
        <MouseButton>1</MouseButton>
        <State>0</State>
      </MouseEvent>
    </MacroEvent>
    <MacroEvent>
      <Type>2</Type>
      <Delay>10</Delay>
      <MouseEvent>
        <MouseButton>1</MouseButton>
        <State>1</State>
      </MouseEvent>
    </MacroEvent>
    <MacroEvent>
      <Type>3</Type>
      <Delay>32</Delay>
      <MouseMovement>
        <MouseMovementEvent>
          <Type>3</Type>
          <X>813</X>
          <Y>203</Y>
        </MouseMovementEvent>
        <MouseMovementEvent>
          <Type>3</Type>
          <X>813</X>
          <Y>204</Y>
          <Delay>12</Delay>
        </MouseMovementEvent>
        <MouseMovementEvent>
          <Type>3</Type>
          <X>813</X>
          <Y>205</Y>
          <Delay>43</Delay>
        </MouseMovementEvent>
      </MouseMovement>
    </MacroEvent>
    <MacroEvent>
      <Type>2</Type>
      <Delay>12</Delay>
      <MouseEvent>
        <MouseButton>1</MouseButton>
        <State>0</State>
      </MouseEvent>
    </MacroEvent>
    <MacroEvent>
      <Type>2</Type>
      <Delay>10</Delay>
      <MouseEvent>
        <MouseButton>1</MouseButton>
        <State>1</State>
      </MouseEvent>
    </MacroEvent>
    <MacroEvent>
      <Type>3</Type>
      <Delay>71</Delay>
      <MouseMovement>
        <MouseMovementEvent>
          <Type>3</Type>
          <X>813</X>
          <Y>206</Y>
        </MouseMovementEvent>
      </MouseMovement>
    </MacroEvent>
    <MacroEvent>
      <Type>2</Type>
      <Delay>28</Delay>
      <MouseEvent>
        <MouseButton>1</MouseButton>
        <State>0</State>
      </MouseEvent>
    </MacroEvent>
    <MacroEvent>
      <Type>2</Type>
      <Delay>11</Delay>
      <MouseEvent>
        <MouseButton>1</MouseButton>
        <State>1</State>
      </MouseEvent>
    </MacroEvent>
    <MacroEvent>
      <Type>3</Type>
      <Delay>32</Delay>
      <MouseMovement>
        <MouseMovementEvent>
          <Type>3</Type>
          <X>813</X>
          <Y>207</Y>
        </MouseMovementEvent>
        <MouseMovementEvent>
          <Type>3</Type>
          <X>813</X>
          <Y>208</Y>
          <Delay>14</Delay>
        </MouseMovementEvent>
        <MouseMovementEvent>
          <Type>3</Type>
          <X>813</X>
          <Y>209</Y>
          <Delay>39</Delay>
        </MouseMovementEvent>
      </MouseMovement>
    </MacroEvent>
    <MacroEvent>
      <Type>2</Type>
      <Delay>12</Delay>
      <MouseEvent>
        <MouseButton>1</MouseButton>
        <State>0</State>
      </MouseEvent>
    </MacroEvent>
    <MacroEvent>
      <Type>2</Type>
      <Delay>15</Delay>
      <MouseEvent>
        <MouseButton>1</MouseButton>
        <State>1</State>
      </MouseEvent>
    </MacroEvent>
    <MacroEvent>
      <Type>3</Type>
      <Delay>75</Delay>
      <MouseMovement>
        <MouseMovementEvent>
          <Type>3</Type>
          <X>813</X>
          <Y>210</Y>
        </MouseMovementEvent>
      </MouseMovement>
    </MacroEvent>
    <MacroEvent>
      <Type>2</Type>
      <Delay>21</Delay>
      <MouseEvent>
        <MouseButton>1</MouseButton>
        <State>0</State>
      </MouseEvent>
    </MacroEvent>
    <MacroEvent>
      <Type>2</Type>
      <Delay>15</Delay>
      <MouseEvent>
        <MouseButton>1</MouseButton>
        <State>1</State>
      </MouseEvent>
    </MacroEvent>
    <MacroEvent>
      <Type>3</Type>
      <Delay>25</Delay>
      <MouseMovement>
        <MouseMovementEvent>
          <Type>3</Type>
          <X>813</X>
          <Y>211</Y>
        </MouseMovementEvent>
        <MouseMovementEvent>
          <Type>3</Type>
          <X>813</X>
          <Y>212</Y>
          <Delay>15</Delay>
        </MouseMovementEvent>
        <MouseMovementEvent>
          <Type>3</Type>
          <X>813</X>
          <Y>213</Y>
          <Delay>40</Delay>
        </MouseMovementEvent>
      </MouseMovement>
    </MacroEvent>
    <MacroEvent>
      <Type>2</Type>
      <Delay>12</Delay>
      <MouseEvent>
        <MouseButton>1</MouseButton>
        <State>0</State>
      </MouseEvent>
    </MacroEvent>
    <MacroEvent>
      <Type>2</Type>
      <Delay>12</Delay>
      <MouseEvent>
        <MouseButton>1</MouseButton>
        <State>1</State>
      </MouseEvent>
    </MacroEvent>
    <MacroEvent>
      <Type>3</Type>
      <Delay>82</Delay>
      <MouseMovement>
        <MouseMovementEvent>
          <Type>3</Type>
          <X>813</X>
          <Y>214</Y>
        </MouseMovementEvent>
      </MouseMovement>
    </MacroEvent>
    <MacroEvent>
      <Type>2</Type>
      <Delay>19</Delay>
      <MouseEvent>
        <MouseButton>1</MouseButton>
        <State>0</State>
      </MouseEvent>
    </MacroEvent>
    <MacroEvent>
      <Type>2</Type>
      <Delay>15</Delay>
      <MouseEvent>
        <MouseButton>1</MouseButton>
        <State>1</State>
      </MouseEvent>
    </MacroEvent>
    <MacroEvent>
      <Type>3</Type>
      <Delay>28</Delay>
      <MouseMovement>
        <MouseMovementEvent>
          <Type>3</Type>
          <X>813</X>
          <Y>215</Y>
        </MouseMovementEvent>
        <MouseMovementEvent>
          <Type>3</Type>
          <X>813</X>
          <Y>216</Y>
          <Delay>12</Delay>
        </MouseMovementEvent>
        <MouseMovementEvent>
          <Type>3</Type>
          <X>813</X>
          <Y>217</Y>
          <Delay>38</Delay>
        </MouseMovementEvent>
      </MouseMovement>
    </MacroEvent>
    <MacroEvent>
      <Type>2</Type>
      <Delay>12</Delay>
      <MouseEvent>
        <MouseButton>1</MouseButton>
        <State>0</State>
      </MouseEvent>
    </MacroEvent>
    <MacroEvent>
      <Type>2</Type>
      <Delay>12</Delay>
      <MouseEvent>
        <MouseButton>1</MouseButton>
        <State>1</State>
      </MouseEvent>
    </MacroEvent>
    <MacroEvent>
      <Type>3</Type>
      <Delay>85</Delay>
      <MouseMovement>
        <MouseMovementEvent>
          <Type>3</Type>
          <X>813</X>
          <Y>218</Y>
        </MouseMovementEvent>
      </MouseMovement>
    </MacroEvent>
    <MacroEvent>
      <Type>2</Type>
      <Delay>14</Delay>
      <MouseEvent>
        <MouseButton>1</MouseButton>
        <State>0</State>
      </MouseEvent>
    </MacroEvent>
    <MacroEvent>
      <Type>2</Type>
      <Delay>11</Delay>
      <MouseEvent>
        <MouseButton>1</MouseButton>
        <State>1</State>
      </MouseEvent>
    </MacroEvent>
    <MacroEvent>
      <Type>3</Type>
      <Delay>30</Delay>
      <MouseMovement>
        <MouseMovementEvent>
          <Type>3</Type>
          <X>813</X>
          <Y>219</Y>
        </MouseMovementEvent>
        <MouseMovementEvent>
          <Type>3</Type>
          <X>813</X>
          <Y>220</Y>
          <Delay>19</Delay>
        </MouseMovementEvent>
        <MouseMovementEvent>
          <Type>3</Type>
          <X>813</X>
          <Y>221</Y>
          <Delay>36</Delay>
        </MouseMovementEvent>
      </MouseMovement>
    </MacroEvent>
    <MacroEvent>
      <Type>2</Type>
      <Delay>12</Delay>
      <MouseEvent>
        <MouseButton>1</MouseButton>
        <State>0</State>
      </MouseEvent>
    </MacroEvent>
    <MacroEvent>
      <Type>2</Type>
      <Delay>10</Delay>
      <MouseEvent>
        <MouseButton>1</MouseButton>
        <State>1</State>
      </MouseEvent>
    </MacroEvent>
    <MacroEvent>
      <Type>3</Type>
      <Delay>88</Delay>
      <MouseMovement>
        <MouseMovementEvent>
          <Type>3</Type>
          <X>813</X>
          <Y>222</Y>
        </MouseMovementEvent>
      </MouseMovement>
    </MacroEvent>
    <MacroEvent>
      <Type>2</Type>
      <Delay>16</Delay>
      <MouseEvent>
        <MouseButton>1</MouseButton>
        <State>0</State>
      </MouseEvent>
    </MacroEvent>
    <MacroEvent>
      <Type>2</Type>
      <Delay>11</Delay>
      <MouseEvent>
        <MouseButton>1</MouseButton>
        <State>1</State>
      </MouseEvent>
    </MacroEvent>
    <MacroEvent>
      <Type>3</Type>
      <Delay>28</Delay>
      <MouseMovement>
        <MouseMovementEvent>
          <Type>3</Type>
          <X>813</X>
          <Y>223</Y>
        </MouseMovementEvent>
        <MouseMovementEvent>
          <Type>3</Type>
          <X>813</X>
          <Y>224</Y>
          <Delay>15</Delay>
        </MouseMovementEvent>
        <MouseMovementEvent>
          <Type>3</Type>
          <X>813</X>
          <Y>225</Y>
          <Delay>38</Delay>
        </MouseMovementEvent>
      </MouseMovement>
    </MacroEvent>
    <MacroEvent>
      <Type>2</Type>
      <Delay>12</Delay>
      <MouseEvent>
        <MouseButton>1</MouseButton>
        <State>0</State>
      </MouseEvent>
    </MacroEvent>
    <MacroEvent>
      <Type>2</Type>
      <Delay>11</Delay>
      <MouseEvent>
        <MouseButton>1</MouseButton>
        <State>1</State>
      </MouseEvent>
    </MacroEvent>
    <MacroEvent>
      <Type>3</Type>
      <Delay>93</Delay>
      <MouseMovement>
        <MouseMovementEvent>
          <Type>3</Type>
          <X>813</X>
          <Y>226</Y>
        </MouseMovementEvent>
      </MouseMovement>
    </MacroEvent>
    <MacroEvent>
      <Type>2</Type>
      <Delay>16</Delay>
      <MouseEvent>
        <MouseButton>1</MouseButton>
        <State>0</State>
      </MouseEvent>
    </MacroEvent>
    <MacroEvent>
      <Type>2</Type>
      <Delay>11</Delay>
      <MouseEvent>
        <MouseButton>1</MouseButton>
        <State>1</State>
      </MouseEvent>
    </MacroEvent>
    <MacroEvent>
      <Type>3</Type>
      <Delay>26</Delay>
      <MouseMovement>
        <MouseMovementEvent>
          <Type>3</Type>
          <X>813</X>
          <Y>227</Y>
        </MouseMovementEvent>
        <MouseMovementEvent>
          <Type>3</Type>
          <X>813</X>
          <Y>228</Y>
          <Delay>14</Delay>
        </MouseMovementEvent>
        <MouseMovementEvent>
          <Type>3</Type>
          <X>813</X>
          <Y>229</Y>
          <Delay>34</Delay>
        </MouseMovementEvent>
      </MouseMovement>
    </MacroEvent>
    <MacroEvent>
      <Type>2</Type>
      <Delay>12</Delay>
      <MouseEvent>
        <MouseButton>1</MouseButton>
        <State>0</State>
      </MouseEvent>
    </MacroEvent>
    <MacroEvent>
      <Type>2</Type>
      <Delay>15</Delay>
      <MouseEvent>
        <MouseButton>1</MouseButton>
        <State>1</State>
      </MouseEvent>
    </MacroEvent>
    <MacroEvent>
      <Type>3</Type>
      <Delay>100</Delay>
      <MouseMovement>
        <MouseMovementEvent>
          <Type>3</Type>
          <X>813</X>
          <Y>230</Y>
        </MouseMovementEvent>
      </MouseMovement>
    </MacroEvent>
    <MacroEvent>
      <Type>2</Type>
      <Delay>11</Delay>
      <MouseEvent>
        <MouseButton>1</MouseButton>
        <State>0</State>
      </MouseEvent>
    </MacroEvent>
    <MacroEvent>
      <Type>2</Type>
      <Delay>11</Delay>
      <MouseEvent>
        <MouseButton>1</MouseButton>
        <State>1</State>
      </MouseEvent>
    </MacroEvent>
    <MacroEvent>
      <Type>3</Type>
      <Delay>16</Delay>
      <MouseMovement>
        <MouseMovementEvent>
          <Type>3</Type>
          <X>813</X>
          <Y>231</Y>
        </MouseMovementEvent>
        <MouseMovementEvent>
          <Type>3</Type>
          <X>813</X>
          <Y>232</Y>
          <Delay>13</Delay>
        </MouseMovementEvent>
        <MouseMovementEvent>
          <Type>3</Type>
          <X>813</X>
          <Y>233</Y>
          <Delay>39</Delay>
        </MouseMovementEvent>
      </MouseMovement>
    </MacroEvent>
    <MacroEvent>
      <Type>2</Type>
      <Delay>12</Delay>
      <MouseEvent>
        <MouseButton>1</MouseButton>
        <State>0</State>
      </MouseEvent>
    </MacroEvent>
    <MacroEvent>
      <Type>2</Type>
      <Delay>11</Delay>
      <MouseEvent>
        <MouseButton>1</MouseButton>
        <State>1</State>
      </MouseEvent>
    </MacroEvent>
    <MacroEvent>
      <Type>3</Type>
      <Delay>103</Delay>
      <MouseMovement>
        <MouseMovementEvent>
          <Type>3</Type>
          <X>813</X>
          <Y>234</Y>
        </MouseMovementEvent>
      </MouseMovement>
    </MacroEvent>
    <MacroEvent>
      <Type>2</Type>
      <Delay>15</Delay>
      <MouseEvent>
        <MouseButton>1</MouseButton>
        <State>0</State>
      </MouseEvent>
    </MacroEvent>
    <MacroEvent>
      <Type>2</Type>
      <Delay>14</Delay>
      <MouseEvent>
        <MouseButton>1</MouseButton>
        <State>1</State>
      </MouseEvent>
    </MacroEvent>
    <MacroEvent>
      <Type>3</Type>
      <Delay>13</Delay>
      <MouseMovement>
        <MouseMovementEvent>
          <Type>3</Type>
          <X>813</X>
          <Y>235</Y>
        </MouseMovementEvent>
        <MouseMovementEvent>
          <Type>3</Type>
          <X>813</X>
          <Y>236</Y>
          <Delay>26</Delay>
        </MouseMovementEvent>
        <MouseMovementEvent>
          <Type>3</Type>
          <X>813</X>
          <Y>237</Y>
          <Delay>24</Delay>
        </MouseMovementEvent>
      </MouseMovement>
    </MacroEvent>
    <MacroEvent>
      <Type>2</Type>
      <Delay>12</Delay>
      <MouseEvent>
        <MouseButton>1</MouseButton>
        <State>0</State>
      </MouseEvent>
    </MacroEvent>
    <MacroEvent>
      <Type>2</Type>
      <Delay>12</Delay>
      <MouseEvent>
        <MouseButton>1</MouseButton>
        <State>1</State>
      </MouseEvent>
    </MacroEvent>
    <MacroEvent>
      <Type>3</Type>
      <Delay>108</Delay>
      <MouseMovement>
        <MouseMovementEvent>
          <Type>3</Type>
          <X>813</X>
          <Y>238</Y>
        </MouseMovementEvent>
      </MouseMovement>
    </MacroEvent>
    <MacroEvent>
      <Type>2</Type>
      <Delay>10</Delay>
      <MouseEvent>
        <MouseButton>1</MouseButton>
        <State>0</State>
      </MouseEvent>
    </MacroEvent>
    <MacroEvent>
      <Type>2</Type>
      <Delay>12</Delay>
      <MouseEvent>
        <MouseButton>1</MouseButton>
        <State>1</State>
      </MouseEvent>
    </MacroEvent>
    <MacroEvent>
      <Type>3</Type>
      <Delay>16</Delay>
      <MouseMovement>
        <MouseMovementEvent>
          <Type>3</Type>
          <X>813</X>
          <Y>239</Y>
        </MouseMovementEvent>
        <MouseMovementEvent>
          <Type>3</Type>
          <X>813</X>
          <Y>240</Y>
          <Delay>11</Delay>
        </MouseMovementEvent>
        <MouseMovementEvent>
          <Type>3</Type>
          <X>813</X>
          <Y>241</Y>
          <Delay>35</Delay>
        </MouseMovementEvent>
      </MouseMovement>
    </MacroEvent>
    <MacroEvent>
      <Type>2</Type>
      <Delay>12</Delay>
      <MouseEvent>
        <MouseButton>1</MouseButton>
        <State>0</State>
      </MouseEvent>
    </MacroEvent>
    <MacroEvent>
      <Type>2</Type>
      <Delay>14</Delay>
      <MouseEvent>
        <MouseButton>1</MouseButton>
        <State>1</State>
      </MouseEvent>
    </MacroEvent>
    <MacroEvent>
      <Type>3</Type>
      <Delay>120</Delay>
      <MouseMovement>
        <MouseMovementEvent>
          <Type>3</Type>
          <X>813</X>
          <Y>242</Y>
        </MouseMovementEvent>
      </MouseMovement>
    </MacroEvent>
    <MacroEvent>
      <Type>2</Type>
      <Delay>11</Delay>
      <MouseEvent>
        <MouseButton>1</MouseButton>
        <State>0</State>
      </MouseEvent>
    </MacroEvent>
    <MacroEvent>
      <Type>3</Type>
      <Delay>15</Delay>
      <MouseMovement>
        <MouseMovementEvent>
          <Type>3</Type>
          <X>813</X>
          <Y>243</Y>
        </MouseMovementEvent>
      </MouseMovement>
    </MacroEvent>
    <MacroEvent>
      <Type>2</Type>
      <Delay>12</Delay>
      <MouseEvent>
        <MouseButton>1</MouseButton>
        <State>1</State>
      </MouseEvent>
    </MacroEvent>
    <MacroEvent>
      <Type>3</Type>
      <Delay>16</Delay>
      <MouseMovement>
        <MouseMovementEvent>
          <Type>3</Type>
          <X>813</X>
          <Y>242</Y>
        </MouseMovementEvent>
        <MouseMovementEvent>
          <Type>3</Type>
          <X>813</X>
          <Y>244</Y>
          <Delay>11</Delay>
        </MouseMovementEvent>
        <MouseMovementEvent>
          <Type>3</Type>
          <X>813</X>
          <Y>245</Y>
          <Delay>17</Delay>
        </MouseMovementEvent>
      </MouseMovement>
    </MacroEvent>
    <MacroEvent>
      <Type>2</Type>
      <Delay>1</Delay>
      <MouseEvent>
        <MouseButton>1</MouseButton>
        <State>0</State>
      </MouseEvent>
    </MacroEvent>
    <MacroEvent>
      <Type>2</Type>
      <Delay>12</Delay>
      <MouseEvent>
        <MouseButton>1</MouseButton>
        <State>1</State>
      </MouseEvent>
    </MacroEvent>
    <MacroEvent>
      <Type>3</Type>
      <Delay>132</Delay>
      <MouseMovement>
        <MouseMovementEvent>
          <Type>3</Type>
          <X>813</X>
          <Y>246</Y>
        </MouseMovementEvent>
        <MouseMovementEvent>
          <Type>3</Type>
          <X>813</X>
          <Y>247</Y>
          <Delay>11</Delay>
        </MouseMovementEvent>
      </MouseMovement>
    </MacroEvent>
    <MacroEvent>
      <Type>2</Type>
      <MouseEvent>
        <MouseButton>1</MouseButton>
        <State>0</State>
      </MouseEvent>
    </MacroEvent>
    <MacroEvent>
      <Type>3</Type>
      <Delay>12</Delay>
      <MouseMovement>
        <MouseMovementEvent>
          <Type>3</Type>
          <X>813</X>
          <Y>246</Y>
        </MouseMovementEvent>
        <MouseMovementEvent>
          <Type>3</Type>
          <X>813</X>
          <Y>248</Y>
          <Delay>12</Delay>
        </MouseMovementEvent>
      </MouseMovement>
    </MacroEvent>
    <MacroEvent>
      <Type>2</Type>
      <MouseEvent>
        <MouseButton>1</MouseButton>
        <State>1</State>
      </MouseEvent>
    </MacroEvent>
    <MacroEvent>
      <Type>3</Type>
      <Delay>18</Delay>
      <MouseMovement>
        <MouseMovementEvent>
          <Type>3</Type>
          <X>813</X>
          <Y>246</Y>
        </MouseMovementEvent>
        <MouseMovementEvent>
          <Type>3</Type>
          <X>813</X>
          <Y>249</Y>
          <Delay>12</Delay>
        </MouseMovementEvent>
      </MouseMovement>
    </MacroEvent>
    <MacroEvent>
      <Type>2</Type>
      <Delay>16</Delay>
      <MouseEvent>
        <MouseButton>1</MouseButton>
        <State>0</State>
      </MouseEvent>
    </MacroEvent>
    <MacroEvent>
      <Type>2</Type>
      <Delay>13</Delay>
      <MouseEvent>
        <MouseButton>1</MouseButton>
        <State>1</State>
      </MouseEvent>
    </MacroEvent>
    <MacroEvent>
      <Type>3</Type>
      <Delay>34</Delay>
      <MouseMovement>
        <MouseMovementEvent>
          <Type>3</Type>
          <X>813</X>
          <Y>250</Y>
        </MouseMovementEvent>
      </MouseMovement>
    </MacroEvent>
    <MacroEvent>
      <Type>2</Type>
      <Delay>117</Delay>
      <MouseEvent>
        <MouseButton>1</MouseButton>
        <State>0</State>
      </MouseEvent>
    </MacroEvent>
    <MacroEvent>
      <Type>3</Type>
      <Delay>16</Delay>
      <MouseMovement>
        <MouseMovementEvent>
          <Type>3</Type>
          <X>813</X>
          <Y>251</Y>
        </MouseMovementEvent>
      </MouseMovement>
    </MacroEvent>
    <MacroEvent>
      <Type>2</Type>
      <Delay>17</Delay>
      <MouseEvent>
        <MouseButton>1</MouseButton>
        <State>1</State>
      </MouseEvent>
    </MacroEvent>
    <MacroEvent>
      <Type>3</Type>
      <Delay>13</Delay>
      <MouseMovement>
        <MouseMovementEvent>
          <Type>3</Type>
          <X>813</X>
          <Y>250</Y>
        </MouseMovementEvent>
        <MouseMovementEvent>
          <Type>3</Type>
          <X>813</X>
          <Y>252</Y>
          <Delay>12</Delay>
        </MouseMovementEvent>
      </MouseMovement>
    </MacroEvent>
    <MacroEvent>
      <Type>2</Type>
      <Delay>1</Delay>
      <MouseEvent>
        <MouseButton>1</MouseButton>
        <State>0</State>
      </MouseEvent>
    </MacroEvent>
    <MacroEvent>
      <Type>2</Type>
      <Delay>14</Delay>
      <MouseEvent>
        <MouseButton>1</MouseButton>
        <State>1</State>
      </MouseEvent>
    </MacroEvent>
    <MacroEvent>
      <Type>3</Type>
      <Delay>36</Delay>
      <MouseMovement>
        <MouseMovementEvent>
          <Type>3</Type>
          <X>813</X>
          <Y>253</Y>
        </MouseMovementEvent>
      </MouseMovement>
    </MacroEvent>
    <MacroEvent>
      <Type>2</Type>
      <Delay>46</Delay>
      <MouseEvent>
        <MouseButton>1</MouseButton>
        <State>0</State>
      </MouseEvent>
    </MacroEvent>
    <MacroEvent>
      <Type>2</Type>
      <Delay>17</Delay>
      <MouseEvent>
        <MouseButton>1</MouseButton>
        <State>1</State>
      </MouseEvent>
    </MacroEvent>
    <MacroEvent>
      <Type>3</Type>
      <Delay>131</Delay>
      <MouseMovement>
        <MouseMovementEvent>
          <Type>3</Type>
          <X>813</X>
          <Y>254</Y>
        </MouseMovementEvent>
      </MouseMovement>
    </MacroEvent>
    <MacroEvent>
      <Type>2</Type>
      <Delay>13</Delay>
      <MouseEvent>
        <MouseButton>1</MouseButton>
        <State>0</State>
      </MouseEvent>
    </MacroEvent>
    <MacroEvent>
      <Type>3</Type>
      <Delay>16</Delay>
      <MouseMovement>
        <MouseMovementEvent>
          <Type>3</Type>
          <X>813</X>
          <Y>255</Y>
        </MouseMovementEvent>
      </MouseMovement>
    </MacroEvent>
    <MacroEvent>
      <Type>2</Type>
      <Delay>12</Delay>
      <MouseEvent>
        <MouseButton>1</MouseButton>
        <State>1</State>
      </MouseEvent>
    </MacroEvent>
    <MacroEvent>
      <Type>3</Type>
      <Delay>12</Delay>
      <MouseMovement>
        <MouseMovementEvent>
          <Type>3</Type>
          <X>813</X>
          <Y>254</Y>
        </MouseMovementEvent>
      </MouseMovement>
    </MacroEvent>
    <MacroEvent>
      <Type>2</Type>
      <Delay>31</Delay>
      <MouseEvent>
        <MouseButton>1</MouseButton>
        <State>0</State>
      </MouseEvent>
    </MacroEvent>
    <MacroEvent>
      <Type>3</Type>
      <Delay>10</Delay>
      <MouseMovement>
        <MouseMovementEvent>
          <Type>3</Type>
          <X>813</X>
          <Y>255</Y>
        </MouseMovementEvent>
      </MouseMovement>
    </MacroEvent>
    <MacroEvent>
      <Type>2</Type>
      <Delay>9</Delay>
      <MouseEvent>
        <MouseButton>1</MouseButton>
        <State>1</State>
      </MouseEvent>
    </MacroEvent>
    <MacroEvent>
      <Type>3</Type>
      <Delay>26</Delay>
      <MouseMovement>
        <MouseMovementEvent>
          <Type>3</Type>
          <X>813</X>
          <Y>256</Y>
        </MouseMovementEvent>
        <MouseMovementEvent>
          <Type>3</Type>
          <X>813</X>
          <Y>257</Y>
          <Delay>19</Delay>
        </MouseMovementEvent>
        <MouseMovementEvent>
          <Type>3</Type>
          <X>813</X>
          <Y>258</Y>
          <Delay>19</Delay>
        </MouseMovementEvent>
      </MouseMovement>
    </MacroEvent>
    <MacroEvent>
      <Type>2</Type>
      <Delay>12</Delay>
      <MouseEvent>
        <MouseButton>1</MouseButton>
        <State>0</State>
      </MouseEvent>
    </MacroEvent>
    <MacroEvent>
      <Type>2</Type>
      <Delay>14</Delay>
      <MouseEvent>
        <MouseButton>1</MouseButton>
        <State>1</State>
      </MouseEvent>
    </MacroEvent>
    <MacroEvent>
      <Type>3</Type>
      <Delay>152</Delay>
      <MouseMovement>
        <MouseMovementEvent>
          <Type>3</Type>
          <X>813</X>
          <Y>259</Y>
        </MouseMovementEvent>
        <MouseMovementEvent>
          <Type>3</Type>
          <X>813</X>
          <Y>261</Y>
          <Delay>11</Delay>
        </MouseMovementEvent>
      </MouseMovement>
    </MacroEvent>
    <MacroEvent>
      <Type>2</Type>
      <MouseEvent>
        <MouseButton>1</MouseButton>
        <State>0</State>
      </MouseEvent>
    </MacroEvent>
    <MacroEvent>
      <Type>3</Type>
      <Delay>12</Delay>
      <MouseMovement>
        <MouseMovementEvent>
          <Type>3</Type>
          <X>813</X>
          <Y>259</Y>
        </MouseMovementEvent>
      </MouseMovement>
    </MacroEvent>
    <MacroEvent>
      <Type>2</Type>
      <Delay>13</Delay>
      <MouseEvent>
        <MouseButton>1</MouseButton>
        <State>1</State>
      </MouseEvent>
    </MacroEvent>
    <MacroEvent>
      <Type>3</Type>
      <Delay>18</Delay>
      <MouseMovement>
        <MouseMovementEvent>
          <Type>3</Type>
          <X>813</X>
          <Y>262</Y>
        </MouseMovementEvent>
      </MouseMovement>
    </MacroEvent>
    <MacroEvent>
      <Type>2</Type>
      <Delay>13</Delay>
      <MouseEvent>
        <MouseButton>1</MouseButton>
        <State>0</State>
      </MouseEvent>
    </MacroEvent>
    <MacroEvent>
      <Type>2</Type>
      <Delay>15</Delay>
      <MouseEvent>
        <MouseButton>1</MouseButton>
        <State>1</State>
      </MouseEvent>
    </MacroEvent>
    <MacroEvent>
      <Type>3</Type>
      <Delay>26</Delay>
      <MouseMovement>
        <MouseMovementEvent>
          <Type>3</Type>
          <X>813</X>
          <Y>263</Y>
        </MouseMovementEvent>
      </MouseMovement>
    </MacroEvent>
    <MacroEvent>
      <Type>2</Type>
      <Delay>158</Delay>
      <MouseEvent>
        <MouseButton>1</MouseButton>
        <State>0</State>
      </MouseEvent>
    </MacroEvent>
    <MacroEvent>
      <Type>3</Type>
      <Delay>18</Delay>
      <MouseMovement>
        <MouseMovementEvent>
          <Type>3</Type>
          <X>813</X>
          <Y>264</Y>
        </MouseMovementEvent>
      </MouseMovement>
    </MacroEvent>
    <MacroEvent>
      <Type>2</Type>
      <Delay>12</Delay>
      <MouseEvent>
        <MouseButton>1</MouseButton>
        <State>1</State>
      </MouseEvent>
    </MacroEvent>
    <MacroEvent>
      <Type>3</Type>
      <Delay>13</Delay>
      <MouseMovement>
        <MouseMovementEvent>
          <Type>3</Type>
          <X>813</X>
          <Y>263</Y>
        </MouseMovementEvent>
      </MouseMovement>
    </MacroEvent>
    <MacroEvent>
      <Type>2</Type>
      <Delay>18</Delay>
      <MouseEvent>
        <MouseButton>1</MouseButton>
        <State>0</State>
      </MouseEvent>
    </MacroEvent>
    <MacroEvent>
      <Type>3</Type>
      <Delay>19</Delay>
      <MouseMovement>
        <MouseMovementEvent>
          <Type>3</Type>
          <X>813</X>
          <Y>264</Y>
        </MouseMovementEvent>
        <MouseMovementEvent>
          <Type>3</Type>
          <X>813</X>
          <Y>265</Y>
          <Delay>13</Delay>
        </MouseMovementEvent>
      </MouseMovement>
    </MacroEvent>
    <MacroEvent>
      <Type>2</Type>
      <MouseEvent>
        <MouseButton>1</MouseButton>
        <State>1</State>
      </MouseEvent>
    </MacroEvent>
    <MacroEvent>
      <Type>3</Type>
      <Delay>14</Delay>
      <MouseMovement>
        <MouseMovementEvent>
          <Type>3</Type>
          <X>813</X>
          <Y>264</Y>
        </MouseMovementEvent>
      </MouseMovement>
    </MacroEvent>
    <MacroEvent>
      <Type>2</Type>
      <Delay>15</Delay>
      <MouseEvent>
        <MouseButton>1</MouseButton>
        <State>0</State>
      </MouseEvent>
    </MacroEvent>
    <MacroEvent>
      <Type>3</Type>
      <Delay>19</Delay>
      <MouseMovement>
        <MouseMovementEvent>
          <Type>3</Type>
          <X>813</X>
          <Y>265</Y>
        </MouseMovementEvent>
      </MouseMovement>
    </MacroEvent>
    <MacroEvent>
      <Type>2</Type>
      <Delay>13</Delay>
      <MouseEvent>
        <MouseButton>1</MouseButton>
        <State>1</State>
      </MouseEvent>
    </MacroEvent>
    <MacroEvent>
      <Type>3</Type>
      <Delay>13</Delay>
      <MouseMovement>
        <MouseMovementEvent>
          <Type>3</Type>
          <X>813</X>
          <Y>266</Y>
        </MouseMovementEvent>
        <MouseMovementEvent>
          <Type>3</Type>
          <X>813</X>
          <Y>267</Y>
          <Delay>14</Delay>
        </MouseMovementEvent>
        <MouseMovementEvent>
          <Type>3</Type>
          <X>813</X>
          <Y>268</Y>
          <Delay>52</Delay>
        </MouseMovementEvent>
      </MouseMovement>
    </MacroEvent>
    <MacroEvent>
      <Type>2</Type>
      <Delay>1</Delay>
      <MouseEvent>
        <MouseButton>1</MouseButton>
        <State>0</State>
      </MouseEvent>
    </MacroEvent>
    <MacroEvent>
      <Type>2</Type>
      <Delay>14</Delay>
      <MouseEvent>
        <MouseButton>1</MouseButton>
        <State>1</State>
      </MouseEvent>
    </MacroEvent>
    <MacroEvent>
      <Type>3</Type>
      <Delay>29</Delay>
      <MouseMovement>
        <MouseMovementEvent>
          <Type>3</Type>
          <X>813</X>
          <Y>269</Y>
        </MouseMovementEvent>
      </MouseMovement>
    </MacroEvent>
    <MacroEvent>
      <Type>2</Type>
      <Delay>162</Delay>
      <MouseEvent>
        <MouseButton>1</MouseButton>
        <State>0</State>
      </MouseEvent>
    </MacroEvent>
    <MacroEvent>
      <Type>3</Type>
      <Delay>18</Delay>
      <MouseMovement>
        <MouseMovementEvent>
          <Type>3</Type>
          <X>813</X>
          <Y>270</Y>
        </MouseMovementEvent>
      </MouseMovement>
    </MacroEvent>
    <MacroEvent>
      <Type>2</Type>
      <Delay>13</Delay>
      <MouseEvent>
        <MouseButton>1</MouseButton>
        <State>1</State>
      </MouseEvent>
    </MacroEvent>
    <MacroEvent>
      <Type>3</Type>
      <Delay>13</Delay>
      <MouseMovement>
        <MouseMovementEvent>
          <Type>3</Type>
          <X>813</X>
          <Y>269</Y>
        </MouseMovementEvent>
        <MouseMovementEvent>
          <Type>3</Type>
          <X>813</X>
          <Y>271</Y>
          <Delay>13</Delay>
        </MouseMovementEvent>
      </MouseMovement>
    </MacroEvent>
    <MacroEvent>
      <Type>2</Type>
      <MouseEvent>
        <MouseButton>1</MouseButton>
        <State>0</State>
      </MouseEvent>
    </MacroEvent>
    <MacroEvent>
      <Type>3</Type>
      <Delay>18</Delay>
      <MouseMovement>
        <MouseMovementEvent>
          <Type>3</Type>
          <X>813</X>
          <Y>270</Y>
        </MouseMovementEvent>
      </MouseMovement>
    </MacroEvent>
    <MacroEvent>
      <Type>2</Type>
      <Delay>13</Delay>
      <MouseEvent>
        <MouseButton>1</MouseButton>
        <State>1</State>
      </MouseEvent>
    </MacroEvent>
    <MacroEvent>
      <Type>2</Type>
      <Delay>35</Delay>
      <MouseEvent>
        <MouseButton>1</MouseButton>
        <State>0</State>
      </MouseEvent>
    </MacroEvent>
    <MacroEvent>
      <Type>3</Type>
      <Delay>11</Delay>
      <MouseMovement>
        <MouseMovementEvent>
          <Type>3</Type>
          <X>813</X>
          <Y>271</Y>
        </MouseMovementEvent>
      </MouseMovement>
    </MacroEvent>
    <MacroEvent>
      <Type>2</Type>
      <Delay>8</Delay>
      <MouseEvent>
        <MouseButton>1</MouseButton>
        <State>1</State>
      </MouseEvent>
    </MacroEvent>
    <MacroEvent>
      <Type>3</Type>
      <Delay>11</Delay>
      <MouseMovement>
        <MouseMovementEvent>
          <Type>3</Type>
          <X>813</X>
          <Y>272</Y>
        </MouseMovementEvent>
        <MouseMovementEvent>
          <Type>3</Type>
          <X>813</X>
          <Y>273</Y>
          <Delay>12</Delay>
        </MouseMovementEvent>
        <MouseMovementEvent>
          <Type>3</Type>
          <X>813</X>
          <Y>274</Y>
          <Delay>42</Delay>
        </MouseMovementEvent>
      </MouseMovement>
    </MacroEvent>
    <MacroEvent>
      <Type>2</Type>
      <Delay>9</Delay>
      <MouseEvent>
        <MouseButton>1</MouseButton>
        <State>0</State>
      </MouseEvent>
    </MacroEvent>
    <MacroEvent>
      <Type>2</Type>
      <Delay>12</Delay>
      <MouseEvent>
        <MouseButton>1</MouseButton>
        <State>1</State>
      </MouseEvent>
    </MacroEvent>
    <MacroEvent>
      <Type>3</Type>
      <Delay>186</Delay>
      <MouseMovement>
        <MouseMovementEvent>
          <Type>3</Type>
          <X>813</X>
          <Y>275</Y>
        </MouseMovementEvent>
        <MouseMovementEvent>
          <Type>3</Type>
          <X>813</X>
          <Y>278</Y>
          <Delay>16</Delay>
        </MouseMovementEvent>
      </MouseMovement>
    </MacroEvent>
    <MacroEvent>
      <Type>2</Type>
      <MouseEvent>
        <MouseButton>1</MouseButton>
        <State>0</State>
      </MouseEvent>
    </MacroEvent>
    <MacroEvent>
      <Type>3</Type>
      <Delay>14</Delay>
      <MouseMovement>
        <MouseMovementEvent>
          <Type>3</Type>
          <X>813</X>
          <Y>275</Y>
        </MouseMovementEvent>
      </MouseMovement>
    </MacroEvent>
    <MacroEvent>
      <Type>2</Type>
      <Delay>14</Delay>
      <MouseEvent>
        <MouseButton>1</MouseButton>
        <State>1</State>
      </MouseEvent>
    </MacroEvent>
    <MacroEvent>
      <Type>2</Type>
      <Delay>19</Delay>
      <MouseEvent>
        <MouseButton>1</MouseButton>
        <State>0</State>
      </MouseEvent>
    </MacroEvent>
    <MacroEvent>
      <Type>3</Type>
      <Delay>15</Delay>
      <MouseMovement>
        <MouseMovementEvent>
          <Type>3</Type>
          <X>813</X>
          <Y>278</Y>
        </MouseMovementEvent>
        <MouseMovementEvent>
          <Type>3</Type>
          <X>813</X>
          <Y>279</Y>
          <Delay>12</Delay>
        </MouseMovementEvent>
      </MouseMovement>
    </MacroEvent>
    <MacroEvent>
      <Type>2</Type>
      <Delay>1</Delay>
      <MouseEvent>
        <MouseButton>1</MouseButton>
        <State>1</State>
      </MouseEvent>
    </MacroEvent>
    <MacroEvent>
      <Type>3</Type>
      <Delay>15</Delay>
      <MouseMovement>
        <MouseMovementEvent>
          <Type>3</Type>
          <X>813</X>
          <Y>278</Y>
        </MouseMovementEvent>
      </MouseMovement>
    </MacroEvent>
    <MacroEvent>
      <Type>2</Type>
      <Delay>44</Delay>
      <MouseEvent>
        <MouseButton>1</MouseButton>
        <State>0</State>
      </MouseEvent>
    </MacroEvent>
    <MacroEvent>
      <Type>3</Type>
      <Delay>13</Delay>
      <MouseMovement>
        <MouseMovementEvent>
          <Type>3</Type>
          <X>813</X>
          <Y>279</Y>
        </MouseMovementEvent>
        <MouseMovementEvent>
          <Type>3</Type>
          <X>813</X>
          <Y>280</Y>
          <Delay>19</Delay>
        </MouseMovementEvent>
      </MouseMovement>
    </MacroEvent>
    <MacroEvent>
      <Type>2</Type>
      <MouseEvent>
        <MouseButton>1</MouseButton>
        <State>1</State>
      </MouseEvent>
    </MacroEvent>
    <MacroEvent>
      <Type>3</Type>
      <Delay>14</Delay>
      <MouseMovement>
        <MouseMovementEvent>
          <Type>3</Type>
          <X>813</X>
          <Y>279</Y>
        </MouseMovementEvent>
        <MouseMovementEvent>
          <Type>3</Type>
          <X>813</X>
          <Y>281</Y>
          <Delay>13</Delay>
        </MouseMovementEvent>
        <MouseMovementEvent>
          <Type>3</Type>
          <X>813</X>
          <Y>282</Y>
          <Delay>164</Delay>
        </MouseMovementEvent>
      </MouseMovement>
    </MacroEvent>
    <MacroEvent>
      <Type>2</Type>
      <Delay>12</Delay>
      <MouseEvent>
        <MouseButton>1</MouseButton>
        <State>0</State>
      </MouseEvent>
    </MacroEvent>
    <MacroEvent>
      <Type>2</Type>
      <Delay>16</Delay>
      <MouseEvent>
        <MouseButton>1</MouseButton>
        <State>1</State>
      </MouseEvent>
    </MacroEvent>
    <MacroEvent>
      <Type>2</Type>
      <Delay>14</Delay>
      <MouseEvent>
        <MouseButton>1</MouseButton>
        <State>0</State>
      </MouseEvent>
    </MacroEvent>
    <MacroEvent>
      <Type>2</Type>
      <Delay>18</Delay>
      <MouseEvent>
        <MouseButton>1</MouseButton>
        <State>1</State>
      </MouseEvent>
    </MacroEvent>
    <MacroEvent>
      <Type>2</Type>
      <Delay>35</Delay>
      <MouseEvent>
        <MouseButton>1</MouseButton>
        <State>0</State>
      </MouseEvent>
    </MacroEvent>
    <MacroEvent>
      <Type>2</Type>
      <Delay>14</Delay>
      <MouseEvent>
        <MouseButton>1</MouseButton>
        <State>1</State>
      </MouseEvent>
    </MacroEvent>
    <MacroEvent>
      <Type>3</Type>
      <Delay>30</Delay>
      <MouseMovement>
        <MouseMovementEvent>
          <Type>3</Type>
          <X>813</X>
          <Y>283</Y>
        </MouseMovementEvent>
      </MouseMovement>
    </MacroEvent>
    <MacroEvent>
      <Type>2</Type>
      <Delay>182</Delay>
      <MouseEvent>
        <MouseButton>1</MouseButton>
        <State>0</State>
      </MouseEvent>
    </MacroEvent>
    <MacroEvent>
      <Type>2</Type>
      <Delay>17</Delay>
      <MouseEvent>
        <MouseButton>1</MouseButton>
        <State>1</State>
      </MouseEvent>
    </MacroEvent>
    <MacroEvent>
      <Type>2</Type>
      <Delay>13</Delay>
      <MouseEvent>
        <MouseButton>1</MouseButton>
        <State>0</State>
      </MouseEvent>
    </MacroEvent>
    <MacroEvent>
      <Type>2</Type>
      <Delay>17</Delay>
      <MouseEvent>
        <MouseButton>1</MouseButton>
        <State>1</State>
      </MouseEvent>
    </MacroEvent>
  </MacroEvents>
</Macro>