﻿<?xml version="1.0" encoding="utf-8"?>
<Macro xmlns:xsi="http://www.w3.org/2001/XMLSchema-instance" xmlns:xsd="http://www.w3.org/2001/XMLSchema">
  <Name>ColdWar-KSP45-Scope</Name>
  <Guid>409d4337-c69f-442c-80d7-8c25a913f321</Guid>
  <MacroEvents>
    <MacroEvent>
      <Type>2</Type>
      <Delay>9</Delay>
      <MouseEvent>
        <MouseButton>1</MouseButton>
        <State>0</State>
      </MouseEvent>
    </MacroEvent>
    <MacroEvent>
      <Type>2</Type>
      <Delay>8</Delay>
      <MouseEvent>
        <MouseButton>1</MouseButton>
        <State>1</State>
      </MouseEvent>
    </MacroEvent>
    <MacroEvent>
      <Type>3</Type>
      <Delay>35</Delay>
      <MouseMovement>
        <MouseMovementEvent>
          <Type>3</Type>
          <X>826</X>
          <Y>189</Y>
        </MouseMovementEvent>
        <MouseMovementEvent>
          <Type>3</Type>
          <X>826</X>
          <Y>190</Y>
          <Delay>17</Delay>
        </MouseMovementEvent>
        <MouseMovementEvent>
          <Type>3</Type>
          <X>826</X>
          <Y>191</Y>
          <Delay>37</Delay>
        </MouseMovementEvent>
      </MouseMovement>
    </MacroEvent>
    <MacroEvent>
      <Type>2</Type>
      <Delay>12</Delay>
      <MouseEvent>
        <MouseButton>1</MouseButton>
        <State>0</State>
      </MouseEvent>
    </MacroEvent>
    <MacroEvent>
      <Type>2</Type>
      <Delay>9</Delay>
      <MouseEvent>
        <MouseButton>1</MouseButton>
        <State>1</State>
      </MouseEvent>
    </MacroEvent>
    <MacroEvent>
      <Type>3</Type>
      <Delay>45</Delay>
      <MouseMovement>
        <MouseMovementEvent>
          <Type>3</Type>
          <X>826</X>
          <Y>192</Y>
        </MouseMovementEvent>
      </MouseMovement>
    </MacroEvent>
    <MacroEvent>
      <Type>2</Type>
      <Delay>55</Delay>
      <MouseEvent>
        <MouseButton>1</MouseButton>
        <State>0</State>
      </MouseEvent>
    </MacroEvent>
    <MacroEvent>
      <Type>2</Type>
      <Delay>9</Delay>
      <MouseEvent>
        <MouseButton>1</MouseButton>
        <State>1</State>
      </MouseEvent>
    </MacroEvent>
    <MacroEvent>
      <Type>3</Type>
      <Delay>33</Delay>
      <MouseMovement>
        <MouseMovementEvent>
          <Type>3</Type>
          <X>826</X>
          <Y>193</Y>
        </MouseMovementEvent>
        <MouseMovementEvent>
          <Type>3</Type>
          <X>826</X>
          <Y>194</Y>
          <Delay>13</Delay>
        </MouseMovementEvent>
        <MouseMovementEvent>
          <Type>3</Type>
          <X>826</X>
          <Y>195</Y>
          <Delay>42</Delay>
        </MouseMovementEvent>
      </MouseMovement>
    </MacroEvent>
    <MacroEvent>
      <Type>2</Type>
      <Delay>13</Delay>
      <MouseEvent>
        <MouseButton>1</MouseButton>
        <State>0</State>
      </MouseEvent>
    </MacroEvent>
    <MacroEvent>
      <Type>2</Type>
      <Delay>8</Delay>
      <MouseEvent>
        <MouseButton>1</MouseButton>
        <State>1</State>
      </MouseEvent>
    </MacroEvent>
    <MacroEvent>
      <Type>3</Type>
      <Delay>45</Delay>
      <MouseMovement>
        <MouseMovementEvent>
          <Type>3</Type>
          <X>826</X>
          <Y>196</Y>
        </MouseMovementEvent>
      </MouseMovement>
    </MacroEvent>
    <MacroEvent>
      <Type>2</Type>
      <Delay>55</Delay>
      <MouseEvent>
        <MouseButton>1</MouseButton>
        <State>0</State>
      </MouseEvent>
    </MacroEvent>
    <MacroEvent>
      <Type>2</Type>
      <Delay>12</Delay>
      <MouseEvent>
        <MouseButton>1</MouseButton>
        <State>1</State>
      </MouseEvent>
    </MacroEvent>
    <MacroEvent>
      <Type>3</Type>
      <Delay>30</Delay>
      <MouseMovement>
        <MouseMovementEvent>
          <Type>3</Type>
          <X>826</X>
          <Y>197</Y>
        </MouseMovementEvent>
        <MouseMovementEvent>
          <Type>3</Type>
          <X>826</X>
          <Y>198</Y>
          <Delay>14</Delay>
        </MouseMovementEvent>
        <MouseMovementEvent>
          <Type>3</Type>
          <X>826</X>
          <Y>199</Y>
          <Delay>40</Delay>
        </MouseMovementEvent>
      </MouseMovement>
    </MacroEvent>
    <MacroEvent>
      <Type>2</Type>
      <Delay>12</Delay>
      <MouseEvent>
        <MouseButton>1</MouseButton>
        <State>0</State>
      </MouseEvent>
    </MacroEvent>
    <MacroEvent>
      <Type>2</Type>
      <Delay>9</Delay>
      <MouseEvent>
        <MouseButton>1</MouseButton>
        <State>1</State>
      </MouseEvent>
    </MacroEvent>
    <MacroEvent>
      <Type>3</Type>
      <Delay>45</Delay>
      <MouseMovement>
        <MouseMovementEvent>
          <Type>3</Type>
          <X>826</X>
          <Y>200</Y>
        </MouseMovementEvent>
      </MouseMovement>
    </MacroEvent>
    <MacroEvent>
      <Type>2</Type>
      <Delay>55</Delay>
      <MouseEvent>
        <MouseButton>1</MouseButton>
        <State>0</State>
      </MouseEvent>
    </MacroEvent>
    <MacroEvent>
      <Type>2</Type>
      <Delay>10</Delay>
      <MouseEvent>
        <MouseButton>1</MouseButton>
        <State>1</State>
      </MouseEvent>
    </MacroEvent>
    <MacroEvent>
      <Type>3</Type>
      <Delay>32</Delay>
      <MouseMovement>
        <MouseMovementEvent>
          <Type>3</Type>
          <X>826</X>
          <Y>201</Y>
        </MouseMovementEvent>
        <MouseMovementEvent>
          <Type>3</Type>
          <X>826</X>
          <Y>202</Y>
          <Delay>14</Delay>
        </MouseMovementEvent>
        <MouseMovementEvent>
          <Type>3</Type>
          <X>826</X>
          <Y>203</Y>
          <Delay>40</Delay>
        </MouseMovementEvent>
      </MouseMovement>
    </MacroEvent>
    <MacroEvent>
      <Type>2</Type>
      <Delay>12</Delay>
      <MouseEvent>
        <MouseButton>1</MouseButton>
        <State>0</State>
      </MouseEvent>
    </MacroEvent>
    <MacroEvent>
      <Type>2</Type>
      <Delay>14</Delay>
      <MouseEvent>
        <MouseButton>1</MouseButton>
        <State>1</State>
      </MouseEvent>
    </MacroEvent>
    <MacroEvent>
      <Type>3</Type>
      <Delay>40</Delay>
      <MouseMovement>
        <MouseMovementEvent>
          <Type>3</Type>
          <X>826</X>
          <Y>204</Y>
        </MouseMovementEvent>
      </MouseMovement>
    </MacroEvent>
    <MacroEvent>
      <Type>2</Type>
      <Delay>55</Delay>
      <MouseEvent>
        <MouseButton>1</MouseButton>
        <State>0</State>
      </MouseEvent>
    </MacroEvent>
    <MacroEvent>
      <Type>2</Type>
      <Delay>9</Delay>
      <MouseEvent>
        <MouseButton>1</MouseButton>
        <State>1</State>
      </MouseEvent>
    </MacroEvent>
    <MacroEvent>
      <Type>3</Type>
      <Delay>33</Delay>
      <MouseMovement>
        <MouseMovementEvent>
          <Type>3</Type>
          <X>826</X>
          <Y>205</Y>
        </MouseMovementEvent>
        <MouseMovementEvent>
          <Type>3</Type>
          <X>826</X>
          <Y>206</Y>
          <Delay>14</Delay>
        </MouseMovementEvent>
        <MouseMovementEvent>
          <Type>3</Type>
          <X>826</X>
          <Y>207</Y>
          <Delay>40</Delay>
        </MouseMovementEvent>
      </MouseMovement>
    </MacroEvent>
    <MacroEvent>
      <Type>2</Type>
      <Delay>12</Delay>
      <MouseEvent>
        <MouseButton>1</MouseButton>
        <State>0</State>
      </MouseEvent>
    </MacroEvent>
    <MacroEvent>
      <Type>2</Type>
      <Delay>9</Delay>
      <MouseEvent>
        <MouseButton>1</MouseButton>
        <State>1</State>
      </MouseEvent>
    </MacroEvent>
    <MacroEvent>
      <Type>3</Type>
      <Delay>46</Delay>
      <MouseMovement>
        <MouseMovementEvent>
          <Type>3</Type>
          <X>826</X>
          <Y>208</Y>
        </MouseMovementEvent>
      </MouseMovement>
    </MacroEvent>
    <MacroEvent>
      <Type>2</Type>
      <Delay>54</Delay>
      <MouseEvent>
        <MouseButton>1</MouseButton>
        <State>0</State>
      </MouseEvent>
    </MacroEvent>
    <MacroEvent>
      <Type>2</Type>
      <Delay>9</Delay>
      <MouseEvent>
        <MouseButton>1</MouseButton>
        <State>1</State>
      </MouseEvent>
    </MacroEvent>
    <MacroEvent>
      <Type>3</Type>
      <Delay>33</Delay>
      <MouseMovement>
        <MouseMovementEvent>
          <Type>3</Type>
          <X>826</X>
          <Y>209</Y>
        </MouseMovementEvent>
        <MouseMovementEvent>
          <Type>3</Type>
          <X>826</X>
          <Y>210</Y>
          <Delay>13</Delay>
        </MouseMovementEvent>
        <MouseMovementEvent>
          <Type>3</Type>
          <X>826</X>
          <Y>211</Y>
          <Delay>42</Delay>
        </MouseMovementEvent>
      </MouseMovement>
    </MacroEvent>
    <MacroEvent>
      <Type>2</Type>
      <Delay>12</Delay>
      <MouseEvent>
        <MouseButton>1</MouseButton>
        <State>0</State>
      </MouseEvent>
    </MacroEvent>
    <MacroEvent>
      <Type>2</Type>
      <Delay>10</Delay>
      <MouseEvent>
        <MouseButton>1</MouseButton>
        <State>1</State>
      </MouseEvent>
    </MacroEvent>
    <MacroEvent>
      <Type>3</Type>
      <Delay>45</Delay>
      <MouseMovement>
        <MouseMovementEvent>
          <Type>3</Type>
          <X>826</X>
          <Y>212</Y>
        </MouseMovementEvent>
      </MouseMovement>
    </MacroEvent>
    <MacroEvent>
      <Type>2</Type>
      <Delay>55</Delay>
      <MouseEvent>
        <MouseButton>1</MouseButton>
        <State>0</State>
      </MouseEvent>
    </MacroEvent>
    <MacroEvent>
      <Type>2</Type>
      <Delay>10</Delay>
      <MouseEvent>
        <MouseButton>1</MouseButton>
        <State>1</State>
      </MouseEvent>
    </MacroEvent>
    <MacroEvent>
      <Type>3</Type>
      <Delay>32</Delay>
      <MouseMovement>
        <MouseMovementEvent>
          <Type>3</Type>
          <X>826</X>
          <Y>213</Y>
        </MouseMovementEvent>
        <MouseMovementEvent>
          <Type>3</Type>
          <X>826</X>
          <Y>214</Y>
          <Delay>14</Delay>
        </MouseMovementEvent>
        <MouseMovementEvent>
          <Type>3</Type>
          <X>826</X>
          <Y>215</Y>
          <Delay>40</Delay>
        </MouseMovementEvent>
      </MouseMovement>
    </MacroEvent>
    <MacroEvent>
      <Type>2</Type>
      <Delay>12</Delay>
      <MouseEvent>
        <MouseButton>1</MouseButton>
        <State>0</State>
      </MouseEvent>
    </MacroEvent>
    <MacroEvent>
      <Type>2</Type>
      <Delay>12</Delay>
      <MouseEvent>
        <MouseButton>1</MouseButton>
        <State>1</State>
      </MouseEvent>
    </MacroEvent>
    <MacroEvent>
      <Type>3</Type>
      <Delay>43</Delay>
      <MouseMovement>
        <MouseMovementEvent>
          <Type>3</Type>
          <X>826</X>
          <Y>216</Y>
        </MouseMovementEvent>
      </MouseMovement>
    </MacroEvent>
    <MacroEvent>
      <Type>2</Type>
      <Delay>54</Delay>
      <MouseEvent>
        <MouseButton>1</MouseButton>
        <State>0</State>
      </MouseEvent>
    </MacroEvent>
    <MacroEvent>
      <Type>2</Type>
      <Delay>12</Delay>
      <MouseEvent>
        <MouseButton>1</MouseButton>
        <State>1</State>
      </MouseEvent>
    </MacroEvent>
    <MacroEvent>
      <Type>3</Type>
      <Delay>30</Delay>
      <MouseMovement>
        <MouseMovementEvent>
          <Type>3</Type>
          <X>826</X>
          <Y>217</Y>
        </MouseMovementEvent>
        <MouseMovementEvent>
          <Type>3</Type>
          <X>826</X>
          <Y>218</Y>
          <Delay>13</Delay>
        </MouseMovementEvent>
        <MouseMovementEvent>
          <Type>3</Type>
          <X>826</X>
          <Y>219</Y>
          <Delay>42</Delay>
        </MouseMovementEvent>
      </MouseMovement>
    </MacroEvent>
    <MacroEvent>
      <Type>2</Type>
      <Delay>12</Delay>
      <MouseEvent>
        <MouseButton>1</MouseButton>
        <State>0</State>
      </MouseEvent>
    </MacroEvent>
    <MacroEvent>
      <Type>2</Type>
      <Delay>15</Delay>
      <MouseEvent>
        <MouseButton>1</MouseButton>
        <State>1</State>
      </MouseEvent>
    </MacroEvent>
    <MacroEvent>
      <Type>3</Type>
      <Delay>40</Delay>
      <MouseMovement>
        <MouseMovementEvent>
          <Type>3</Type>
          <X>826</X>
          <Y>220</Y>
        </MouseMovementEvent>
      </MouseMovement>
    </MacroEvent>
    <MacroEvent>
      <Type>2</Type>
      <Delay>55</Delay>
      <MouseEvent>
        <MouseButton>1</MouseButton>
        <State>0</State>
      </MouseEvent>
    </MacroEvent>
    <MacroEvent>
      <Type>2</Type>
      <Delay>14</Delay>
      <MouseEvent>
        <MouseButton>1</MouseButton>
        <State>1</State>
      </MouseEvent>
    </MacroEvent>
    <MacroEvent>
      <Type>3</Type>
      <Delay>54</Delay>
      <MouseMovement>
        <MouseMovementEvent>
          <Type>3</Type>
          <X>826</X>
          <Y>221</Y>
        </MouseMovementEvent>
        <MouseMovementEvent>
          <Type>3</Type>
          <X>826</X>
          <Y>222</Y>
          <Delay>13</Delay>
        </MouseMovementEvent>
        <MouseMovementEvent>
          <Type>3</Type>
          <X>826</X>
          <Y>223</Y>
          <Delay>17</Delay>
        </MouseMovementEvent>
      </MouseMovement>
    </MacroEvent>
    <MacroEvent>
      <Type>2</Type>
      <Delay>11</Delay>
      <MouseEvent>
        <MouseButton>1</MouseButton>
        <State>0</State>
      </MouseEvent>
    </MacroEvent>
    <MacroEvent>
      <Type>2</Type>
      <Delay>14</Delay>
      <MouseEvent>
        <MouseButton>1</MouseButton>
        <State>1</State>
      </MouseEvent>
    </MacroEvent>
    <MacroEvent>
      <Type>3</Type>
      <Delay>41</Delay>
      <MouseMovement>
        <MouseMovementEvent>
          <Type>3</Type>
          <X>826</X>
          <Y>224</Y>
        </MouseMovementEvent>
      </MouseMovement>
    </MacroEvent>
    <MacroEvent>
      <Type>2</Type>
      <Delay>54</Delay>
      <MouseEvent>
        <MouseButton>1</MouseButton>
        <State>0</State>
      </MouseEvent>
    </MacroEvent>
    <MacroEvent>
      <Type>2</Type>
      <Delay>10</Delay>
      <MouseEvent>
        <MouseButton>1</MouseButton>
        <State>1</State>
      </MouseEvent>
    </MacroEvent>
    <MacroEvent>
      <Type>3</Type>
      <Delay>63</Delay>
      <MouseMovement>
        <MouseMovementEvent>
          <Type>3</Type>
          <X>826</X>
          <Y>225</Y>
        </MouseMovementEvent>
        <MouseMovementEvent>
          <Type>3</Type>
          <X>826</X>
          <Y>226</Y>
          <Delay>9</Delay>
        </MouseMovementEvent>
        <MouseMovementEvent>
          <Type>3</Type>
          <X>826</X>
          <Y>227</Y>
          <Delay>14</Delay>
        </MouseMovementEvent>
      </MouseMovement>
    </MacroEvent>
    <MacroEvent>
      <Type>2</Type>
      <Delay>11</Delay>
      <MouseEvent>
        <MouseButton>1</MouseButton>
        <State>0</State>
      </MouseEvent>
    </MacroEvent>
    <MacroEvent>
      <Type>2</Type>
      <Delay>11</Delay>
      <MouseEvent>
        <MouseButton>1</MouseButton>
        <State>1</State>
      </MouseEvent>
    </MacroEvent>
    <MacroEvent>
      <Type>3</Type>
      <Delay>43</Delay>
      <MouseMovement>
        <MouseMovementEvent>
          <Type>3</Type>
          <X>826</X>
          <Y>228</Y>
        </MouseMovementEvent>
      </MouseMovement>
    </MacroEvent>
    <MacroEvent>
      <Type>2</Type>
      <Delay>55</Delay>
      <MouseEvent>
        <MouseButton>1</MouseButton>
        <State>0</State>
      </MouseEvent>
    </MacroEvent>
    <MacroEvent>
      <Type>2</Type>
      <Delay>10</Delay>
      <MouseEvent>
        <MouseButton>1</MouseButton>
        <State>1</State>
      </MouseEvent>
    </MacroEvent>
    <MacroEvent>
      <Type>3</Type>
      <Delay>71</Delay>
      <MouseMovement>
        <MouseMovementEvent>
          <Type>3</Type>
          <X>826</X>
          <Y>229</Y>
        </MouseMovementEvent>
        <MouseMovementEvent>
          <Type>3</Type>
          <X>826</X>
          <Y>230</Y>
          <Delay>9</Delay>
        </MouseMovementEvent>
        <MouseMovementEvent>
          <Type>3</Type>
          <X>826</X>
          <Y>231</Y>
          <Delay>6</Delay>
        </MouseMovementEvent>
      </MouseMovement>
    </MacroEvent>
    <MacroEvent>
      <Type>2</Type>
      <Delay>11</Delay>
      <MouseEvent>
        <MouseButton>1</MouseButton>
        <State>0</State>
      </MouseEvent>
    </MacroEvent>
    <MacroEvent>
      <Type>2</Type>
      <Delay>15</Delay>
      <MouseEvent>
        <MouseButton>1</MouseButton>
        <State>1</State>
      </MouseEvent>
    </MacroEvent>
    <MacroEvent>
      <Type>3</Type>
      <Delay>40</Delay>
      <MouseMovement>
        <MouseMovementEvent>
          <Type>3</Type>
          <X>826</X>
          <Y>232</Y>
        </MouseMovementEvent>
      </MouseMovement>
    </MacroEvent>
    <MacroEvent>
      <Type>2</Type>
      <Delay>55</Delay>
      <MouseEvent>
        <MouseButton>1</MouseButton>
        <State>0</State>
      </MouseEvent>
    </MacroEvent>
    <MacroEvent>
      <Type>2</Type>
      <Delay>11</Delay>
      <MouseEvent>
        <MouseButton>1</MouseButton>
        <State>1</State>
      </MouseEvent>
    </MacroEvent>
    <MacroEvent>
      <Type>3</Type>
      <Delay>75</Delay>
      <MouseMovement>
        <MouseMovementEvent>
          <Type>3</Type>
          <X>826</X>
          <Y>233</Y>
        </MouseMovementEvent>
        <MouseMovementEvent>
          <Type>3</Type>
          <X>826</X>
          <Y>234</Y>
          <Delay>9</Delay>
        </MouseMovementEvent>
        <MouseMovementEvent>
          <Type>3</Type>
          <X>826</X>
          <Y>235</Y>
          <Delay>6</Delay>
        </MouseMovementEvent>
      </MouseMovement>
    </MacroEvent>
    <MacroEvent>
      <Type>2</Type>
      <Delay>9</Delay>
      <MouseEvent>
        <MouseButton>1</MouseButton>
        <State>0</State>
      </MouseEvent>
    </MacroEvent>
    <MacroEvent>
      <Type>2</Type>
      <Delay>11</Delay>
      <MouseEvent>
        <MouseButton>1</MouseButton>
        <State>1</State>
      </MouseEvent>
    </MacroEvent>
    <MacroEvent>
      <Type>3</Type>
      <Delay>42</Delay>
      <MouseMovement>
        <MouseMovementEvent>
          <Type>3</Type>
          <X>826</X>
          <Y>236</Y>
        </MouseMovementEvent>
      </MouseMovement>
    </MacroEvent>
    <MacroEvent>
      <Type>2</Type>
      <Delay>55</Delay>
      <MouseEvent>
        <MouseButton>1</MouseButton>
        <State>0</State>
      </MouseEvent>
    </MacroEvent>
    <MacroEvent>
      <Type>2</Type>
      <Delay>11</Delay>
      <MouseEvent>
        <MouseButton>1</MouseButton>
        <State>1</State>
      </MouseEvent>
    </MacroEvent>
    <MacroEvent>
      <Type>3</Type>
      <Delay>78</Delay>
      <MouseMovement>
        <MouseMovementEvent>
          <Type>3</Type>
          <X>826</X>
          <Y>237</Y>
        </MouseMovementEvent>
        <MouseMovementEvent>
          <Type>3</Type>
          <X>826</X>
          <Y>239</Y>
          <Delay>10</Delay>
        </MouseMovementEvent>
      </MouseMovement>
    </MacroEvent>
    <MacroEvent>
      <Type>2</Type>
      <Delay>10</Delay>
      <MouseEvent>
        <MouseButton>1</MouseButton>
        <State>0</State>
      </MouseEvent>
    </MacroEvent>
    <MacroEvent>
      <Type>2</Type>
      <Delay>15</Delay>
      <MouseEvent>
        <MouseButton>1</MouseButton>
        <State>1</State>
      </MouseEvent>
    </MacroEvent>
    <MacroEvent>
      <Type>3</Type>
      <Delay>39</Delay>
      <MouseMovement>
        <MouseMovementEvent>
          <Type>3</Type>
          <X>826</X>
          <Y>240</Y>
        </MouseMovementEvent>
      </MouseMovement>
    </MacroEvent>
    <MacroEvent>
      <Type>2</Type>
      <Delay>55</Delay>
      <MouseEvent>
        <MouseButton>1</MouseButton>
        <State>0</State>
      </MouseEvent>
    </MacroEvent>
    <MacroEvent>
      <Type>2</Type>
      <Delay>14</Delay>
      <MouseEvent>
        <MouseButton>1</MouseButton>
        <State>1</State>
      </MouseEvent>
    </MacroEvent>
    <MacroEvent>
      <Type>3</Type>
      <Delay>80</Delay>
      <MouseMovement>
        <MouseMovementEvent>
          <Type>3</Type>
          <X>826</X>
          <Y>241</Y>
        </MouseMovementEvent>
        <MouseMovementEvent>
          <Type>3</Type>
          <X>826</X>
          <Y>243</Y>
          <Delay>12</Delay>
        </MouseMovementEvent>
      </MouseMovement>
    </MacroEvent>
    <MacroEvent>
      <Type>2</Type>
      <Delay>5</Delay>
      <MouseEvent>
        <MouseButton>1</MouseButton>
        <State>0</State>
      </MouseEvent>
    </MacroEvent>
    <MacroEvent>
      <Type>2</Type>
      <Delay>10</Delay>
      <MouseEvent>
        <MouseButton>1</MouseButton>
        <State>1</State>
      </MouseEvent>
    </MacroEvent>
    <MacroEvent>
      <Type>3</Type>
      <Delay>41</Delay>
      <MouseMovement>
        <MouseMovementEvent>
          <Type>3</Type>
          <X>826</X>
          <Y>244</Y>
        </MouseMovementEvent>
      </MouseMovement>
    </MacroEvent>
    <MacroEvent>
      <Type>2</Type>
      <Delay>55</Delay>
      <MouseEvent>
        <MouseButton>1</MouseButton>
        <State>0</State>
      </MouseEvent>
    </MacroEvent>
    <MacroEvent>
      <Type>2</Type>
      <Delay>10</Delay>
      <MouseEvent>
        <MouseButton>1</MouseButton>
        <State>1</State>
      </MouseEvent>
    </MacroEvent>
    <MacroEvent>
      <Type>3</Type>
      <Delay>92</Delay>
      <MouseMovement>
        <MouseMovementEvent>
          <Type>3</Type>
          <X>826</X>
          <Y>245</Y>
        </MouseMovementEvent>
      </MouseMovement>
    </MacroEvent>
    <MacroEvent>
      <Type>2</Type>
      <Delay>10</Delay>
      <MouseEvent>
        <MouseButton>1</MouseButton>
        <State>0</State>
      </MouseEvent>
    </MacroEvent>
    <MacroEvent>
      <Type>2</Type>
      <Delay>15</Delay>
      <MouseEvent>
        <MouseButton>1</MouseButton>
        <State>1</State>
      </MouseEvent>
    </MacroEvent>
    <MacroEvent>
      <Type>3</Type>
      <Delay>36</Delay>
      <MouseMovement>
        <MouseMovementEvent>
          <Type>3</Type>
          <X>826</X>
          <Y>246</Y>
        </MouseMovementEvent>
      </MouseMovement>
    </MacroEvent>
    <MacroEvent>
      <Type>2</Type>
      <Delay>55</Delay>
      <MouseEvent>
        <MouseButton>1</MouseButton>
        <State>0</State>
      </MouseEvent>
    </MacroEvent>
    <MacroEvent>
      <Type>2</Type>
      <Delay>18</Delay>
      <MouseEvent>
        <MouseButton>1</MouseButton>
        <State>1</State>
      </MouseEvent>
    </MacroEvent>
    <MacroEvent>
      <Type>3</Type>
      <Delay>24</Delay>
      <MouseMovement>
        <MouseMovementEvent>
          <Type>3</Type>
          <X>826</X>
          <Y>247</Y>
        </MouseMovementEvent>
        <MouseMovementEvent>
          <Type>3</Type>
          <X>826</X>
          <Y>248</Y>
          <Delay>16</Delay>
        </MouseMovementEvent>
        <MouseMovementEvent>
          <Type>3</Type>
          <X>826</X>
          <Y>249</Y>
          <Delay>39</Delay>
        </MouseMovementEvent>
      </MouseMovement>
    </MacroEvent>
    <MacroEvent>
      <Type>2</Type>
      <Delay>12</Delay>
      <MouseEvent>
        <MouseButton>1</MouseButton>
        <State>0</State>
      </MouseEvent>
    </MacroEvent>
    <MacroEvent>
      <Type>2</Type>
      <Delay>15</Delay>
      <MouseEvent>
        <MouseButton>1</MouseButton>
        <State>1</State>
      </MouseEvent>
    </MacroEvent>
    <MacroEvent>
      <Type>3</Type>
      <Delay>91</Delay>
      <MouseMovement>
        <MouseMovementEvent>
          <Type>3</Type>
          <X>826</X>
          <Y>250</Y>
        </MouseMovementEvent>
      </MouseMovement>
    </MacroEvent>
    <MacroEvent>
      <Type>2</Type>
      <Delay>10</Delay>
      <MouseEvent>
        <MouseButton>1</MouseButton>
        <State>0</State>
      </MouseEvent>
    </MacroEvent>
    <MacroEvent>
      <Type>2</Type>
      <Delay>11</Delay>
      <MouseEvent>
        <MouseButton>1</MouseButton>
        <State>1</State>
      </MouseEvent>
    </MacroEvent>
    <MacroEvent>
      <Type>3</Type>
      <Delay>24</Delay>
      <MouseMovement>
        <MouseMovementEvent>
          <Type>3</Type>
          <X>826</X>
          <Y>251</Y>
        </MouseMovementEvent>
        <MouseMovementEvent>
          <Type>3</Type>
          <X>826</X>
          <Y>252</Y>
          <Delay>15</Delay>
        </MouseMovementEvent>
        <MouseMovementEvent>
          <Type>3</Type>
          <X>826</X>
          <Y>253</Y>
          <Delay>39</Delay>
        </MouseMovementEvent>
      </MouseMovement>
    </MacroEvent>
    <MacroEvent>
      <Type>2</Type>
      <Delay>12</Delay>
      <MouseEvent>
        <MouseButton>1</MouseButton>
        <State>0</State>
      </MouseEvent>
    </MacroEvent>
    <MacroEvent>
      <Type>2</Type>
      <Delay>11</Delay>
      <MouseEvent>
        <MouseButton>1</MouseButton>
        <State>1</State>
      </MouseEvent>
    </MacroEvent>
    <MacroEvent>
      <Type>3</Type>
      <Delay>108</Delay>
      <MouseMovement>
        <MouseMovementEvent>
          <Type>3</Type>
          <X>826</X>
          <Y>254</Y>
        </MouseMovementEvent>
      </MouseMovement>
    </MacroEvent>
    <MacroEvent>
      <Type>2</Type>
      <Delay>17</Delay>
      <MouseEvent>
        <MouseButton>1</MouseButton>
        <State>0</State>
      </MouseEvent>
    </MacroEvent>
    <MacroEvent>
      <Type>2</Type>
      <Delay>11</Delay>
      <MouseEvent>
        <MouseButton>1</MouseButton>
        <State>1</State>
      </MouseEvent>
    </MacroEvent>
    <MacroEvent>
      <Type>3</Type>
      <Delay>9</Delay>
      <MouseMovement>
        <MouseMovementEvent>
          <Type>3</Type>
          <X>826</X>
          <Y>255</Y>
        </MouseMovementEvent>
        <MouseMovementEvent>
          <Type>3</Type>
          <X>826</X>
          <Y>256</Y>
          <Delay>11</Delay>
        </MouseMovementEvent>
        <MouseMovementEvent>
          <Type>3</Type>
          <X>826</X>
          <Y>257</Y>
          <Delay>38</Delay>
        </MouseMovementEvent>
      </MouseMovement>
    </MacroEvent>
    <MacroEvent>
      <Type>2</Type>
      <Delay>12</Delay>
      <MouseEvent>
        <MouseButton>1</MouseButton>
        <State>0</State>
      </MouseEvent>
    </MacroEvent>
    <MacroEvent>
      <Type>2</Type>
      <Delay>16</Delay>
      <MouseEvent>
        <MouseButton>1</MouseButton>
        <State>1</State>
      </MouseEvent>
    </MacroEvent>
    <MacroEvent>
      <Type>3</Type>
      <Delay>98</Delay>
      <MouseMovement>
        <MouseMovementEvent>
          <Type>3</Type>
          <X>826</X>
          <Y>258</Y>
        </MouseMovementEvent>
      </MouseMovement>
    </MacroEvent>
    <MacroEvent>
      <Type>2</Type>
      <Delay>10</Delay>
      <MouseEvent>
        <MouseButton>1</MouseButton>
        <State>0</State>
      </MouseEvent>
    </MacroEvent>
    <MacroEvent>
      <Type>2</Type>
      <Delay>13</Delay>
      <MouseEvent>
        <MouseButton>1</MouseButton>
        <State>1</State>
      </MouseEvent>
    </MacroEvent>
    <MacroEvent>
      <Type>3</Type>
      <Delay>17</Delay>
      <MouseMovement>
        <MouseMovementEvent>
          <Type>3</Type>
          <X>826</X>
          <Y>259</Y>
        </MouseMovementEvent>
        <MouseMovementEvent>
          <Type>3</Type>
          <X>826</X>
          <Y>260</Y>
          <Delay>11</Delay>
        </MouseMovementEvent>
        <MouseMovementEvent>
          <Type>3</Type>
          <X>826</X>
          <Y>261</Y>
          <Delay>40</Delay>
        </MouseMovementEvent>
      </MouseMovement>
    </MacroEvent>
    <MacroEvent>
      <Type>2</Type>
      <Delay>13</Delay>
      <MouseEvent>
        <MouseButton>1</MouseButton>
        <State>0</State>
      </MouseEvent>
    </MacroEvent>
    <MacroEvent>
      <Type>2</Type>
      <Delay>11</Delay>
      <MouseEvent>
        <MouseButton>1</MouseButton>
        <State>1</State>
      </MouseEvent>
    </MacroEvent>
    <MacroEvent>
      <Type>3</Type>
      <Delay>110</Delay>
      <MouseMovement>
        <MouseMovementEvent>
          <Type>3</Type>
          <X>826</X>
          <Y>262</Y>
        </MouseMovementEvent>
      </MouseMovement>
    </MacroEvent>
    <MacroEvent>
      <Type>2</Type>
      <Delay>11</Delay>
      <MouseEvent>
        <MouseButton>1</MouseButton>
        <State>0</State>
      </MouseEvent>
    </MacroEvent>
    <MacroEvent>
      <Type>2</Type>
      <Delay>12</Delay>
      <MouseEvent>
        <MouseButton>1</MouseButton>
        <State>1</State>
      </MouseEvent>
    </MacroEvent>
    <MacroEvent>
      <Type>3</Type>
      <Delay>10</Delay>
      <MouseMovement>
        <MouseMovementEvent>
          <Type>3</Type>
          <X>826</X>
          <Y>263</Y>
        </MouseMovementEvent>
        <MouseMovementEvent>
          <Type>3</Type>
          <X>826</X>
          <Y>264</Y>
          <Delay>15</Delay>
        </MouseMovementEvent>
        <MouseMovementEvent>
          <Type>3</Type>
          <X>826</X>
          <Y>265</Y>
          <Delay>37</Delay>
        </MouseMovementEvent>
      </MouseMovement>
    </MacroEvent>
    <MacroEvent>
      <Type>2</Type>
      <Delay>12</Delay>
      <MouseEvent>
        <MouseButton>1</MouseButton>
        <State>0</State>
      </MouseEvent>
    </MacroEvent>
    <MacroEvent>
      <Type>2</Type>
      <Delay>11</Delay>
      <MouseEvent>
        <MouseButton>1</MouseButton>
        <State>1</State>
      </MouseEvent>
    </MacroEvent>
    <MacroEvent>
      <Type>3</Type>
      <Delay>109</Delay>
      <MouseMovement>
        <MouseMovementEvent>
          <Type>3</Type>
          <X>826</X>
          <Y>266</Y>
        </MouseMovementEvent>
      </MouseMovement>
    </MacroEvent>
    <MacroEvent>
      <Type>2</Type>
      <Delay>15</Delay>
      <MouseEvent>
        <MouseButton>1</MouseButton>
        <State>0</State>
      </MouseEvent>
    </MacroEvent>
    <MacroEvent>
      <Type>2</Type>
      <Delay>12</Delay>
      <MouseEvent>
        <MouseButton>1</MouseButton>
        <State>1</State>
      </MouseEvent>
    </MacroEvent>
    <MacroEvent>
      <Type>3</Type>
      <Delay>10</Delay>
      <MouseMovement>
        <MouseMovementEvent>
          <Type>3</Type>
          <X>826</X>
          <Y>267</Y>
        </MouseMovementEvent>
        <MouseMovementEvent>
          <Type>3</Type>
          <X>826</X>
          <Y>268</Y>
          <Delay>11</Delay>
        </MouseMovementEvent>
        <MouseMovementEvent>
          <Type>3</Type>
          <X>826</X>
          <Y>269</Y>
          <Delay>37</Delay>
        </MouseMovementEvent>
      </MouseMovement>
    </MacroEvent>
    <MacroEvent>
      <Type>2</Type>
      <Delay>12</Delay>
      <MouseEvent>
        <MouseButton>1</MouseButton>
        <State>0</State>
      </MouseEvent>
    </MacroEvent>
    <MacroEvent>
      <Type>2</Type>
      <Delay>14</Delay>
      <MouseEvent>
        <MouseButton>1</MouseButton>
        <State>1</State>
      </MouseEvent>
    </MacroEvent>
    <MacroEvent>
      <Type>3</Type>
      <Delay>111</Delay>
      <MouseMovement>
        <MouseMovementEvent>
          <Type>3</Type>
          <X>826</X>
          <Y>270</Y>
        </MouseMovementEvent>
      </MouseMovement>
    </MacroEvent>
    <MacroEvent>
      <Type>2</Type>
      <Delay>11</Delay>
      <MouseEvent>
        <MouseButton>1</MouseButton>
        <State>0</State>
      </MouseEvent>
    </MacroEvent>
    <MacroEvent>
      <Type>2</Type>
      <Delay>15</Delay>
      <MouseEvent>
        <MouseButton>1</MouseButton>
        <State>1</State>
      </MouseEvent>
    </MacroEvent>
    <MacroEvent>
      <Type>3</Type>
      <Delay>10</Delay>
      <MouseMovement>
        <MouseMovementEvent>
          <Type>3</Type>
          <X>826</X>
          <Y>271</Y>
        </MouseMovementEvent>
        <MouseMovementEvent>
          <Type>3</Type>
          <X>826</X>
          <Y>272</Y>
          <Delay>11</Delay>
        </MouseMovementEvent>
        <MouseMovementEvent>
          <Type>3</Type>
          <X>826</X>
          <Y>273</Y>
          <Delay>34</Delay>
        </MouseMovementEvent>
      </MouseMovement>
    </MacroEvent>
    <MacroEvent>
      <Type>2</Type>
      <Delay>12</Delay>
      <MouseEvent>
        <MouseButton>1</MouseButton>
        <State>0</State>
      </MouseEvent>
    </MacroEvent>
    <MacroEvent>
      <Type>2</Type>
      <Delay>17</Delay>
      <MouseEvent>
        <MouseButton>1</MouseButton>
        <State>1</State>
      </MouseEvent>
    </MacroEvent>
    <MacroEvent>
      <Type>3</Type>
      <Delay>119</Delay>
      <MouseMovement>
        <MouseMovementEvent>
          <Type>3</Type>
          <X>826</X>
          <Y>274</Y>
        </MouseMovementEvent>
      </MouseMovement>
    </MacroEvent>
    <MacroEvent>
      <Type>2</Type>
      <Delay>12</Delay>
      <MouseEvent>
        <MouseButton>1</MouseButton>
        <State>0</State>
      </MouseEvent>
    </MacroEvent>
    <MacroEvent>
      <Type>3</Type>
      <Delay>11</Delay>
      <MouseMovement>
        <MouseMovementEvent>
          <Type>3</Type>
          <X>826</X>
          <Y>275</Y>
        </MouseMovementEvent>
      </MouseMovement>
    </MacroEvent>
    <MacroEvent>
      <Type>2</Type>
      <Delay>16</Delay>
      <MouseEvent>
        <MouseButton>1</MouseButton>
        <State>1</State>
      </MouseEvent>
    </MacroEvent>
    <MacroEvent>
      <Type>3</Type>
      <Delay>12</Delay>
      <MouseMovement>
        <MouseMovementEvent>
          <Type>3</Type>
          <X>826</X>
          <Y>274</Y>
        </MouseMovementEvent>
        <MouseMovementEvent>
          <Type>3</Type>
          <X>826</X>
          <Y>276</Y>
          <Delay>11</Delay>
        </MouseMovementEvent>
        <MouseMovementEvent>
          <Type>3</Type>
          <X>826</X>
          <Y>277</Y>
          <Delay>16</Delay>
        </MouseMovementEvent>
      </MouseMovement>
    </MacroEvent>
    <MacroEvent>
      <Type>2</Type>
      <Delay>5</Delay>
      <MouseEvent>
        <MouseButton>1</MouseButton>
        <State>0</State>
      </MouseEvent>
    </MacroEvent>
    <MacroEvent>
      <Type>2</Type>
      <Delay>16</Delay>
      <MouseEvent>
        <MouseButton>1</MouseButton>
        <State>1</State>
      </MouseEvent>
    </MacroEvent>
    <MacroEvent>
      <Type>3</Type>
      <Delay>124</Delay>
      <MouseMovement>
        <MouseMovementEvent>
          <Type>3</Type>
          <X>826</X>
          <Y>278</Y>
        </MouseMovementEvent>
        <MouseMovementEvent>
          <Type>3</Type>
          <X>826</X>
          <Y>279</Y>
          <Delay>12</Delay>
        </MouseMovementEvent>
      </MouseMovement>
    </MacroEvent>
    <MacroEvent>
      <Type>2</Type>
      <MouseEvent>
        <MouseButton>1</MouseButton>
        <State>0</State>
      </MouseEvent>
    </MacroEvent>
    <MacroEvent>
      <Type>3</Type>
      <Delay>15</Delay>
      <MouseMovement>
        <MouseMovementEvent>
          <Type>3</Type>
          <X>826</X>
          <Y>278</Y>
        </MouseMovementEvent>
        <MouseMovementEvent>
          <Type>3</Type>
          <X>826</X>
          <Y>280</Y>
          <Delay>13</Delay>
        </MouseMovementEvent>
      </MouseMovement>
    </MacroEvent>
    <MacroEvent>
      <Type>2</Type>
      <MouseEvent>
        <MouseButton>1</MouseButton>
        <State>1</State>
      </MouseEvent>
    </MacroEvent>
    <MacroEvent>
      <Type>3</Type>
      <Delay>12</Delay>
      <MouseMovement>
        <MouseMovementEvent>
          <Type>3</Type>
          <X>826</X>
          <Y>278</Y>
        </MouseMovementEvent>
        <MouseMovementEvent>
          <Type>3</Type>
          <X>826</X>
          <Y>281</Y>
          <Delay>12</Delay>
        </MouseMovementEvent>
      </MouseMovement>
    </MacroEvent>
    <MacroEvent>
      <Type>2</Type>
      <Delay>16</Delay>
      <MouseEvent>
        <MouseButton>1</MouseButton>
        <State>0</State>
      </MouseEvent>
    </MacroEvent>
    <MacroEvent>
      <Type>2</Type>
      <Delay>8</Delay>
      <MouseEvent>
        <MouseButton>1</MouseButton>
        <State>1</State>
      </MouseEvent>
    </MacroEvent>
    <MacroEvent>
      <Type>3</Type>
      <Delay>133</Delay>
      <MouseMovement>
        <MouseMovementEvent>
          <Type>3</Type>
          <X>826</X>
          <Y>282</Y>
        </MouseMovementEvent>
        <MouseMovementEvent>
          <Type>3</Type>
          <X>826</X>
          <Y>283</Y>
          <Delay>17</Delay>
        </MouseMovementEvent>
        <MouseMovementEvent>
          <Type>3</Type>
          <X>826</X>
          <Y>284</Y>
        </MouseMovementEvent>
      </MouseMovement>
    </MacroEvent>
    <MacroEvent>
      <Type>2</Type>
      <MouseEvent>
        <MouseButton>1</MouseButton>
        <State>0</State>
      </MouseEvent>
    </MacroEvent>
    <MacroEvent>
      <Type>3</Type>
      <Delay>11</Delay>
      <MouseMovement>
        <MouseMovementEvent>
          <Type>3</Type>
          <X>826</X>
          <Y>282</Y>
        </MouseMovementEvent>
      </MouseMovement>
    </MacroEvent>
    <MacroEvent>
      <Type>2</Type>
      <Delay>11</Delay>
      <MouseEvent>
        <MouseButton>1</MouseButton>
        <State>1</State>
      </MouseEvent>
    </MacroEvent>
    <MacroEvent>
      <Type>3</Type>
      <Delay>31</Delay>
      <MouseMovement>
        <MouseMovementEvent>
          <Type>3</Type>
          <X>826</X>
          <Y>285</Y>
        </MouseMovementEvent>
      </MouseMovement>
    </MacroEvent>
    <MacroEvent>
      <Type>2</Type>
      <Delay>7</Delay>
      <MouseEvent>
        <MouseButton>1</MouseButton>
        <State>0</State>
      </MouseEvent>
    </MacroEvent>
    <MacroEvent>
      <Type>2</Type>
      <Delay>8</Delay>
      <MouseEvent>
        <MouseButton>1</MouseButton>
        <State>1</State>
      </MouseEvent>
    </MacroEvent>
    <MacroEvent>
      <Type>3</Type>
      <Delay>142</Delay>
      <MouseMovement>
        <MouseMovementEvent>
          <Type>3</Type>
          <X>826</X>
          <Y>286</Y>
        </MouseMovementEvent>
        <MouseMovementEvent>
          <Type>3</Type>
          <X>826</X>
          <Y>288</Y>
          <Delay>11</Delay>
        </MouseMovementEvent>
      </MouseMovement>
    </MacroEvent>
    <MacroEvent>
      <Type>2</Type>
      <MouseEvent>
        <MouseButton>1</MouseButton>
        <State>0</State>
      </MouseEvent>
    </MacroEvent>
    <MacroEvent>
      <Type>3</Type>
      <Delay>14</Delay>
      <MouseMovement>
        <MouseMovementEvent>
          <Type>3</Type>
          <X>826</X>
          <Y>286</Y>
        </MouseMovementEvent>
      </MouseMovement>
    </MacroEvent>
    <MacroEvent>
      <Type>2</Type>
      <Delay>11</Delay>
      <MouseEvent>
        <MouseButton>1</MouseButton>
        <State>1</State>
      </MouseEvent>
    </MacroEvent>
    <MacroEvent>
      <Type>3</Type>
      <Delay>16</Delay>
      <MouseMovement>
        <MouseMovementEvent>
          <Type>3</Type>
          <X>826</X>
          <Y>289</Y>
        </MouseMovementEvent>
      </MouseMovement>
    </MacroEvent>
    <MacroEvent>
      <Type>2</Type>
      <Delay>12</Delay>
      <MouseEvent>
        <MouseButton>1</MouseButton>
        <State>0</State>
      </MouseEvent>
    </MacroEvent>
    <MacroEvent>
      <Type>2</Type>
      <Delay>12</Delay>
      <MouseEvent>
        <MouseButton>1</MouseButton>
        <State>1</State>
      </MouseEvent>
    </MacroEvent>
    <MacroEvent>
      <Type>3</Type>
      <Delay>42</Delay>
      <MouseMovement>
        <MouseMovementEvent>
          <Type>3</Type>
          <X>826</X>
          <Y>290</Y>
        </MouseMovementEvent>
      </MouseMovement>
    </MacroEvent>
    <MacroEvent>
      <Type>2</Type>
      <Delay>131</Delay>
      <MouseEvent>
        <MouseButton>1</MouseButton>
        <State>0</State>
      </MouseEvent>
    </MacroEvent>
    <MacroEvent>
      <Type>3</Type>
      <Delay>17</Delay>
      <MouseMovement>
        <MouseMovementEvent>
          <Type>3</Type>
          <X>826</X>
          <Y>291</Y>
        </MouseMovementEvent>
      </MouseMovement>
    </MacroEvent>
    <MacroEvent>
      <Type>2</Type>
      <Delay>12</Delay>
      <MouseEvent>
        <MouseButton>1</MouseButton>
        <State>1</State>
      </MouseEvent>
    </MacroEvent>
    <MacroEvent>
      <Type>3</Type>
      <Delay>12</Delay>
      <MouseMovement>
        <MouseMovementEvent>
          <Type>3</Type>
          <X>826</X>
          <Y>290</Y>
        </MouseMovementEvent>
        <MouseMovementEvent>
          <Type>3</Type>
          <X>826</X>
          <Y>293</Y>
          <Delay>12</Delay>
        </MouseMovementEvent>
      </MouseMovement>
    </MacroEvent>
    <MacroEvent>
      <Type>2</Type>
      <MouseEvent>
        <MouseButton>1</MouseButton>
        <State>0</State>
      </MouseEvent>
    </MacroEvent>
    <MacroEvent>
      <Type>2</Type>
      <Delay>17</Delay>
      <MouseEvent>
        <MouseButton>1</MouseButton>
        <State>1</State>
      </MouseEvent>
    </MacroEvent>
    <MacroEvent>
      <Type>3</Type>
      <Delay>29</Delay>
      <MouseMovement>
        <MouseMovementEvent>
          <Type>3</Type>
          <X>826</X>
          <Y>294</Y>
        </MouseMovementEvent>
      </MouseMovement>
    </MacroEvent>
    <MacroEvent>
      <Type>2</Type>
      <Delay>138</Delay>
      <MouseEvent>
        <MouseButton>1</MouseButton>
        <State>0</State>
      </MouseEvent>
    </MacroEvent>
    <MacroEvent>
      <Type>3</Type>
      <Delay>14</Delay>
      <MouseMovement>
        <MouseMovementEvent>
          <Type>3</Type>
          <X>826</X>
          <Y>295</Y>
        </MouseMovementEvent>
      </MouseMovement>
    </MacroEvent>
    <MacroEvent>
      <Type>2</Type>
      <Delay>12</Delay>
      <MouseEvent>
        <MouseButton>1</MouseButton>
        <State>1</State>
      </MouseEvent>
    </MacroEvent>
    <MacroEvent>
      <Type>3</Type>
      <Delay>13</Delay>
      <MouseMovement>
        <MouseMovementEvent>
          <Type>3</Type>
          <X>826</X>
          <Y>294</Y>
        </MouseMovementEvent>
      </MouseMovement>
    </MacroEvent>
    <MacroEvent>
      <Type>2</Type>
      <Delay>17</Delay>
      <MouseEvent>
        <MouseButton>1</MouseButton>
        <State>0</State>
      </MouseEvent>
    </MacroEvent>
    <MacroEvent>
      <Type>3</Type>
      <Delay>12</Delay>
      <MouseMovement>
        <MouseMovementEvent>
          <Type>3</Type>
          <X>826</X>
          <Y>295</Y>
        </MouseMovementEvent>
        <MouseMovementEvent>
          <Type>3</Type>
          <X>826</X>
          <Y>296</Y>
          <Delay>11</Delay>
        </MouseMovementEvent>
      </MouseMovement>
    </MacroEvent>
    <MacroEvent>
      <Type>2</Type>
      <MouseEvent>
        <MouseButton>1</MouseButton>
        <State>1</State>
      </MouseEvent>
    </MacroEvent>
    <MacroEvent>
      <Type>3</Type>
      <Delay>17</Delay>
      <MouseMovement>
        <MouseMovementEvent>
          <Type>3</Type>
          <X>826</X>
          <Y>295</Y>
        </MouseMovementEvent>
      </MouseMovement>
    </MacroEvent>
    <MacroEvent>
      <Type>2</Type>
      <Delay>35</Delay>
      <MouseEvent>
        <MouseButton>1</MouseButton>
        <State>0</State>
      </MouseEvent>
    </MacroEvent>
    <MacroEvent>
      <Type>3</Type>
      <Delay>12</Delay>
      <MouseMovement>
        <MouseMovementEvent>
          <Type>3</Type>
          <X>826</X>
          <Y>296</Y>
        </MouseMovementEvent>
        <MouseMovementEvent>
          <Type>3</Type>
          <X>826</X>
          <Y>297</Y>
          <Delay>18</Delay>
        </MouseMovementEvent>
      </MouseMovement>
    </MacroEvent>
    <MacroEvent>
      <Type>2</Type>
      <MouseEvent>
        <MouseButton>1</MouseButton>
        <State>1</State>
      </MouseEvent>
    </MacroEvent>
    <MacroEvent>
      <Type>3</Type>
      <Delay>12</Delay>
      <MouseMovement>
        <MouseMovementEvent>
          <Type>3</Type>
          <X>826</X>
          <Y>296</Y>
        </MouseMovementEvent>
        <MouseMovementEvent>
          <Type>3</Type>
          <X>826</X>
          <Y>298</Y>
          <Delay>13</Delay>
        </MouseMovementEvent>
        <MouseMovementEvent>
          <Type>3</Type>
          <X>826</X>
          <Y>299</Y>
          <Delay>28</Delay>
        </MouseMovementEvent>
      </MouseMovement>
    </MacroEvent>
    <MacroEvent>
      <Type>2</Type>
      <Delay>10</Delay>
      <MouseEvent>
        <MouseButton>1</MouseButton>
        <State>0</State>
      </MouseEvent>
    </MacroEvent>
    <MacroEvent>
      <Type>2</Type>
      <Delay>13</Delay>
      <MouseEvent>
        <MouseButton>1</MouseButton>
        <State>1</State>
      </MouseEvent>
    </MacroEvent>
    <MacroEvent>
      <Type>3</Type>
      <Delay>155</Delay>
      <MouseMovement>
        <MouseMovementEvent>
          <Type>3</Type>
          <X>826</X>
          <Y>300</Y>
        </MouseMovementEvent>
      </MouseMovement>
    </MacroEvent>
    <MacroEvent>
      <Type>2</Type>
      <Delay>12</Delay>
      <MouseEvent>
        <MouseButton>1</MouseButton>
        <State>0</State>
      </MouseEvent>
    </MacroEvent>
    <MacroEvent>
      <Type>2</Type>
      <Delay>13</Delay>
      <MouseEvent>
        <MouseButton>1</MouseButton>
        <State>1</State>
      </MouseEvent>
    </MacroEvent>
    <MacroEvent>
      <Type>2</Type>
      <Delay>26</Delay>
      <MouseEvent>
        <MouseButton>1</MouseButton>
        <State>0</State>
      </MouseEvent>
    </MacroEvent>
    <MacroEvent>
      <Type>2</Type>
      <Delay>7</Delay>
      <MouseEvent>
        <MouseButton>1</MouseButton>
        <State>1</State>
      </MouseEvent>
    </MacroEvent>
    <MacroEvent>
      <Type>3</Type>
      <Delay>47</Delay>
      <MouseMovement>
        <MouseMovementEvent>
          <Type>3</Type>
          <X>826</X>
          <Y>301</Y>
        </MouseMovementEvent>
      </MouseMovement>
    </MacroEvent>
    <MacroEvent>
      <Type>2</Type>
      <Delay>56</Delay>
      <MouseEvent>
        <MouseButton>1</MouseButton>
        <State>0</State>
      </MouseEvent>
    </MacroEvent>
    <MacroEvent>
      <Type>2</Type>
      <Delay>13</Delay>
      <MouseEvent>
        <MouseButton>1</MouseButton>
        <State>1</State>
      </MouseEvent>
    </MacroEvent>
    <MacroEvent>
      <Type>2</Type>
      <Delay>36</Delay>
      <MouseEvent>
        <MouseButton>1</MouseButton>
        <State>0</State>
      </MouseEvent>
    </MacroEvent>
    <MacroEvent>
      <Type>2</Type>
      <Delay>19</Delay>
      <MouseEvent>
        <MouseButton>1</MouseButton>
        <State>1</State>
      </MouseEvent>
    </MacroEvent>
  </MacroEvents>
</Macro>