﻿<?xml version="1.0" encoding="utf-8"?>
<Macro xmlns:xsi="http://www.w3.org/2001/XMLSchema-instance" xmlns:xsd="http://www.w3.org/2001/XMLSchema">
  <Name>ColdWar-DMR14-Scope</Name>
  <Guid>a9c05291-17be-4a6d-aadf-b64934fb6faa</Guid>
  <MacroEvents>
    <MacroEvent>
      <Type>2</Type>
      <Delay>10</Delay>
      <MouseEvent>
        <MouseButton>1</MouseButton>
        <State>0</State>
      </MouseEvent>
    </MacroEvent>
    <MacroEvent>
      <Type>2</Type>
      <Delay>8</Delay>
      <MouseEvent>
        <MouseButton>1</MouseButton>
        <State>1</State>
      </MouseEvent>
    </MacroEvent>
    <MacroEvent>
      <Type>3</Type>
      <Delay>34</Delay>
      <MouseMovement>
        <MouseMovementEvent>
          <Type>3</Type>
          <X>836</X>
          <Y>148</Y>
        </MouseMovementEvent>
        <MouseMovementEvent>
          <Type>3</Type>
          <X>834</X>
          <Y>154</Y>
          <Delay>13</Delay>
        </MouseMovementEvent>
        <MouseMovementEvent>
          <Type>3</Type>
          <X>832</X>
          <Y>160</Y>
          <Delay>42</Delay>
        </MouseMovementEvent>
        <MouseMovementEvent>
          <Type>3</Type>
          <X>830</X>
          <Y>166</Y>
          <Delay>12</Delay>
        </MouseMovementEvent>
      </MouseMovement>
    </MacroEvent>
    <MacroEvent>
      <Type>2</Type>
      <MouseEvent>
        <MouseButton>1</MouseButton>
        <State>0</State>
      </MouseEvent>
    </MacroEvent>
    <MacroEvent>
      <Type>2</Type>
      <Delay>9</Delay>
      <MouseEvent>
        <MouseButton>1</MouseButton>
        <State>1</State>
      </MouseEvent>
    </MacroEvent>
    <MacroEvent>
      <Type>3</Type>
      <Delay>33</Delay>
      <MouseMovement>
        <MouseMovementEvent>
          <Type>3</Type>
          <X>828</X>
          <Y>172</Y>
        </MouseMovementEvent>
        <MouseMovementEvent>
          <Type>3</Type>
          <X>826</X>
          <Y>178</Y>
          <Delay>13</Delay>
        </MouseMovementEvent>
        <MouseMovementEvent>
          <Type>3</Type>
          <X>824</X>
          <Y>184</Y>
          <Delay>41</Delay>
        </MouseMovementEvent>
        <MouseMovementEvent>
          <Type>3</Type>
          <X>822</X>
          <Y>190</Y>
          <Delay>12</Delay>
        </MouseMovementEvent>
      </MouseMovement>
    </MacroEvent>
    <MacroEvent>
      <Type>2</Type>
      <Delay>1</Delay>
      <MouseEvent>
        <MouseButton>1</MouseButton>
        <State>0</State>
      </MouseEvent>
    </MacroEvent>
    <MacroEvent>
      <Type>2</Type>
      <Delay>10</Delay>
      <MouseEvent>
        <MouseButton>1</MouseButton>
        <State>1</State>
      </MouseEvent>
    </MacroEvent>
    <MacroEvent>
      <Type>3</Type>
      <Delay>31</Delay>
      <MouseMovement>
        <MouseMovementEvent>
          <Type>3</Type>
          <X>814</X>
          <Y>206</Y>
        </MouseMovementEvent>
        <MouseMovementEvent>
          <Type>3</Type>
          <X>806</X>
          <Y>222</Y>
          <Delay>14</Delay>
        </MouseMovementEvent>
        <MouseMovementEvent>
          <Type>3</Type>
          <X>798</X>
          <Y>238</Y>
          <Delay>40</Delay>
        </MouseMovementEvent>
        <MouseMovementEvent>
          <Type>3</Type>
          <X>790</X>
          <Y>254</Y>
          <Delay>12</Delay>
        </MouseMovementEvent>
      </MouseMovement>
    </MacroEvent>
    <MacroEvent>
      <Type>2</Type>
      <Delay>1</Delay>
      <MouseEvent>
        <MouseButton>1</MouseButton>
        <State>0</State>
      </MouseEvent>
    </MacroEvent>
    <MacroEvent>
      <Type>2</Type>
      <Delay>15</Delay>
      <MouseEvent>
        <MouseButton>1</MouseButton>
        <State>1</State>
      </MouseEvent>
    </MacroEvent>
    <MacroEvent>
      <Type>3</Type>
      <Delay>32</Delay>
      <MouseMovement>
        <MouseMovementEvent>
          <Type>3</Type>
          <X>782</X>
          <Y>270</Y>
        </MouseMovementEvent>
        <MouseMovementEvent>
          <Type>3</Type>
          <X>774</X>
          <Y>286</Y>
          <Delay>9</Delay>
        </MouseMovementEvent>
        <MouseMovementEvent>
          <Type>3</Type>
          <X>766</X>
          <Y>302</Y>
          <Delay>40</Delay>
        </MouseMovementEvent>
        <MouseMovementEvent>
          <Type>3</Type>
          <X>768</X>
          <Y>300</Y>
          <Delay>12</Delay>
        </MouseMovementEvent>
      </MouseMovement>
    </MacroEvent>
    <MacroEvent>
      <Type>2</Type>
      <Delay>1</Delay>
      <MouseEvent>
        <MouseButton>1</MouseButton>
        <State>0</State>
      </MouseEvent>
    </MacroEvent>
    <MacroEvent>
      <Type>2</Type>
      <Delay>10</Delay>
      <MouseEvent>
        <MouseButton>1</MouseButton>
        <State>1</State>
      </MouseEvent>
    </MacroEvent>
    <MacroEvent>
      <Type>3</Type>
      <Delay>36</Delay>
      <MouseMovement>
        <MouseMovementEvent>
          <Type>3</Type>
          <X>770</X>
          <Y>298</Y>
        </MouseMovementEvent>
        <MouseMovementEvent>
          <Type>3</Type>
          <X>772</X>
          <Y>296</Y>
          <Delay>8</Delay>
        </MouseMovementEvent>
        <MouseMovementEvent>
          <Type>3</Type>
          <X>774</X>
          <Y>292</Y>
          <Delay>42</Delay>
        </MouseMovementEvent>
        <MouseMovementEvent>
          <Type>3</Type>
          <X>776</X>
          <Y>288</Y>
          <Delay>12</Delay>
        </MouseMovementEvent>
      </MouseMovement>
    </MacroEvent>
    <MacroEvent>
      <Type>2</Type>
      <Delay>1</Delay>
      <MouseEvent>
        <MouseButton>1</MouseButton>
        <State>0</State>
      </MouseEvent>
    </MacroEvent>
    <MacroEvent>
      <Type>2</Type>
      <Delay>9</Delay>
      <MouseEvent>
        <MouseButton>1</MouseButton>
        <State>1</State>
      </MouseEvent>
    </MacroEvent>
    <MacroEvent>
      <Type>3</Type>
      <Delay>40</Delay>
      <MouseMovement>
        <MouseMovementEvent>
          <Type>3</Type>
          <X>778</X>
          <Y>284</Y>
        </MouseMovementEvent>
        <MouseMovementEvent>
          <Type>3</Type>
          <X>784</X>
          <Y>280</Y>
          <Delay>8</Delay>
        </MouseMovementEvent>
        <MouseMovementEvent>
          <Type>3</Type>
          <X>792</X>
          <Y>274</Y>
          <Delay>39</Delay>
        </MouseMovementEvent>
        <MouseMovementEvent>
          <Type>3</Type>
          <X>802</X>
          <Y>266</Y>
          <Delay>12</Delay>
        </MouseMovementEvent>
      </MouseMovement>
    </MacroEvent>
    <MacroEvent>
      <Type>2</Type>
      <Delay>1</Delay>
      <MouseEvent>
        <MouseButton>1</MouseButton>
        <State>0</State>
      </MouseEvent>
    </MacroEvent>
    <MacroEvent>
      <Type>2</Type>
      <Delay>9</Delay>
      <MouseEvent>
        <MouseButton>1</MouseButton>
        <State>1</State>
      </MouseEvent>
    </MacroEvent>
    <MacroEvent>
      <Type>3</Type>
      <Delay>40</Delay>
      <MouseMovement>
        <MouseMovementEvent>
          <Type>3</Type>
          <X>808</X>
          <Y>260</Y>
        </MouseMovementEvent>
        <MouseMovementEvent>
          <Type>3</Type>
          <X>816</X>
          <Y>254</Y>
          <Delay>9</Delay>
        </MouseMovementEvent>
        <MouseMovementEvent>
          <Type>3</Type>
          <X>824</X>
          <Y>250</Y>
          <Delay>38</Delay>
        </MouseMovementEvent>
        <MouseMovementEvent>
          <Type>3</Type>
          <X>832</X>
          <Y>246</Y>
          <Delay>12</Delay>
        </MouseMovementEvent>
      </MouseMovement>
    </MacroEvent>
    <MacroEvent>
      <Type>2</Type>
      <Delay>1</Delay>
      <MouseEvent>
        <MouseButton>1</MouseButton>
        <State>0</State>
      </MouseEvent>
    </MacroEvent>
    <MacroEvent>
      <Type>2</Type>
      <Delay>14</Delay>
      <MouseEvent>
        <MouseButton>1</MouseButton>
        <State>1</State>
      </MouseEvent>
    </MacroEvent>
    <MacroEvent>
      <Type>3</Type>
      <Delay>42</Delay>
      <MouseMovement>
        <MouseMovementEvent>
          <Type>3</Type>
          <X>838</X>
          <Y>242</Y>
        </MouseMovementEvent>
        <MouseMovementEvent>
          <Type>3</Type>
          <X>846</X>
          <Y>240</Y>
          <Delay>9</Delay>
        </MouseMovementEvent>
        <MouseMovementEvent>
          <Type>3</Type>
          <X>850</X>
          <Y>238</Y>
          <Delay>31</Delay>
        </MouseMovementEvent>
        <MouseMovementEvent>
          <Type>3</Type>
          <X>854</X>
          <Y>236</Y>
          <Delay>12</Delay>
        </MouseMovementEvent>
      </MouseMovement>
    </MacroEvent>
    <MacroEvent>
      <Type>2</Type>
      <MouseEvent>
        <MouseButton>1</MouseButton>
        <State>0</State>
      </MouseEvent>
    </MacroEvent>
    <MacroEvent>
      <Type>2</Type>
      <Delay>10</Delay>
      <MouseEvent>
        <MouseButton>1</MouseButton>
        <State>1</State>
      </MouseEvent>
    </MacroEvent>
    <MacroEvent>
      <Type>3</Type>
      <Delay>45</Delay>
      <MouseMovement>
        <MouseMovementEvent>
          <Type>3</Type>
          <X>864</X>
          <Y>244</Y>
        </MouseMovementEvent>
        <MouseMovementEvent>
          <Type>3</Type>
          <X>872</X>
          <Y>252</Y>
          <Delay>8</Delay>
        </MouseMovementEvent>
        <MouseMovementEvent>
          <Type>3</Type>
          <X>880</X>
          <Y>260</Y>
          <Delay>32</Delay>
        </MouseMovementEvent>
        <MouseMovementEvent>
          <Type>3</Type>
          <X>888</X>
          <Y>268</Y>
          <Delay>12</Delay>
        </MouseMovementEvent>
      </MouseMovement>
    </MacroEvent>
    <MacroEvent>
      <Type>2</Type>
      <Delay>1</Delay>
      <MouseEvent>
        <MouseButton>1</MouseButton>
        <State>0</State>
      </MouseEvent>
    </MacroEvent>
    <MacroEvent>
      <Type>2</Type>
      <Delay>12</Delay>
      <MouseEvent>
        <MouseButton>1</MouseButton>
        <State>1</State>
      </MouseEvent>
    </MacroEvent>
    <MacroEvent>
      <Type>3</Type>
      <Delay>49</Delay>
      <MouseMovement>
        <MouseMovementEvent>
          <Type>3</Type>
          <X>874</X>
          <Y>264</Y>
        </MouseMovementEvent>
        <MouseMovementEvent>
          <Type>3</Type>
          <X>862</X>
          <Y>260</Y>
          <Delay>10</Delay>
        </MouseMovementEvent>
        <MouseMovementEvent>
          <Type>3</Type>
          <X>850</X>
          <Y>256</Y>
          <Delay>25</Delay>
        </MouseMovementEvent>
        <MouseMovementEvent>
          <Type>3</Type>
          <X>838</X>
          <Y>252</Y>
          <Delay>12</Delay>
        </MouseMovementEvent>
      </MouseMovement>
    </MacroEvent>
    <MacroEvent>
      <Type>2</Type>
      <MouseEvent>
        <MouseButton>1</MouseButton>
        <State>0</State>
      </MouseEvent>
    </MacroEvent>
    <MacroEvent>
      <Type>2</Type>
      <Delay>16</Delay>
      <MouseEvent>
        <MouseButton>1</MouseButton>
        <State>1</State>
      </MouseEvent>
    </MacroEvent>
    <MacroEvent>
      <Type>3</Type>
      <Delay>44</Delay>
      <MouseMovement>
        <MouseMovementEvent>
          <Type>3</Type>
          <X>836</X>
          <Y>248</Y>
        </MouseMovementEvent>
        <MouseMovementEvent>
          <Type>3</Type>
          <X>834</X>
          <Y>244</Y>
          <Delay>9</Delay>
        </MouseMovementEvent>
        <MouseMovementEvent>
          <Type>3</Type>
          <X>832</X>
          <Y>240</Y>
          <Delay>26</Delay>
        </MouseMovementEvent>
        <MouseMovementEvent>
          <Type>3</Type>
          <X>830</X>
          <Y>236</Y>
          <Delay>12</Delay>
        </MouseMovementEvent>
      </MouseMovement>
    </MacroEvent>
    <MacroEvent>
      <Type>2</Type>
      <Delay>1</Delay>
      <MouseEvent>
        <MouseButton>1</MouseButton>
        <State>0</State>
      </MouseEvent>
    </MacroEvent>
    <MacroEvent>
      <Type>2</Type>
      <Delay>10</Delay>
      <MouseEvent>
        <MouseButton>1</MouseButton>
        <State>1</State>
      </MouseEvent>
    </MacroEvent>
    <MacroEvent>
      <Type>3</Type>
      <Delay>49</Delay>
      <MouseMovement>
        <MouseMovementEvent>
          <Type>3</Type>
          <X>828</X>
          <Y>232</Y>
        </MouseMovementEvent>
        <MouseMovementEvent>
          <Type>3</Type>
          <X>826</X>
          <Y>226</Y>
          <Delay>9</Delay>
        </MouseMovementEvent>
        <MouseMovementEvent>
          <Type>3</Type>
          <X>824</X>
          <Y>220</Y>
          <Delay>26</Delay>
        </MouseMovementEvent>
        <MouseMovementEvent>
          <Type>3</Type>
          <X>822</X>
          <Y>214</Y>
          <Delay>12</Delay>
        </MouseMovementEvent>
      </MouseMovement>
    </MacroEvent>
    <MacroEvent>
      <Type>2</Type>
      <Delay>1</Delay>
      <MouseEvent>
        <MouseButton>1</MouseButton>
        <State>0</State>
      </MouseEvent>
    </MacroEvent>
    <MacroEvent>
      <Type>2</Type>
      <Delay>9</Delay>
      <MouseEvent>
        <MouseButton>1</MouseButton>
        <State>1</State>
      </MouseEvent>
    </MacroEvent>
    <MacroEvent>
      <Type>3</Type>
      <Delay>50</Delay>
      <MouseMovement>
        <MouseMovementEvent>
          <Type>3</Type>
          <X>824</X>
          <Y>210</Y>
        </MouseMovementEvent>
        <MouseMovementEvent>
          <Type>3</Type>
          <X>826</X>
          <Y>206</Y>
          <Delay>14</Delay>
        </MouseMovementEvent>
        <MouseMovementEvent>
          <Type>3</Type>
          <X>828</X>
          <Y>202</Y>
          <Delay>22</Delay>
        </MouseMovementEvent>
        <MouseMovementEvent>
          <Type>3</Type>
          <X>830</X>
          <Y>198</Y>
          <Delay>11</Delay>
        </MouseMovementEvent>
      </MouseMovement>
    </MacroEvent>
    <MacroEvent>
      <Type>2</Type>
      <Delay>1</Delay>
      <MouseEvent>
        <MouseButton>1</MouseButton>
        <State>0</State>
      </MouseEvent>
    </MacroEvent>
    <MacroEvent>
      <Type>2</Type>
      <Delay>11</Delay>
      <MouseEvent>
        <MouseButton>1</MouseButton>
        <State>1</State>
      </MouseEvent>
    </MacroEvent>
    <MacroEvent>
      <Type>3</Type>
      <Delay>57</Delay>
      <MouseMovement>
        <MouseMovementEvent>
          <Type>3</Type>
          <X>832</X>
          <Y>194</Y>
        </MouseMovementEvent>
        <MouseMovementEvent>
          <Type>3</Type>
          <X>834</X>
          <Y>190</Y>
          <Delay>13</Delay>
        </MouseMovementEvent>
        <MouseMovementEvent>
          <Type>3</Type>
          <X>836</X>
          <Y>186</Y>
          <Delay>17</Delay>
        </MouseMovementEvent>
        <MouseMovementEvent>
          <Type>3</Type>
          <X>838</X>
          <Y>182</Y>
          <Delay>10</Delay>
        </MouseMovementEvent>
      </MouseMovement>
    </MacroEvent>
    <MacroEvent>
      <Type>2</Type>
      <MouseEvent>
        <MouseButton>1</MouseButton>
        <State>0</State>
      </MouseEvent>
    </MacroEvent>
    <MacroEvent>
      <Type>2</Type>
      <Delay>10</Delay>
      <MouseEvent>
        <MouseButton>1</MouseButton>
        <State>1</State>
      </MouseEvent>
    </MacroEvent>
    <MacroEvent>
      <Type>3</Type>
      <Delay>31</Delay>
      <MouseMovement>
        <MouseMovementEvent>
          <Type>3</Type>
          <X>836</X>
          <Y>180</Y>
        </MouseMovementEvent>
        <MouseMovementEvent>
          <Type>3</Type>
          <X>834</X>
          <Y>178</Y>
          <Delay>15</Delay>
        </MouseMovementEvent>
        <MouseMovementEvent>
          <Type>3</Type>
          <X>832</X>
          <Y>176</Y>
          <Delay>39</Delay>
        </MouseMovementEvent>
        <MouseMovementEvent>
          <Type>3</Type>
          <X>830</X>
          <Y>174</Y>
          <Delay>12</Delay>
        </MouseMovementEvent>
      </MouseMovement>
    </MacroEvent>
    <MacroEvent>
      <Type>2</Type>
      <Delay>1</Delay>
      <MouseEvent>
        <MouseButton>1</MouseButton>
        <State>0</State>
      </MouseEvent>
    </MacroEvent>
    <MacroEvent>
      <Type>2</Type>
      <Delay>11</Delay>
      <MouseEvent>
        <MouseButton>1</MouseButton>
        <State>1</State>
      </MouseEvent>
    </MacroEvent>
    <MacroEvent>
      <Type>3</Type>
      <Delay>30</Delay>
      <MouseMovement>
        <MouseMovementEvent>
          <Type>3</Type>
          <X>826</X>
          <Y>172</Y>
        </MouseMovementEvent>
        <MouseMovementEvent>
          <Type>3</Type>
          <X>822</X>
          <Y>174</Y>
          <Delay>15</Delay>
        </MouseMovementEvent>
        <MouseMovementEvent>
          <Type>3</Type>
          <X>818</X>
          <Y>176</Y>
          <Delay>39</Delay>
        </MouseMovementEvent>
        <MouseMovementEvent>
          <Type>3</Type>
          <X>814</X>
          <Y>178</Y>
          <Delay>12</Delay>
        </MouseMovementEvent>
      </MouseMovement>
    </MacroEvent>
    <MacroEvent>
      <Type>2</Type>
      <MouseEvent>
        <MouseButton>1</MouseButton>
        <State>0</State>
      </MouseEvent>
    </MacroEvent>
    <MacroEvent>
      <Type>2</Type>
      <Delay>10</Delay>
      <MouseEvent>
        <MouseButton>1</MouseButton>
        <State>1</State>
      </MouseEvent>
    </MacroEvent>
    <MacroEvent>
      <Type>3</Type>
      <Delay>32</Delay>
      <MouseMovement>
        <MouseMovementEvent>
          <Type>3</Type>
          <X>810</X>
          <Y>184</Y>
        </MouseMovementEvent>
        <MouseMovementEvent>
          <Type>3</Type>
          <X>806</X>
          <Y>190</Y>
          <Delay>16</Delay>
        </MouseMovementEvent>
        <MouseMovementEvent>
          <Type>3</Type>
          <X>802</X>
          <Y>196</Y>
          <Delay>37</Delay>
        </MouseMovementEvent>
        <MouseMovementEvent>
          <Type>3</Type>
          <X>798</X>
          <Y>202</Y>
          <Delay>12</Delay>
        </MouseMovementEvent>
      </MouseMovement>
    </MacroEvent>
    <MacroEvent>
      <Type>2</Type>
      <MouseEvent>
        <MouseButton>1</MouseButton>
        <State>0</State>
      </MouseEvent>
    </MacroEvent>
    <MacroEvent>
      <Type>2</Type>
      <Delay>11</Delay>
      <MouseEvent>
        <MouseButton>1</MouseButton>
        <State>1</State>
      </MouseEvent>
    </MacroEvent>
    <MacroEvent>
      <Type>3</Type>
      <Delay>59</Delay>
      <MouseMovement>
        <MouseMovementEvent>
          <Type>3</Type>
          <X>794</X>
          <Y>210</Y>
        </MouseMovementEvent>
        <MouseMovementEvent>
          <Type>3</Type>
          <X>790</X>
          <Y>218</Y>
          <Delay>16</Delay>
        </MouseMovementEvent>
        <MouseMovementEvent>
          <Type>3</Type>
          <X>786</X>
          <Y>226</Y>
          <Delay>9</Delay>
        </MouseMovementEvent>
        <MouseMovementEvent>
          <Type>3</Type>
          <X>782</X>
          <Y>234</Y>
          <Delay>12</Delay>
        </MouseMovementEvent>
      </MouseMovement>
    </MacroEvent>
    <MacroEvent>
      <Type>2</Type>
      <MouseEvent>
        <MouseButton>1</MouseButton>
        <State>0</State>
      </MouseEvent>
    </MacroEvent>
    <MacroEvent>
      <Type>2</Type>
      <Delay>12</Delay>
      <MouseEvent>
        <MouseButton>1</MouseButton>
        <State>1</State>
      </MouseEvent>
    </MacroEvent>
    <MacroEvent>
      <Type>3</Type>
      <Delay>64</Delay>
      <MouseMovement>
        <MouseMovementEvent>
          <Type>3</Type>
          <X>786</X>
          <Y>236</Y>
        </MouseMovementEvent>
        <MouseMovementEvent>
          <Type>3</Type>
          <X>790</X>
          <Y>238</Y>
          <Delay>9</Delay>
        </MouseMovementEvent>
        <MouseMovementEvent>
          <Type>3</Type>
          <X>794</X>
          <Y>240</Y>
          <Delay>10</Delay>
        </MouseMovementEvent>
        <MouseMovementEvent>
          <Type>3</Type>
          <X>798</X>
          <Y>242</Y>
          <Delay>13</Delay>
        </MouseMovementEvent>
      </MouseMovement>
    </MacroEvent>
    <MacroEvent>
      <Type>2</Type>
      <Delay>1</Delay>
      <MouseEvent>
        <MouseButton>1</MouseButton>
        <State>0</State>
      </MouseEvent>
    </MacroEvent>
    <MacroEvent>
      <Type>2</Type>
      <Delay>10</Delay>
      <MouseEvent>
        <MouseButton>1</MouseButton>
        <State>1</State>
      </MouseEvent>
    </MacroEvent>
    <MacroEvent>
      <Type>3</Type>
      <Delay>72</Delay>
      <MouseMovement>
        <MouseMovementEvent>
          <Type>3</Type>
          <X>800</X>
          <Y>244</Y>
        </MouseMovementEvent>
        <MouseMovementEvent>
          <Type>3</Type>
          <X>802</X>
          <Y>246</Y>
          <Delay>9</Delay>
        </MouseMovementEvent>
        <MouseMovementEvent>
          <Type>3</Type>
          <X>804</X>
          <Y>248</Y>
          <Delay>6</Delay>
        </MouseMovementEvent>
        <MouseMovementEvent>
          <Type>3</Type>
          <X>806</X>
          <Y>250</Y>
          <Delay>10</Delay>
        </MouseMovementEvent>
      </MouseMovement>
    </MacroEvent>
    <MacroEvent>
      <Type>2</Type>
      <Delay>1</Delay>
      <MouseEvent>
        <MouseButton>1</MouseButton>
        <State>0</State>
      </MouseEvent>
    </MacroEvent>
    <MacroEvent>
      <Type>2</Type>
      <Delay>16</Delay>
      <MouseEvent>
        <MouseButton>1</MouseButton>
        <State>1</State>
      </MouseEvent>
    </MacroEvent>
    <MacroEvent>
      <Type>3</Type>
      <Delay>26</Delay>
      <MouseMovement>
        <MouseMovementEvent>
          <Type>3</Type>
          <X>810</X>
          <Y>240</Y>
        </MouseMovementEvent>
        <MouseMovementEvent>
          <Type>3</Type>
          <X>814</X>
          <Y>230</Y>
          <Delay>31</Delay>
        </MouseMovementEvent>
        <MouseMovementEvent>
          <Type>3</Type>
          <X>818</X>
          <Y>220</Y>
          <Delay>72</Delay>
        </MouseMovementEvent>
        <MouseMovementEvent>
          <Type>3</Type>
          <X>822</X>
          <Y>210</Y>
        </MouseMovementEvent>
      </MouseMovement>
    </MacroEvent>
    <MacroEvent>
      <Type>2</Type>
      <MouseEvent>
        <MouseButton>1</MouseButton>
        <State>0</State>
      </MouseEvent>
    </MacroEvent>
    <MacroEvent>
      <Type>3</Type>
      <Delay>10</Delay>
      <MouseMovement>
        <MouseMovementEvent>
          <Type>3</Type>
          <X>824</X>
          <Y>202</Y>
        </MouseMovementEvent>
      </MouseMovement>
    </MacroEvent>
    <MacroEvent>
      <Type>2</Type>
      <Delay>14</Delay>
      <MouseEvent>
        <MouseButton>1</MouseButton>
        <State>1</State>
      </MouseEvent>
    </MacroEvent>
    <MacroEvent>
      <Type>3</Type>
      <Delay>14</Delay>
      <MouseMovement>
        <MouseMovementEvent>
          <Type>3</Type>
          <X>822</X>
          <Y>210</Y>
        </MouseMovementEvent>
        <MouseMovementEvent>
          <Type>3</Type>
          <X>826</X>
          <Y>194</Y>
          <Delay>10</Delay>
        </MouseMovementEvent>
        <MouseMovementEvent>
          <Type>3</Type>
          <X>828</X>
          <Y>188</Y>
          <Delay>19</Delay>
        </MouseMovementEvent>
        <MouseMovementEvent>
          <Type>3</Type>
          <X>830</X>
          <Y>182</Y>
          <Delay>2</Delay>
        </MouseMovementEvent>
      </MouseMovement>
    </MacroEvent>
    <MacroEvent>
      <Type>2</Type>
      <MouseEvent>
        <MouseButton>1</MouseButton>
        <State>0</State>
      </MouseEvent>
    </MacroEvent>
    <MacroEvent>
      <Type>2</Type>
      <Delay>11</Delay>
      <MouseEvent>
        <MouseButton>1</MouseButton>
        <State>1</State>
      </MouseEvent>
    </MacroEvent>
    <MacroEvent>
      <Type>3</Type>
      <Delay>77</Delay>
      <MouseMovement>
        <MouseMovementEvent>
          <Type>3</Type>
          <X>834</X>
          <Y>178</Y>
        </MouseMovementEvent>
        <MouseMovementEvent>
          <Type>3</Type>
          <X>842</X>
          <Y>176</Y>
          <Delay>10</Delay>
        </MouseMovementEvent>
        <MouseMovementEvent>
          <Type>3</Type>
          <X>846</X>
          <Y>176</Y>
          <Delay>11</Delay>
        </MouseMovementEvent>
      </MouseMovement>
    </MacroEvent>
    <MacroEvent>
      <Type>2</Type>
      <MouseEvent>
        <MouseButton>1</MouseButton>
        <State>0</State>
      </MouseEvent>
    </MacroEvent>
    <MacroEvent>
      <Type>2</Type>
      <Delay>11</Delay>
      <MouseEvent>
        <MouseButton>1</MouseButton>
        <State>1</State>
      </MouseEvent>
    </MacroEvent>
    <MacroEvent>
      <Type>3</Type>
      <Delay>31</Delay>
      <MouseMovement>
        <MouseMovementEvent>
          <Type>3</Type>
          <X>838</X>
          <Y>176</Y>
        </MouseMovementEvent>
        <MouseMovementEvent>
          <Type>3</Type>
          <X>832</X>
          <Y>176</Y>
          <Delay>15</Delay>
        </MouseMovementEvent>
        <MouseMovementEvent>
          <Type>3</Type>
          <X>828</X>
          <Y>176</Y>
          <Delay>39</Delay>
        </MouseMovementEvent>
        <MouseMovementEvent>
          <Type>3</Type>
          <X>824</X>
          <Y>176</Y>
          <Delay>12</Delay>
        </MouseMovementEvent>
      </MouseMovement>
    </MacroEvent>
    <MacroEvent>
      <Type>2</Type>
      <Delay>1</Delay>
      <MouseEvent>
        <MouseButton>1</MouseButton>
        <State>0</State>
      </MouseEvent>
    </MacroEvent>
    <MacroEvent>
      <Type>2</Type>
      <Delay>10</Delay>
      <MouseEvent>
        <MouseButton>1</MouseButton>
        <State>1</State>
      </MouseEvent>
    </MacroEvent>
    <MacroEvent>
      <Type>3</Type>
      <Delay>31</Delay>
      <MouseMovement>
        <MouseMovementEvent>
          <Type>3</Type>
          <X>820</X>
          <Y>182</Y>
        </MouseMovementEvent>
        <MouseMovementEvent>
          <Type>3</Type>
          <X>816</X>
          <Y>188</Y>
          <Delay>16</Delay>
        </MouseMovementEvent>
        <MouseMovementEvent>
          <Type>3</Type>
          <X>812</X>
          <Y>194</Y>
          <Delay>38</Delay>
        </MouseMovementEvent>
        <MouseMovementEvent>
          <Type>3</Type>
          <X>810</X>
          <Y>200</Y>
          <Delay>12</Delay>
        </MouseMovementEvent>
      </MouseMovement>
    </MacroEvent>
    <MacroEvent>
      <Type>2</Type>
      <Delay>1</Delay>
      <MouseEvent>
        <MouseButton>1</MouseButton>
        <State>0</State>
      </MouseEvent>
    </MacroEvent>
    <MacroEvent>
      <Type>2</Type>
      <Delay>10</Delay>
      <MouseEvent>
        <MouseButton>1</MouseButton>
        <State>1</State>
      </MouseEvent>
    </MacroEvent>
    <MacroEvent>
      <Type>3</Type>
      <Delay>31</Delay>
      <MouseMovement>
        <MouseMovementEvent>
          <Type>3</Type>
          <X>816</X>
          <Y>206</Y>
        </MouseMovementEvent>
        <MouseMovementEvent>
          <Type>3</Type>
          <X>822</X>
          <Y>212</Y>
          <Delay>19</Delay>
        </MouseMovementEvent>
        <MouseMovementEvent>
          <Type>3</Type>
          <X>828</X>
          <Y>218</Y>
          <Delay>63</Delay>
        </MouseMovementEvent>
        <MouseMovementEvent>
          <Type>3</Type>
          <X>834</X>
          <Y>224</Y>
        </MouseMovementEvent>
      </MouseMovement>
    </MacroEvent>
    <MacroEvent>
      <Type>2</Type>
      <MouseEvent>
        <MouseButton>1</MouseButton>
        <State>0</State>
      </MouseEvent>
    </MacroEvent>
    <MacroEvent>
      <Type>2</Type>
      <Delay>14</Delay>
      <MouseEvent>
        <MouseButton>1</MouseButton>
        <State>1</State>
      </MouseEvent>
    </MacroEvent>
    <MacroEvent>
      <Type>3</Type>
      <Delay>11</Delay>
      <MouseMovement>
        <MouseMovementEvent>
          <Type>3</Type>
          <X>826</X>
          <Y>230</Y>
        </MouseMovementEvent>
        <MouseMovementEvent>
          <Type>3</Type>
          <X>818</X>
          <Y>236</Y>
          <Delay>21</Delay>
        </MouseMovementEvent>
        <MouseMovementEvent>
          <Type>3</Type>
          <X>808</X>
          <Y>242</Y>
          <Delay>68</Delay>
        </MouseMovementEvent>
        <MouseMovementEvent>
          <Type>3</Type>
          <X>798</X>
          <Y>248</Y>
          <Delay>1</Delay>
        </MouseMovementEvent>
      </MouseMovement>
    </MacroEvent>
    <MacroEvent>
      <Type>2</Type>
      <Delay>1</Delay>
      <MouseEvent>
        <MouseButton>1</MouseButton>
        <State>0</State>
      </MouseEvent>
    </MacroEvent>
    <MacroEvent>
      <Type>2</Type>
      <Delay>11</Delay>
      <MouseEvent>
        <MouseButton>1</MouseButton>
        <State>1</State>
      </MouseEvent>
    </MacroEvent>
    <MacroEvent>
      <Type>3</Type>
      <Delay>10</Delay>
      <MouseMovement>
        <MouseMovementEvent>
          <Type>3</Type>
          <X>788</X>
          <Y>244</Y>
        </MouseMovementEvent>
        <MouseMovementEvent>
          <Type>3</Type>
          <X>778</X>
          <Y>240</Y>
          <Delay>14</Delay>
        </MouseMovementEvent>
        <MouseMovementEvent>
          <Type>3</Type>
          <X>778</X>
          <Y>236</Y>
          <Delay>76</Delay>
        </MouseMovementEvent>
        <MouseMovementEvent>
          <Type>3</Type>
          <X>778</X>
          <Y>234</Y>
        </MouseMovementEvent>
      </MouseMovement>
    </MacroEvent>
    <MacroEvent>
      <Type>2</Type>
      <MouseEvent>
        <MouseButton>1</MouseButton>
        <State>0</State>
      </MouseEvent>
    </MacroEvent>
    <MacroEvent>
      <Type>3</Type>
      <Delay>16</Delay>
      <MouseMovement>
        <MouseMovementEvent>
          <Type>3</Type>
          <X>782</X>
          <Y>238</Y>
        </MouseMovementEvent>
      </MouseMovement>
    </MacroEvent>
    <MacroEvent>
      <Type>2</Type>
      <Delay>10</Delay>
      <MouseEvent>
        <MouseButton>1</MouseButton>
        <State>1</State>
      </MouseEvent>
    </MacroEvent>
    <MacroEvent>
      <Type>3</Type>
      <Delay>11</Delay>
      <MouseMovement>
        <MouseMovementEvent>
          <Type>3</Type>
          <X>778</X>
          <Y>234</Y>
        </MouseMovementEvent>
        <MouseMovementEvent>
          <Type>3</Type>
          <X>788</X>
          <Y>244</Y>
          <Delay>10</Delay>
        </MouseMovementEvent>
        <MouseMovementEvent>
          <Type>3</Type>
          <X>794</X>
          <Y>248</Y>
          <Delay>19</Delay>
        </MouseMovementEvent>
        <MouseMovementEvent>
          <Type>3</Type>
          <X>802</X>
          <Y>250</Y>
          <Delay>12</Delay>
        </MouseMovementEvent>
      </MouseMovement>
    </MacroEvent>
    <MacroEvent>
      <Type>2</Type>
      <MouseEvent>
        <MouseButton>1</MouseButton>
        <State>0</State>
      </MouseEvent>
    </MacroEvent>
    <MacroEvent>
      <Type>2</Type>
      <Delay>11</Delay>
      <MouseEvent>
        <MouseButton>1</MouseButton>
        <State>1</State>
      </MouseEvent>
    </MacroEvent>
    <MacroEvent>
      <Type>3</Type>
      <Delay>94</Delay>
      <MouseMovement>
        <MouseMovementEvent>
          <Type>3</Type>
          <X>808</X>
          <Y>238</Y>
        </MouseMovementEvent>
        <MouseMovementEvent>
          <Type>3</Type>
          <X>820</X>
          <Y>204</Y>
          <Delay>10</Delay>
        </MouseMovementEvent>
      </MouseMovement>
    </MacroEvent>
    <MacroEvent>
      <Type>2</Type>
      <MouseEvent>
        <MouseButton>1</MouseButton>
        <State>0</State>
      </MouseEvent>
    </MacroEvent>
    <MacroEvent>
      <Type>2</Type>
      <Delay>13</Delay>
      <MouseEvent>
        <MouseButton>1</MouseButton>
        <State>1</State>
      </MouseEvent>
    </MacroEvent>
    <MacroEvent>
      <Type>3</Type>
      <Delay>26</Delay>
      <MouseMovement>
        <MouseMovementEvent>
          <Type>3</Type>
          <X>824</X>
          <Y>194</Y>
        </MouseMovementEvent>
        <MouseMovementEvent>
          <Type>3</Type>
          <X>828</X>
          <Y>182</Y>
          <Delay>7</Delay>
        </MouseMovementEvent>
        <MouseMovementEvent>
          <Type>3</Type>
          <X>834</X>
          <Y>170</Y>
          <Delay>85</Delay>
        </MouseMovementEvent>
        <MouseMovementEvent>
          <Type>3</Type>
          <X>840</X>
          <Y>158</Y>
        </MouseMovementEvent>
      </MouseMovement>
    </MacroEvent>
    <MacroEvent>
      <Type>2</Type>
      <MouseEvent>
        <MouseButton>1</MouseButton>
        <State>0</State>
      </MouseEvent>
    </MacroEvent>
    <MacroEvent>
      <Type>3</Type>
      <Delay>10</Delay>
      <MouseMovement>
        <MouseMovementEvent>
          <Type>3</Type>
          <X>836</X>
          <Y>152</Y>
        </MouseMovementEvent>
      </MouseMovement>
    </MacroEvent>
    <MacroEvent>
      <Type>2</Type>
      <Delay>11</Delay>
      <MouseEvent>
        <MouseButton>1</MouseButton>
        <State>1</State>
      </MouseEvent>
    </MacroEvent>
    <MacroEvent>
      <Type>3</Type>
      <Delay>12</Delay>
      <MouseMovement>
        <MouseMovementEvent>
          <Type>3</Type>
          <X>840</X>
          <Y>158</Y>
        </MouseMovementEvent>
        <MouseMovementEvent>
          <Type>3</Type>
          <X>832</X>
          <Y>144</Y>
          <Delay>17</Delay>
        </MouseMovementEvent>
        <MouseMovementEvent>
          <Type>3</Type>
          <X>828</X>
          <Y>136</Y>
          <Delay>14</Delay>
        </MouseMovementEvent>
        <MouseMovementEvent>
          <Type>3</Type>
          <X>824</X>
          <Y>128</Y>
          <Delay>80</Delay>
        </MouseMovementEvent>
        <MouseMovementEvent>
          <Type>3</Type>
          <X>808</X>
          <Y>148</Y>
        </MouseMovementEvent>
      </MouseMovement>
    </MacroEvent>
    <MacroEvent>
      <Type>2</Type>
      <MouseEvent>
        <MouseButton>1</MouseButton>
        <State>0</State>
      </MouseEvent>
    </MacroEvent>
    <MacroEvent>
      <Type>3</Type>
      <Delay>11</Delay>
      <MouseMovement>
        <MouseMovementEvent>
          <Type>3</Type>
          <X>824</X>
          <Y>128</Y>
        </MouseMovementEvent>
      </MouseMovement>
    </MacroEvent>
    <MacroEvent>
      <Type>2</Type>
      <Delay>11</Delay>
      <MouseEvent>
        <MouseButton>1</MouseButton>
        <State>1</State>
      </MouseEvent>
    </MacroEvent>
    <MacroEvent>
      <Type>3</Type>
      <Delay>11</Delay>
      <MouseMovement>
        <MouseMovementEvent>
          <Type>3</Type>
          <X>800</X>
          <Y>158</Y>
        </MouseMovementEvent>
        <MouseMovementEvent>
          <Type>3</Type>
          <X>792</X>
          <Y>168</Y>
          <Delay>13</Delay>
        </MouseMovementEvent>
      </MouseMovement>
    </MacroEvent>
    <MacroEvent>
      <Type>2</Type>
      <MouseEvent>
        <MouseButton>1</MouseButton>
        <State>0</State>
      </MouseEvent>
    </MacroEvent>
    <MacroEvent>
      <Type>2</Type>
      <Delay>21</Delay>
      <MouseEvent>
        <MouseButton>1</MouseButton>
        <State>1</State>
      </MouseEvent>
    </MacroEvent>
    <MacroEvent>
      <Type>3</Type>
      <Delay>12</Delay>
      <MouseMovement>
        <MouseMovementEvent>
          <Type>3</Type>
          <X>786</X>
          <Y>180</Y>
        </MouseMovementEvent>
        <MouseMovementEvent>
          <Type>3</Type>
          <X>780</X>
          <Y>194</Y>
          <Delay>31</Delay>
        </MouseMovementEvent>
        <MouseMovementEvent>
          <Type>3</Type>
          <X>774</X>
          <Y>208</Y>
          <Delay>23</Delay>
        </MouseMovementEvent>
        <MouseMovementEvent>
          <Type>3</Type>
          <X>768</X>
          <Y>222</Y>
          <Delay>12</Delay>
        </MouseMovementEvent>
      </MouseMovement>
    </MacroEvent>
    <MacroEvent>
      <Type>2</Type>
      <MouseEvent>
        <MouseButton>1</MouseButton>
        <State>0</State>
      </MouseEvent>
    </MacroEvent>
    <MacroEvent>
      <Type>2</Type>
      <Delay>11</Delay>
      <MouseEvent>
        <MouseButton>1</MouseButton>
        <State>1</State>
      </MouseEvent>
    </MacroEvent>
    <MacroEvent>
      <Type>3</Type>
      <Delay>105</Delay>
      <MouseMovement>
        <MouseMovementEvent>
          <Type>3</Type>
          <X>766</X>
          <Y>236</Y>
        </MouseMovementEvent>
        <MouseMovementEvent>
          <Type>3</Type>
          <X>760</X>
          <Y>272</Y>
          <Delay>10</Delay>
        </MouseMovementEvent>
      </MouseMovement>
    </MacroEvent>
    <MacroEvent>
      <Type>2</Type>
      <MouseEvent>
        <MouseButton>1</MouseButton>
        <State>0</State>
      </MouseEvent>
    </MacroEvent>
    <MacroEvent>
      <Type>2</Type>
      <Delay>12</Delay>
      <MouseEvent>
        <MouseButton>1</MouseButton>
        <State>1</State>
      </MouseEvent>
    </MacroEvent>
    <MacroEvent>
      <Type>3</Type>
      <Delay>17</Delay>
      <MouseMovement>
        <MouseMovementEvent>
          <Type>3</Type>
          <X>762</X>
          <Y>272</Y>
        </MouseMovementEvent>
        <MouseMovementEvent>
          <Type>3</Type>
          <X>764</X>
          <Y>272</Y>
          <Delay>11</Delay>
        </MouseMovementEvent>
        <MouseMovementEvent>
          <Type>3</Type>
          <X>766</X>
          <Y>272</Y>
          <Delay>101</Delay>
        </MouseMovementEvent>
        <MouseMovementEvent>
          <Type>3</Type>
          <X>768</X>
          <Y>272</Y>
          <Delay>1</Delay>
        </MouseMovementEvent>
        <MouseMovementEvent>
          <Type>3</Type>
          <X>770</X>
          <Y>272</Y>
          <Delay>1</Delay>
        </MouseMovementEvent>
      </MouseMovement>
    </MacroEvent>
    <MacroEvent>
      <Type>2</Type>
      <MouseEvent>
        <MouseButton>1</MouseButton>
        <State>0</State>
      </MouseEvent>
    </MacroEvent>
    <MacroEvent>
      <Type>3</Type>
      <Delay>11</Delay>
      <MouseMovement>
        <MouseMovementEvent>
          <Type>3</Type>
          <X>768</X>
          <Y>272</Y>
        </MouseMovementEvent>
        <MouseMovementEvent>
          <Type>3</Type>
          <X>772</X>
          <Y>272</Y>
          <Delay>10</Delay>
        </MouseMovementEvent>
      </MouseMovement>
    </MacroEvent>
    <MacroEvent>
      <Type>2</Type>
      <Delay>1</Delay>
      <MouseEvent>
        <MouseButton>1</MouseButton>
        <State>1</State>
      </MouseEvent>
    </MacroEvent>
    <MacroEvent>
      <Type>3</Type>
      <Delay>16</Delay>
      <MouseMovement>
        <MouseMovementEvent>
          <Type>3</Type>
          <X>768</X>
          <Y>272</Y>
        </MouseMovementEvent>
        <MouseMovementEvent>
          <Type>3</Type>
          <X>774</X>
          <Y>272</Y>
          <Delay>11</Delay>
        </MouseMovementEvent>
        <MouseMovementEvent>
          <Type>3</Type>
          <X>776</X>
          <Y>272</Y>
          <Delay>15</Delay>
        </MouseMovementEvent>
      </MouseMovement>
    </MacroEvent>
    <MacroEvent>
      <Type>2</Type>
      <MouseEvent>
        <MouseButton>1</MouseButton>
        <State>0</State>
      </MouseEvent>
    </MacroEvent>
    <MacroEvent>
      <Type>2</Type>
      <Delay>12</Delay>
      <MouseEvent>
        <MouseButton>1</MouseButton>
        <State>1</State>
      </MouseEvent>
    </MacroEvent>
    <MacroEvent>
      <Type>3</Type>
      <Delay>25</Delay>
      <MouseMovement>
        <MouseMovementEvent>
          <Type>3</Type>
          <X>778</X>
          <Y>268</Y>
        </MouseMovementEvent>
        <MouseMovementEvent>
          <Type>3</Type>
          <X>780</X>
          <Y>264</Y>
          <Delay>12</Delay>
        </MouseMovementEvent>
        <MouseMovementEvent>
          <Type>3</Type>
          <X>782</X>
          <Y>258</Y>
          <Delay>100</Delay>
        </MouseMovementEvent>
        <MouseMovementEvent>
          <Type>3</Type>
          <X>784</X>
          <Y>248</Y>
        </MouseMovementEvent>
        <MouseMovementEvent>
          <Type>3</Type>
          <X>786</X>
          <Y>238</Y>
        </MouseMovementEvent>
      </MouseMovement>
    </MacroEvent>
    <MacroEvent>
      <Type>2</Type>
      <MouseEvent>
        <MouseButton>1</MouseButton>
        <State>0</State>
      </MouseEvent>
    </MacroEvent>
    <MacroEvent>
      <Type>3</Type>
      <Delay>11</Delay>
      <MouseMovement>
        <MouseMovementEvent>
          <Type>3</Type>
          <X>784</X>
          <Y>248</Y>
        </MouseMovementEvent>
        <MouseMovementEvent>
          <Type>3</Type>
          <X>788</X>
          <Y>228</Y>
          <Delay>13</Delay>
        </MouseMovementEvent>
      </MouseMovement>
    </MacroEvent>
    <MacroEvent>
      <Type>2</Type>
      <MouseEvent>
        <MouseButton>1</MouseButton>
        <State>1</State>
      </MouseEvent>
    </MacroEvent>
    <MacroEvent>
      <Type>3</Type>
      <Delay>17</Delay>
      <MouseMovement>
        <MouseMovementEvent>
          <Type>3</Type>
          <X>784</X>
          <Y>248</Y>
        </MouseMovementEvent>
        <MouseMovementEvent>
          <Type>3</Type>
          <X>790</X>
          <Y>218</Y>
          <Delay>12</Delay>
        </MouseMovementEvent>
        <MouseMovementEvent>
          <Type>3</Type>
          <X>792</X>
          <Y>208</Y>
          <Delay>14</Delay>
        </MouseMovementEvent>
      </MouseMovement>
    </MacroEvent>
    <MacroEvent>
      <Type>2</Type>
      <MouseEvent>
        <MouseButton>1</MouseButton>
        <State>0</State>
      </MouseEvent>
    </MacroEvent>
    <MacroEvent>
      <Type>2</Type>
      <Delay>11</Delay>
      <MouseEvent>
        <MouseButton>1</MouseButton>
        <State>1</State>
      </MouseEvent>
    </MacroEvent>
    <MacroEvent>
      <Type>3</Type>
      <Delay>20</Delay>
      <MouseMovement>
        <MouseMovementEvent>
          <Type>3</Type>
          <X>794</X>
          <Y>200</Y>
        </MouseMovementEvent>
        <MouseMovementEvent>
          <Type>3</Type>
          <X>798</X>
          <Y>192</Y>
          <Delay>14</Delay>
        </MouseMovementEvent>
        <MouseMovementEvent>
          <Type>3</Type>
          <X>802</X>
          <Y>188</Y>
          <Delay>105</Delay>
        </MouseMovementEvent>
        <MouseMovementEvent>
          <Type>3</Type>
          <X>806</X>
          <Y>184</Y>
          <Delay>5</Delay>
        </MouseMovementEvent>
        <MouseMovementEvent>
          <Type>3</Type>
          <X>810</X>
          <Y>180</Y>
        </MouseMovementEvent>
        <MouseMovementEvent>
          <Type>3</Type>
          <X>812</X>
          <Y>176</Y>
        </MouseMovementEvent>
      </MouseMovement>
    </MacroEvent>
    <MacroEvent>
      <Type>2</Type>
      <MouseEvent>
        <MouseButton>1</MouseButton>
        <State>0</State>
      </MouseEvent>
    </MacroEvent>
    <MacroEvent>
      <Type>3</Type>
      <Delay>12</Delay>
      <MouseMovement>
        <MouseMovementEvent>
          <Type>3</Type>
          <X>806</X>
          <Y>184</Y>
        </MouseMovementEvent>
      </MouseMovement>
    </MacroEvent>
    <MacroEvent>
      <Type>2</Type>
      <Delay>13</Delay>
      <MouseEvent>
        <MouseButton>1</MouseButton>
        <State>1</State>
      </MouseEvent>
    </MacroEvent>
    <MacroEvent>
      <Type>3</Type>
      <Delay>16</Delay>
      <MouseMovement>
        <MouseMovementEvent>
          <Type>3</Type>
          <X>814</X>
          <Y>172</Y>
        </MouseMovementEvent>
        <MouseMovementEvent>
          <Type>3</Type>
          <X>816</X>
          <Y>170</Y>
          <Delay>12</Delay>
        </MouseMovementEvent>
      </MouseMovement>
    </MacroEvent>
    <MacroEvent>
      <Type>2</Type>
      <MouseEvent>
        <MouseButton>1</MouseButton>
        <State>0</State>
      </MouseEvent>
    </MacroEvent>
    <MacroEvent>
      <Type>2</Type>
      <Delay>13</Delay>
      <MouseEvent>
        <MouseButton>1</MouseButton>
        <State>1</State>
      </MouseEvent>
    </MacroEvent>
    <MacroEvent>
      <Type>3</Type>
      <Delay>22</Delay>
      <MouseMovement>
        <MouseMovementEvent>
          <Type>3</Type>
          <X>814</X>
          <Y>178</Y>
        </MouseMovementEvent>
        <MouseMovementEvent>
          <Type>3</Type>
          <X>810</X>
          <Y>186</Y>
          <Delay>31</Delay>
        </MouseMovementEvent>
        <MouseMovementEvent>
          <Type>3</Type>
          <X>806</X>
          <Y>190</Y>
          <Delay>113</Delay>
        </MouseMovementEvent>
        <MouseMovementEvent>
          <Type>3</Type>
          <X>802</X>
          <Y>194</Y>
        </MouseMovementEvent>
        <MouseMovementEvent>
          <Type>3</Type>
          <X>796</X>
          <Y>202</Y>
        </MouseMovementEvent>
      </MouseMovement>
    </MacroEvent>
    <MacroEvent>
      <Type>2</Type>
      <MouseEvent>
        <MouseButton>1</MouseButton>
        <State>0</State>
      </MouseEvent>
    </MacroEvent>
    <MacroEvent>
      <Type>3</Type>
      <Delay>12</Delay>
      <MouseMovement>
        <MouseMovementEvent>
          <Type>3</Type>
          <X>802</X>
          <Y>194</Y>
        </MouseMovementEvent>
        <MouseMovementEvent>
          <Type>3</Type>
          <X>794</X>
          <Y>206</Y>
          <Delay>18</Delay>
        </MouseMovementEvent>
      </MouseMovement>
    </MacroEvent>
    <MacroEvent>
      <Type>2</Type>
      <MouseEvent>
        <MouseButton>1</MouseButton>
        <State>1</State>
      </MouseEvent>
    </MacroEvent>
    <MacroEvent>
      <Type>3</Type>
      <Delay>13</Delay>
      <MouseMovement>
        <MouseMovementEvent>
          <Type>3</Type>
          <X>802</X>
          <Y>194</Y>
        </MouseMovementEvent>
        <MouseMovementEvent>
          <Type>3</Type>
          <X>792</X>
          <Y>208</Y>
          <Delay>12</Delay>
        </MouseMovementEvent>
      </MouseMovement>
    </MacroEvent>
    <MacroEvent>
      <Type>2</Type>
      <MouseEvent>
        <MouseButton>1</MouseButton>
        <State>0</State>
      </MouseEvent>
    </MacroEvent>
    <MacroEvent>
      <Type>2</Type>
      <Delay>13</Delay>
      <MouseEvent>
        <MouseButton>1</MouseButton>
        <State>1</State>
      </MouseEvent>
    </MacroEvent>
    <MacroEvent>
      <Type>3</Type>
      <Delay>16</Delay>
      <MouseMovement>
        <MouseMovementEvent>
          <Type>3</Type>
          <X>790</X>
          <Y>216</Y>
        </MouseMovementEvent>
        <MouseMovementEvent>
          <Type>3</Type>
          <X>786</X>
          <Y>224</Y>
          <Delay>11</Delay>
        </MouseMovementEvent>
        <MouseMovementEvent>
          <Type>3</Type>
          <X>782</X>
          <Y>228</Y>
          <Delay>129</Delay>
        </MouseMovementEvent>
        <MouseMovementEvent>
          <Type>3</Type>
          <X>778</X>
          <Y>232</Y>
        </MouseMovementEvent>
        <MouseMovementEvent>
          <Type>3</Type>
          <X>772</X>
          <Y>248</Y>
        </MouseMovementEvent>
      </MouseMovement>
    </MacroEvent>
    <MacroEvent>
      <Type>2</Type>
      <Delay>1</Delay>
      <MouseEvent>
        <MouseButton>1</MouseButton>
        <State>0</State>
      </MouseEvent>
    </MacroEvent>
    <MacroEvent>
      <Type>3</Type>
      <Delay>18</Delay>
      <MouseMovement>
        <MouseMovementEvent>
          <Type>3</Type>
          <X>778</X>
          <Y>232</Y>
        </MouseMovementEvent>
        <MouseMovementEvent>
          <Type>3</Type>
          <X>768</X>
          <Y>252</Y>
          <Delay>17</Delay>
        </MouseMovementEvent>
      </MouseMovement>
    </MacroEvent>
    <MacroEvent>
      <Type>2</Type>
      <MouseEvent>
        <MouseButton>1</MouseButton>
        <State>1</State>
      </MouseEvent>
    </MacroEvent>
    <MacroEvent>
      <Type>3</Type>
      <Delay>15</Delay>
      <MouseMovement>
        <MouseMovementEvent>
          <Type>3</Type>
          <X>778</X>
          <Y>232</Y>
        </MouseMovementEvent>
        <MouseMovementEvent>
          <Type>3</Type>
          <X>764</X>
          <Y>256</Y>
          <Delay>35</Delay>
        </MouseMovementEvent>
        <MouseMovementEvent>
          <Type>3</Type>
          <X>770</X>
          <Y>240</Y>
        </MouseMovementEvent>
      </MouseMovement>
    </MacroEvent>
    <MacroEvent>
      <Type>2</Type>
      <MouseEvent>
        <MouseButton>1</MouseButton>
        <State>0</State>
      </MouseEvent>
    </MacroEvent>
    <MacroEvent>
      <Type>3</Type>
      <Delay>17</Delay>
      <MouseMovement>
        <MouseMovementEvent>
          <Type>3</Type>
          <X>764</X>
          <Y>256</Y>
        </MouseMovementEvent>
      </MouseMovement>
    </MacroEvent>
    <MacroEvent>
      <Type>2</Type>
      <Delay>12</Delay>
      <MouseEvent>
        <MouseButton>1</MouseButton>
        <State>1</State>
      </MouseEvent>
    </MacroEvent>
    <MacroEvent>
      <Type>3</Type>
      <Delay>15</Delay>
      <MouseMovement>
        <MouseMovementEvent>
          <Type>3</Type>
          <X>774</X>
          <Y>236</Y>
        </MouseMovementEvent>
        <MouseMovementEvent>
          <Type>3</Type>
          <X>778</X>
          <Y>232</Y>
          <Delay>12</Delay>
        </MouseMovementEvent>
      </MouseMovement>
    </MacroEvent>
    <MacroEvent>
      <Type>2</Type>
      <MouseEvent>
        <MouseButton>1</MouseButton>
        <State>0</State>
      </MouseEvent>
    </MacroEvent>
    <MacroEvent>
      <Type>2</Type>
      <Delay>19</Delay>
      <MouseEvent>
        <MouseButton>1</MouseButton>
        <State>1</State>
      </MouseEvent>
    </MacroEvent>
    <MacroEvent>
      <Type>3</Type>
      <Delay>13</Delay>
      <MouseMovement>
        <MouseMovementEvent>
          <Type>3</Type>
          <X>782</X>
          <Y>228</Y>
        </MouseMovementEvent>
        <MouseMovementEvent>
          <Type>3</Type>
          <X>784</X>
          <Y>224</Y>
          <Delay>12</Delay>
        </MouseMovementEvent>
        <MouseMovementEvent>
          <Type>3</Type>
          <X>786</X>
          <Y>220</Y>
          <Delay>36</Delay>
        </MouseMovementEvent>
        <MouseMovementEvent>
          <Type>3</Type>
          <X>788</X>
          <Y>218</Y>
          <Delay>13</Delay>
        </MouseMovementEvent>
      </MouseMovement>
    </MacroEvent>
    <MacroEvent>
      <Type>2</Type>
      <MouseEvent>
        <MouseButton>1</MouseButton>
        <State>0</State>
      </MouseEvent>
    </MacroEvent>
    <MacroEvent>
      <Type>2</Type>
      <Delay>12</Delay>
      <MouseEvent>
        <MouseButton>1</MouseButton>
        <State>1</State>
      </MouseEvent>
    </MacroEvent>
  </MacroEvents>
</Macro>