﻿<?xml version="1.0" encoding="utf-8"?>
<Macro xmlns:xsi="http://www.w3.org/2001/XMLSchema-instance" xmlns:xsd="http://www.w3.org/2001/XMLSchema">
  <Name>ColdWar-MP5</Name>
  <Guid>863123f2-a35f-4a0d-8428-de3520781531</Guid>
  <MacroEvents>
    <MacroEvent>
      <Type>2</Type>
      <MouseEvent>
        <MouseButton>1</MouseButton>
        <State>0</State>
      </MouseEvent>
    </MacroEvent>
    <MacroEvent>
      <Type>3</Type>
      <Delay>8</Delay>
      <MouseMovement>
        <MouseMovementEvent>
          <Type>3</Type>
          <X>939</X>
        </MouseMovementEvent></MouseMovement></MacroEvent><MacroEvent><Type>3</Type><Delay>0</Delay><MouseMovement>
        <MouseMovementEvent>
          <Type>3</Type>
          <X>937</X>
          <Y>5</Y>
          <Delay>147</Delay>
        </MouseMovementEvent></MouseMovement></MacroEvent><MacroEvent><Type>3</Type><Delay>0</Delay><MouseMovement>
        <MouseMovementEvent>
          <Type>3</Type>
          <X>935</X>
          <Y>10</Y>
          <Delay>20</Delay>
        </MouseMovementEvent></MouseMovement></MacroEvent><MacroEvent><Type>2</Type><Delay>0</Delay><MouseEvent><MouseButton>1</MouseButton><State>1</State></MouseEvent></MacroEvent><MacroEvent><Type>2</Type><Delay>0</Delay><MouseEvent><MouseButton>1</MouseButton><State>0</State></MouseEvent></MacroEvent><MacroEvent><Type>3</Type><Delay>0</Delay><MouseMovement>
        <MouseMovementEvent>
          <Type>3</Type>
          <X>933</X>
          <Y>14</Y>
          <Delay>20</Delay>
        </MouseMovementEvent></MouseMovement></MacroEvent><MacroEvent><Type>3</Type><Delay>0</Delay><MouseMovement>
        <MouseMovementEvent>
          <Type>3</Type>
          <X>932</X>
          <Y>18</Y>
          <Delay>20</Delay>
        </MouseMovementEvent></MouseMovement></MacroEvent><MacroEvent><Type>3</Type><Delay>0</Delay><MouseMovement>
        <MouseMovementEvent>
          <Type>3</Type>
          <X>931</X>
          <Y>22</Y>
          <Delay>20</Delay>
        </MouseMovementEvent></MouseMovement></MacroEvent><MacroEvent><Type>2</Type><Delay>0</Delay><MouseEvent><MouseButton>1</MouseButton><State>1</State></MouseEvent></MacroEvent><MacroEvent><Type>2</Type><Delay>0</Delay><MouseEvent><MouseButton>1</MouseButton><State>0</State></MouseEvent></MacroEvent><MacroEvent><Type>3</Type><Delay>0</Delay><MouseMovement>
        <MouseMovementEvent>
          <Type>3</Type>
          <X>930</X>
          <Y>26</Y>
          <Delay>20</Delay>
        </MouseMovementEvent></MouseMovement></MacroEvent><MacroEvent><Type>3</Type><Delay>0</Delay><MouseMovement>
        <MouseMovementEvent>
          <Type>3</Type>
          <X>929</X>
          <Y>30</Y>
          <Delay>20</Delay>
        </MouseMovementEvent></MouseMovement></MacroEvent><MacroEvent><Type>3</Type><Delay>0</Delay><MouseMovement>
        <MouseMovementEvent>
          <Type>3</Type>
          <X>928</X>
          <Y>33</Y>
          <Delay>20</Delay>
        </MouseMovementEvent></MouseMovement></MacroEvent><MacroEvent><Type>2</Type><Delay>0</Delay><MouseEvent><MouseButton>1</MouseButton><State>1</State></MouseEvent></MacroEvent><MacroEvent><Type>2</Type><Delay>0</Delay><MouseEvent><MouseButton>1</MouseButton><State>0</State></MouseEvent></MacroEvent><MacroEvent><Type>3</Type><Delay>0</Delay><MouseMovement>
        <MouseMovementEvent>
          <Type>3</Type>
          <X>927</X>
          <Y>36</Y>
          <Delay>20</Delay>
        </MouseMovementEvent></MouseMovement></MacroEvent><MacroEvent><Type>3</Type><Delay>0</Delay><MouseMovement>
        <MouseMovementEvent>
          <Type>3</Type>
          <X>926</X>
          <Y>39</Y>
          <Delay>20</Delay>
        </MouseMovementEvent></MouseMovement></MacroEvent><MacroEvent><Type>3</Type><Delay>0</Delay><MouseMovement>
        <MouseMovementEvent>
          <Type>3</Type>
          <X>926</X>
          <Y>41</Y>
          <Delay>20</Delay>
        </MouseMovementEvent></MouseMovement></MacroEvent><MacroEvent><Type>2</Type><Delay>0</Delay><MouseEvent><MouseButton>1</MouseButton><State>1</State></MouseEvent></MacroEvent><MacroEvent><Type>2</Type><Delay>0</Delay><MouseEvent><MouseButton>1</MouseButton><State>0</State></MouseEvent></MacroEvent><MacroEvent><Type>3</Type><Delay>0</Delay><MouseMovement>
        <MouseMovementEvent>
          <Type>3</Type>
          <X>926</X>
          <Y>43</Y>
          <Delay>20</Delay>
        </MouseMovementEvent></MouseMovement></MacroEvent><MacroEvent><Type>3</Type><Delay>0</Delay><MouseMovement>
        <MouseMovementEvent>
          <Type>3</Type>
          <X>926</X>
          <Y>45</Y>
          <Delay>20</Delay>
        </MouseMovementEvent></MouseMovement></MacroEvent><MacroEvent><Type>3</Type><Delay>0</Delay><MouseMovement>
        <MouseMovementEvent>
          <Type>3</Type>
          <X>926</X>
          <Y>46</Y>
          <Delay>20</Delay>
        </MouseMovementEvent></MouseMovement></MacroEvent><MacroEvent><Type>2</Type><Delay>0</Delay><MouseEvent><MouseButton>1</MouseButton><State>1</State></MouseEvent></MacroEvent><MacroEvent><Type>2</Type><Delay>0</Delay><MouseEvent><MouseButton>1</MouseButton><State>0</State></MouseEvent></MacroEvent><MacroEvent><Type>3</Type><Delay>0</Delay><MouseMovement>
        <MouseMovementEvent>
          <Type>3</Type>
          <X>926</X>
          <Y>47</Y>
          <Delay>20</Delay>
        </MouseMovementEvent></MouseMovement></MacroEvent><MacroEvent><Type>3</Type><Delay>0</Delay><MouseMovement>
        <MouseMovementEvent>
          <Type>3</Type>
          <X>926</X>
          <Y>48</Y>
          <Delay>20</Delay>
        </MouseMovementEvent></MouseMovement></MacroEvent><MacroEvent><Type>3</Type><Delay>0</Delay><MouseMovement>
        <MouseMovementEvent>
          <Type>3</Type>
          <X>926</X>
          <Y>49</Y>
          <Delay>20</Delay>
        </MouseMovementEvent></MouseMovement></MacroEvent><MacroEvent><Type>2</Type><Delay>0</Delay><MouseEvent><MouseButton>1</MouseButton><State>1</State></MouseEvent></MacroEvent><MacroEvent><Type>2</Type><Delay>0</Delay><MouseEvent><MouseButton>1</MouseButton><State>0</State></MouseEvent></MacroEvent><MacroEvent><Type>3</Type><Delay>0</Delay><MouseMovement>
        <MouseMovementEvent>
          <Type>3</Type>
          <X>926</X>
          <Y>50</Y>
          <Delay>20</Delay>
        </MouseMovementEvent></MouseMovement></MacroEvent><MacroEvent><Type>3</Type><Delay>0</Delay><MouseMovement>
        <MouseMovementEvent>
          <Type>3</Type>
          <X>926</X>
          <Y>51</Y>
          <Delay>20</Delay>
        </MouseMovementEvent></MouseMovement></MacroEvent><MacroEvent><Type>3</Type><Delay>0</Delay><MouseMovement>
        <MouseMovementEvent>
          <Type>3</Type>
          <X>926</X>
          <Y>52</Y>
          <Delay>20</Delay>
        </MouseMovementEvent></MouseMovement></MacroEvent><MacroEvent><Type>2</Type><Delay>0</Delay><MouseEvent><MouseButton>1</MouseButton><State>1</State></MouseEvent></MacroEvent><MacroEvent><Type>2</Type><Delay>0</Delay><MouseEvent><MouseButton>1</MouseButton><State>0</State></MouseEvent></MacroEvent><MacroEvent><Type>3</Type><Delay>0</Delay><MouseMovement>
        <MouseMovementEvent>
          <Type>3</Type>
          <X>926</X>
          <Y>53</Y>
          <Delay>19</Delay>
        </MouseMovementEvent></MouseMovement></MacroEvent><MacroEvent><Type>3</Type><Delay>0</Delay><MouseMovement>
        <MouseMovementEvent>
          <Type>3</Type>
          <X>926</X>
          <Y>54</Y>
          <Delay>20</Delay>
        </MouseMovementEvent></MouseMovement></MacroEvent><MacroEvent><Type>3</Type><Delay>0</Delay><MouseMovement>
        <MouseMovementEvent>
          <Type>3</Type>
          <X>926</X>
          <Y>55</Y>
          <Delay>20</Delay>
        </MouseMovementEvent></MouseMovement></MacroEvent><MacroEvent><Type>2</Type><Delay>0</Delay><MouseEvent><MouseButton>1</MouseButton><State>1</State></MouseEvent></MacroEvent><MacroEvent><Type>2</Type><Delay>0</Delay><MouseEvent><MouseButton>1</MouseButton><State>0</State></MouseEvent></MacroEvent><MacroEvent><Type>3</Type><Delay>0</Delay><MouseMovement>
        <MouseMovementEvent>
          <Type>3</Type>
          <X>926</X>
          <Y>56</Y>
          <Delay>122</Delay>
        </MouseMovementEvent></MouseMovement></MacroEvent><MacroEvent><Type>3</Type><Delay>0</Delay><MouseMovement>
        <MouseMovementEvent>
          <Type>3</Type>
          <X>926</X>
          <Y>57</Y>
          <Delay>20</Delay>
        </MouseMovementEvent></MouseMovement></MacroEvent><MacroEvent><Type>3</Type><Delay>0</Delay><MouseMovement>
        <MouseMovementEvent>
          <Type>3</Type>
          <X>926</X>
          <Y>58</Y>
          <Delay>20</Delay>
        </MouseMovementEvent></MouseMovement></MacroEvent><MacroEvent><Type>2</Type><Delay>0</Delay><MouseEvent><MouseButton>1</MouseButton><State>1</State></MouseEvent></MacroEvent><MacroEvent><Type>2</Type><Delay>0</Delay><MouseEvent><MouseButton>1</MouseButton><State>0</State></MouseEvent></MacroEvent><MacroEvent><Type>3</Type><Delay>0</Delay><MouseMovement>
        <MouseMovementEvent>
          <Type>3</Type>
          <X>926</X>
          <Y>59</Y>
          <Delay>20</Delay>
        </MouseMovementEvent></MouseMovement></MacroEvent><MacroEvent><Type>3</Type><Delay>0</Delay><MouseMovement>
        <MouseMovementEvent>
          <Type>3</Type>
          <X>926</X>
          <Y>60</Y>
          <Delay>20</Delay>
        </MouseMovementEvent></MouseMovement></MacroEvent><MacroEvent><Type>3</Type><Delay>0</Delay><MouseMovement>
        <MouseMovementEvent>
          <Type>3</Type>
          <X>926</X>
          <Y>61</Y>
          <Delay>20</Delay>
        </MouseMovementEvent></MouseMovement></MacroEvent><MacroEvent><Type>2</Type><Delay>0</Delay><MouseEvent><MouseButton>1</MouseButton><State>1</State></MouseEvent></MacroEvent><MacroEvent><Type>2</Type><Delay>0</Delay><MouseEvent><MouseButton>1</MouseButton><State>0</State></MouseEvent></MacroEvent><MacroEvent><Type>3</Type><Delay>0</Delay><MouseMovement>
        <MouseMovementEvent>
          <Type>3</Type>
          <X>926</X>
          <Y>62</Y>
          <Delay>20</Delay>
        </MouseMovementEvent></MouseMovement></MacroEvent><MacroEvent><Type>3</Type><Delay>0</Delay><MouseMovement>
        <MouseMovementEvent>
          <Type>3</Type>
          <X>926</X>
          <Y>63</Y>
          <Delay>20</Delay>
        </MouseMovementEvent></MouseMovement></MacroEvent><MacroEvent><Type>3</Type><Delay>0</Delay><MouseMovement>
        <MouseMovementEvent>
          <Type>3</Type>
          <X>926</X>
          <Y>64</Y>
          <Delay>20</Delay>
        </MouseMovementEvent></MouseMovement></MacroEvent><MacroEvent><Type>2</Type><Delay>0</Delay><MouseEvent><MouseButton>1</MouseButton><State>1</State></MouseEvent></MacroEvent><MacroEvent><Type>2</Type><Delay>0</Delay><MouseEvent><MouseButton>1</MouseButton><State>0</State></MouseEvent></MacroEvent><MacroEvent><Type>3</Type><Delay>0</Delay><MouseMovement>
        <MouseMovementEvent>
          <Type>3</Type>
          <X>926</X>
          <Y>65</Y>
          <Delay>122</Delay>
        </MouseMovementEvent></MouseMovement></MacroEvent><MacroEvent><Type>3</Type><Delay>0</Delay><MouseMovement>
        <MouseMovementEvent>
          <Type>3</Type>
          <X>926</X>
          <Y>66</Y>
          <Delay>20</Delay>
        </MouseMovementEvent></MouseMovement></MacroEvent><MacroEvent><Type>3</Type><Delay>0</Delay><MouseMovement>
        <MouseMovementEvent>
          <Type>3</Type>
          <X>926</X>
          <Y>67</Y>
          <Delay>20</Delay>
        </MouseMovementEvent></MouseMovement></MacroEvent><MacroEvent><Type>2</Type><Delay>0</Delay><MouseEvent><MouseButton>1</MouseButton><State>1</State></MouseEvent></MacroEvent><MacroEvent><Type>2</Type><Delay>0</Delay><MouseEvent><MouseButton>1</MouseButton><State>0</State></MouseEvent></MacroEvent><MacroEvent><Type>3</Type><Delay>0</Delay><MouseMovement>
        <MouseMovementEvent>
          <Type>3</Type>
          <X>926</X>
          <Y>68</Y>
          <Delay>20</Delay>
        </MouseMovementEvent></MouseMovement></MacroEvent><MacroEvent><Type>3</Type><Delay>0</Delay><MouseMovement>
        <MouseMovementEvent>
          <Type>3</Type>
          <X>926</X>
          <Y>69</Y>
          <Delay>20</Delay>
        </MouseMovementEvent></MouseMovement></MacroEvent><MacroEvent><Type>3</Type><Delay>0</Delay><MouseMovement>
        <MouseMovementEvent>
          <Type>3</Type>
          <X>926</X>
          <Y>70</Y>
          <Delay>20</Delay>
        </MouseMovementEvent></MouseMovement></MacroEvent><MacroEvent><Type>2</Type><Delay>0</Delay><MouseEvent><MouseButton>1</MouseButton><State>1</State></MouseEvent></MacroEvent><MacroEvent><Type>2</Type><Delay>0</Delay><MouseEvent><MouseButton>1</MouseButton><State>0</State></MouseEvent></MacroEvent><MacroEvent><Type>3</Type><Delay>0</Delay><MouseMovement>
        <MouseMovementEvent>
          <Type>3</Type>
          <X>926</X>
          <Y>71</Y>
          <Delay>20</Delay>
        </MouseMovementEvent></MouseMovement></MacroEvent><MacroEvent><Type>3</Type><Delay>0</Delay><MouseMovement>
        <MouseMovementEvent>
          <Type>3</Type>
          <X>926</X>
          <Y>72</Y>
          <Delay>20</Delay>
        </MouseMovementEvent></MouseMovement></MacroEvent><MacroEvent><Type>3</Type><Delay>0</Delay><MouseMovement>
        <MouseMovementEvent>
          <Type>3</Type>
          <X>926</X>
          <Y>73</Y>
          <Delay>121</Delay>
        </MouseMovementEvent></MouseMovement></MacroEvent><MacroEvent><Type>2</Type><Delay>0</Delay><MouseEvent><MouseButton>1</MouseButton><State>1</State></MouseEvent></MacroEvent><MacroEvent><Type>2</Type><Delay>0</Delay><MouseEvent><MouseButton>1</MouseButton><State>0</State></MouseEvent></MacroEvent><MacroEvent><Type>3</Type><Delay>0</Delay><MouseMovement>
        <MouseMovementEvent>
          <Type>3</Type>
          <X>926</X>
          <Y>74</Y>
          <Delay>20</Delay>
        </MouseMovementEvent></MouseMovement></MacroEvent><MacroEvent><Type>3</Type><Delay>0</Delay><MouseMovement>
        <MouseMovementEvent>
          <Type>3</Type>
          <X>926</X>
          <Y>75</Y>
          <Delay>20</Delay>
        </MouseMovementEvent></MouseMovement></MacroEvent><MacroEvent><Type>3</Type><Delay>0</Delay><MouseMovement>
        <MouseMovementEvent>
          <Type>3</Type>
          <X>926</X>
          <Y>76</Y>
          <Delay>20</Delay>
        </MouseMovementEvent></MouseMovement></MacroEvent><MacroEvent><Type>2</Type><Delay>0</Delay><MouseEvent><MouseButton>1</MouseButton><State>1</State></MouseEvent></MacroEvent><MacroEvent><Type>2</Type><Delay>0</Delay><MouseEvent><MouseButton>1</MouseButton><State>0</State></MouseEvent></MacroEvent><MacroEvent><Type>3</Type><Delay>0</Delay><MouseMovement>
        <MouseMovementEvent>
          <Type>3</Type>
          <X>926</X>
          <Y>77</Y>
          <Delay>20</Delay>
        </MouseMovementEvent></MouseMovement></MacroEvent><MacroEvent><Type>3</Type><Delay>0</Delay><MouseMovement>
        <MouseMovementEvent>
          <Type>3</Type>
          <X>926</X>
          <Y>78</Y>
          <Delay>20</Delay>
        </MouseMovementEvent></MouseMovement></MacroEvent><MacroEvent><Type>3</Type><Delay>0</Delay><MouseMovement>
        <MouseMovementEvent>
          <Type>3</Type>
          <X>926</X>
          <Y>79</Y>
          <Delay>20</Delay>
        </MouseMovementEvent></MouseMovement></MacroEvent><MacroEvent><Type>2</Type><Delay>0</Delay><MouseEvent><MouseButton>1</MouseButton><State>1</State></MouseEvent></MacroEvent><MacroEvent><Type>2</Type><Delay>0</Delay><MouseEvent><MouseButton>1</MouseButton><State>0</State></MouseEvent></MacroEvent><MacroEvent><Type>3</Type><Delay>0</Delay><MouseMovement>
        <MouseMovementEvent>
          <Type>3</Type>
          <X>926</X>
          <Y>80</Y>
          <Delay>20</Delay>
        </MouseMovementEvent></MouseMovement></MacroEvent><MacroEvent><Type>3</Type><Delay>0</Delay><MouseMovement>
        <MouseMovementEvent>
          <Type>3</Type>
          <X>926</X>
          <Y>81</Y>
          <Delay>20</Delay>
        </MouseMovementEvent></MouseMovement></MacroEvent><MacroEvent><Type>3</Type><Delay>0</Delay><MouseMovement>
        <MouseMovementEvent>
          <Type>3</Type>
          <X>926</X>
          <Y>82</Y>
          <Delay>20</Delay>
        </MouseMovementEvent></MouseMovement></MacroEvent><MacroEvent><Type>2</Type><Delay>0</Delay><MouseEvent><MouseButton>1</MouseButton><State>1</State></MouseEvent></MacroEvent><MacroEvent><Type>2</Type><Delay>0</Delay><MouseEvent><MouseButton>1</MouseButton><State>0</State></MouseEvent></MacroEvent><MacroEvent><Type>3</Type><Delay>0</Delay><MouseMovement>
        <MouseMovementEvent>
          <Type>3</Type>
          <X>926</X>
          <Y>83</Y>
          <Delay>20</Delay>
        </MouseMovementEvent></MouseMovement></MacroEvent><MacroEvent><Type>3</Type><Delay>0</Delay><MouseMovement>
        <MouseMovementEvent>
          <Type>3</Type>
          <X>926</X>
          <Y>84</Y>
          <Delay>20</Delay>
        </MouseMovementEvent></MouseMovement></MacroEvent><MacroEvent><Type>3</Type><Delay>0</Delay><MouseMovement>
        <MouseMovementEvent>
          <Type>3</Type>
          <X>926</X>
          <Y>85</Y>
          <Delay>20</Delay>
        </MouseMovementEvent></MouseMovement></MacroEvent><MacroEvent><Type>2</Type><Delay>0</Delay><MouseEvent><MouseButton>1</MouseButton><State>1</State></MouseEvent></MacroEvent><MacroEvent><Type>2</Type><Delay>0</Delay><MouseEvent><MouseButton>1</MouseButton><State>0</State></MouseEvent></MacroEvent><MacroEvent><Type>3</Type><Delay>0</Delay><MouseMovement>
        <MouseMovementEvent>
          <Type>3</Type>
          <X>926</X>
          <Y>86</Y>
          <Delay>121</Delay>
        </MouseMovementEvent></MouseMovement></MacroEvent><MacroEvent><Type>3</Type><Delay>0</Delay><MouseMovement>
        <MouseMovementEvent>
          <Type>3</Type>
          <X>926</X>
          <Y>87</Y>
          <Delay>20</Delay>
        </MouseMovementEvent></MouseMovement></MacroEvent><MacroEvent><Type>3</Type><Delay>0</Delay><MouseMovement>
        <MouseMovementEvent>
          <Type>3</Type>
          <X>926</X>
          <Y>88</Y>
          <Delay>20</Delay>
        </MouseMovementEvent></MouseMovement></MacroEvent><MacroEvent><Type>2</Type><Delay>0</Delay><MouseEvent><MouseButton>1</MouseButton><State>1</State></MouseEvent></MacroEvent><MacroEvent><Type>2</Type><Delay>0</Delay><MouseEvent><MouseButton>1</MouseButton><State>0</State></MouseEvent></MacroEvent><MacroEvent><Type>3</Type><Delay>0</Delay><MouseMovement>
        <MouseMovementEvent>
          <Type>3</Type>
          <X>926</X>
          <Y>89</Y>
          <Delay>20</Delay>
        </MouseMovementEvent></MouseMovement></MacroEvent><MacroEvent><Type>3</Type><Delay>0</Delay><MouseMovement>
        <MouseMovementEvent>
          <Type>3</Type>
          <X>926</X>
          <Y>90</Y>
          <Delay>20</Delay>
        </MouseMovementEvent></MouseMovement></MacroEvent><MacroEvent><Type>3</Type><Delay>0</Delay><MouseMovement>
        <MouseMovementEvent>
          <Type>3</Type>
          <X>926</X>
          <Y>91</Y>
          <Delay>20</Delay>
        </MouseMovementEvent></MouseMovement></MacroEvent><MacroEvent><Type>2</Type><Delay>0</Delay><MouseEvent><MouseButton>1</MouseButton><State>1</State></MouseEvent></MacroEvent><MacroEvent><Type>2</Type><Delay>0</Delay><MouseEvent><MouseButton>1</MouseButton><State>0</State></MouseEvent></MacroEvent><MacroEvent><Type>3</Type><Delay>0</Delay><MouseMovement>
        <MouseMovementEvent>
          <Type>3</Type>
          <X>926</X>
          <Y>92</Y>
          <Delay>20</Delay>
        </MouseMovementEvent></MouseMovement></MacroEvent><MacroEvent><Type>3</Type><Delay>0</Delay><MouseMovement>
        <MouseMovementEvent>
          <Type>3</Type>
          <X>926</X>
          <Y>93</Y>
          <Delay>20</Delay>
        </MouseMovementEvent></MouseMovement></MacroEvent><MacroEvent><Type>3</Type><Delay>0</Delay><MouseMovement>
        <MouseMovementEvent>
          <Type>3</Type>
          <X>926</X>
          <Y>94</Y>
          <Delay>20</Delay>
        </MouseMovementEvent></MouseMovement></MacroEvent><MacroEvent><Type>2</Type><Delay>0</Delay><MouseEvent><MouseButton>1</MouseButton><State>1</State></MouseEvent></MacroEvent><MacroEvent><Type>2</Type><Delay>0</Delay><MouseEvent><MouseButton>1</MouseButton><State>0</State></MouseEvent></MacroEvent><MacroEvent><Type>3</Type><Delay>0</Delay><MouseMovement>
        <MouseMovementEvent>
          <Type>3</Type>
          <X>926</X>
          <Y>95</Y>
          <Delay>20</Delay>
        </MouseMovementEvent></MouseMovement></MacroEvent><MacroEvent><Type>3</Type><Delay>0</Delay><MouseMovement>
        <MouseMovementEvent>
          <Type>3</Type>
          <X>926</X>
          <Y>96</Y>
          <Delay>20</Delay>
        </MouseMovementEvent></MouseMovement></MacroEvent><MacroEvent><Type>3</Type><Delay>0</Delay><MouseMovement>
        <MouseMovementEvent>
          <Type>3</Type>
          <X>926</X>
          <Y>97</Y>
          <Delay>20</Delay>
        </MouseMovementEvent></MouseMovement></MacroEvent><MacroEvent><Type>2</Type><Delay>0</Delay><MouseEvent><MouseButton>1</MouseButton><State>1</State></MouseEvent></MacroEvent><MacroEvent><Type>2</Type><Delay>0</Delay><MouseEvent><MouseButton>1</MouseButton><State>0</State></MouseEvent></MacroEvent><MacroEvent><Type>3</Type><Delay>0</Delay><MouseMovement>
        <MouseMovementEvent>
          <Type>3</Type>
          <X>926</X>
          <Y>98</Y>
          <Delay>20</Delay>
        </MouseMovementEvent></MouseMovement></MacroEvent><MacroEvent><Type>3</Type><Delay>0</Delay><MouseMovement>
        <MouseMovementEvent>
          <Type>3</Type>
          <X>926</X>
          <Y>99</Y>
          <Delay>20</Delay>
        </MouseMovementEvent></MouseMovement></MacroEvent><MacroEvent><Type>3</Type><Delay>0</Delay><MouseMovement>
        <MouseMovementEvent>
          <Type>3</Type>
          <X>926</X>
          <Y>100</Y>
          <Delay>20</Delay>
        </MouseMovementEvent></MouseMovement></MacroEvent><MacroEvent><Type>2</Type><Delay>0</Delay><MouseEvent><MouseButton>1</MouseButton><State>1</State></MouseEvent></MacroEvent><MacroEvent><Type>2</Type><Delay>0</Delay><MouseEvent><MouseButton>1</MouseButton><State>0</State></MouseEvent></MacroEvent><MacroEvent><Type>3</Type><Delay>0</Delay><MouseMovement>
        <MouseMovementEvent>
          <Type>3</Type>
          <X>926</X>
          <Y>101</Y>
          <Delay>20</Delay>
        </MouseMovementEvent></MouseMovement></MacroEvent><MacroEvent><Type>3</Type><Delay>0</Delay><MouseMovement>
        <MouseMovementEvent>
          <Type>3</Type>
          <X>926</X>
          <Y>102</Y>
          <Delay>20</Delay>
        </MouseMovementEvent></MouseMovement></MacroEvent><MacroEvent><Type>3</Type><Delay>0</Delay><MouseMovement>
        <MouseMovementEvent>
          <Type>3</Type>
          <X>926</X>
          <Y>103</Y>
          <Delay>20</Delay>
        </MouseMovementEvent></MouseMovement></MacroEvent><MacroEvent><Type>2</Type><Delay>0</Delay><MouseEvent><MouseButton>1</MouseButton><State>1</State></MouseEvent></MacroEvent><MacroEvent><Type>2</Type><Delay>0</Delay><MouseEvent><MouseButton>1</MouseButton><State>0</State></MouseEvent></MacroEvent><MacroEvent><Type>3</Type><Delay>0</Delay><MouseMovement>
        <MouseMovementEvent>
          <Type>3</Type>
          <X>926</X>
          <Y>104</Y>
          <Delay>20</Delay>
        </MouseMovementEvent></MouseMovement></MacroEvent><MacroEvent><Type>3</Type><Delay>0</Delay><MouseMovement>
        <MouseMovementEvent>
          <Type>3</Type>
          <X>926</X>
          <Y>105</Y>
          <Delay>21</Delay>
        </MouseMovementEvent></MouseMovement></MacroEvent><MacroEvent><Type>3</Type><Delay>0</Delay><MouseMovement>
        <MouseMovementEvent>
          <Type>3</Type>
          <X>926</X>
          <Y>106</Y>
          <Delay>19</Delay>
        </MouseMovementEvent></MouseMovement></MacroEvent><MacroEvent><Type>2</Type><Delay>0</Delay><MouseEvent><MouseButton>1</MouseButton><State>1</State></MouseEvent></MacroEvent><MacroEvent><Type>2</Type><Delay>0</Delay><MouseEvent><MouseButton>1</MouseButton><State>0</State></MouseEvent></MacroEvent><MacroEvent><Type>3</Type><Delay>0</Delay><MouseMovement>
        <MouseMovementEvent>
          <Type>3</Type>
          <X>926</X>
          <Y>107</Y>
          <Delay>20</Delay>
        </MouseMovementEvent></MouseMovement></MacroEvent><MacroEvent><Type>3</Type><Delay>0</Delay><MouseMovement>
        <MouseMovementEvent>
          <Type>3</Type>
          <X>926</X>
          <Y>108</Y>
          <Delay>20</Delay>
        </MouseMovementEvent></MouseMovement></MacroEvent><MacroEvent><Type>3</Type><Delay>0</Delay><MouseMovement>
        <MouseMovementEvent>
          <Type>3</Type>
          <X>926</X>
          <Y>109</Y>
          <Delay>20</Delay>
        </MouseMovementEvent></MouseMovement></MacroEvent><MacroEvent><Type>2</Type><Delay>0</Delay><MouseEvent><MouseButton>1</MouseButton><State>1</State></MouseEvent></MacroEvent><MacroEvent><Type>2</Type><Delay>0</Delay><MouseEvent><MouseButton>1</MouseButton><State>0</State></MouseEvent></MacroEvent><MacroEvent><Type>3</Type><Delay>0</Delay><MouseMovement>
        <MouseMovementEvent>
          <Type>3</Type>
          <X>926</X>
          <Y>110</Y>
          <Delay>22</Delay>
        </MouseMovementEvent></MouseMovement></MacroEvent><MacroEvent><Type>3</Type><Delay>0</Delay><MouseMovement>
        <MouseMovementEvent>
          <Type>3</Type>
          <X>926</X>
          <Y>111</Y>
          <Delay>18</Delay>
        </MouseMovementEvent></MouseMovement></MacroEvent><MacroEvent><Type>3</Type><Delay>0</Delay><MouseMovement>
        <MouseMovementEvent>
          <Type>3</Type>
          <X>926</X>
          <Y>112</Y>
          <Delay>20</Delay>
        </MouseMovementEvent></MouseMovement></MacroEvent><MacroEvent><Type>2</Type><Delay>0</Delay><MouseEvent><MouseButton>1</MouseButton><State>1</State></MouseEvent></MacroEvent><MacroEvent><Type>2</Type><Delay>0</Delay><MouseEvent><MouseButton>1</MouseButton><State>0</State></MouseEvent></MacroEvent><MacroEvent><Type>3</Type><Delay>0</Delay><MouseMovement>
        <MouseMovementEvent>
          <Type>3</Type>
          <X>926</X>
          <Y>113</Y>
          <Delay>20</Delay>
        </MouseMovementEvent></MouseMovement></MacroEvent><MacroEvent><Type>3</Type><Delay>0</Delay><MouseMovement>
        <MouseMovementEvent>
          <Type>3</Type>
          <X>926</X>
          <Y>114</Y>
          <Delay>20</Delay>
        </MouseMovementEvent></MouseMovement></MacroEvent><MacroEvent><Type>3</Type><Delay>0</Delay><MouseMovement>
        <MouseMovementEvent>
          <Type>3</Type>
          <X>926</X>
          <Y>115</Y>
          <Delay>20</Delay>
        </MouseMovementEvent></MouseMovement></MacroEvent><MacroEvent><Type>2</Type><Delay>0</Delay><MouseEvent><MouseButton>1</MouseButton><State>1</State></MouseEvent></MacroEvent><MacroEvent><Type>2</Type><Delay>0</Delay><MouseEvent><MouseButton>1</MouseButton><State>0</State></MouseEvent></MacroEvent><MacroEvent><Type>3</Type><Delay>0</Delay><MouseMovement>
        <MouseMovementEvent>
          <Type>3</Type>
          <X>926</X>
          <Y>116</Y>
          <Delay>20</Delay>
        </MouseMovementEvent></MouseMovement></MacroEvent><MacroEvent><Type>3</Type><Delay>0</Delay><MouseMovement>
        <MouseMovementEvent>
          <Type>3</Type>
          <X>926</X>
          <Y>117</Y>
          <Delay>20</Delay>
        </MouseMovementEvent></MouseMovement></MacroEvent><MacroEvent><Type>3</Type><Delay>0</Delay><MouseMovement>
        <MouseMovementEvent>
          <Type>3</Type>
          <X>926</X>
          <Y>118</Y>
          <Delay>20</Delay>
        </MouseMovementEvent></MouseMovement></MacroEvent><MacroEvent><Type>2</Type><Delay>0</Delay><MouseEvent><MouseButton>1</MouseButton><State>1</State></MouseEvent></MacroEvent><MacroEvent><Type>2</Type><Delay>0</Delay><MouseEvent><MouseButton>1</MouseButton><State>0</State></MouseEvent></MacroEvent><MacroEvent><Type>3</Type><Delay>0</Delay><MouseMovement>
        <MouseMovementEvent>
          <Type>3</Type>
          <X>926</X>
          <Y>119</Y>
          <Delay>20</Delay>
        </MouseMovementEvent></MouseMovement></MacroEvent><MacroEvent><Type>3</Type><Delay>0</Delay><MouseMovement>
        <MouseMovementEvent>
          <Type>3</Type>
          <X>926</X>
          <Y>120</Y>
          <Delay>20</Delay>
        </MouseMovementEvent></MouseMovement></MacroEvent><MacroEvent><Type>3</Type><Delay>0</Delay><MouseMovement>
        <MouseMovementEvent>
          <Type>3</Type>
          <X>926</X>
          <Y>121</Y>
          <Delay>20</Delay>
        </MouseMovementEvent></MouseMovement></MacroEvent><MacroEvent><Type>2</Type><Delay>0</Delay><MouseEvent><MouseButton>1</MouseButton><State>1</State></MouseEvent></MacroEvent><MacroEvent><Type>2</Type><Delay>0</Delay><MouseEvent><MouseButton>1</MouseButton><State>0</State></MouseEvent></MacroEvent><MacroEvent><Type>3</Type><Delay>0</Delay><MouseMovement>
        <MouseMovementEvent>
          <Type>3</Type>
          <X>926</X>
          <Y>122</Y>
          <Delay>20</Delay>
        </MouseMovementEvent></MouseMovement></MacroEvent><MacroEvent><Type>3</Type><Delay>0</Delay><MouseMovement>
        <MouseMovementEvent>
          <Type>3</Type>
          <X>926</X>
          <Y>123</Y>
          <Delay>20</Delay>
        </MouseMovementEvent></MouseMovement></MacroEvent><MacroEvent><Type>3</Type><Delay>0</Delay><MouseMovement>
        <MouseMovementEvent>
          <Type>3</Type>
          <X>926</X>
          <Y>124</Y>
          <Delay>20</Delay>
        </MouseMovementEvent></MouseMovement></MacroEvent><MacroEvent><Type>2</Type><Delay>0</Delay><MouseEvent><MouseButton>1</MouseButton><State>1</State></MouseEvent></MacroEvent><MacroEvent><Type>2</Type><Delay>0</Delay><MouseEvent><MouseButton>1</MouseButton><State>0</State></MouseEvent></MacroEvent><MacroEvent><Type>3</Type><Delay>0</Delay><MouseMovement>
        <MouseMovementEvent>
          <Type>3</Type>
          <X>926</X>
          <Y>125</Y>
          <Delay>20</Delay>
        </MouseMovementEvent></MouseMovement></MacroEvent><MacroEvent><Type>3</Type><Delay>0</Delay><MouseMovement>
        <MouseMovementEvent>
          <Type>3</Type>
          <X>926</X>
          <Y>126</Y>
          <Delay>20</Delay>
        </MouseMovementEvent></MouseMovement></MacroEvent><MacroEvent><Type>3</Type><Delay>0</Delay><MouseMovement>
        <MouseMovementEvent>
          <Type>3</Type>
          <X>926</X>
          <Y>127</Y>
          <Delay>20</Delay>
        </MouseMovementEvent></MouseMovement></MacroEvent><MacroEvent><Type>2</Type><Delay>0</Delay><MouseEvent><MouseButton>1</MouseButton><State>1</State></MouseEvent></MacroEvent><MacroEvent><Type>2</Type><Delay>0</Delay><MouseEvent><MouseButton>1</MouseButton><State>0</State></MouseEvent></MacroEvent><MacroEvent><Type>3</Type><Delay>0</Delay><MouseMovement>
        <MouseMovementEvent>
          <Type>3</Type>
          <X>926</X>
          <Y>128</Y>
          <Delay>20</Delay>
        </MouseMovementEvent></MouseMovement></MacroEvent><MacroEvent><Type>3</Type><Delay>0</Delay><MouseMovement>
        <MouseMovementEvent>
          <Type>3</Type>
          <X>926</X>
          <Y>129</Y>
          <Delay>20</Delay>
        </MouseMovementEvent></MouseMovement></MacroEvent><MacroEvent><Type>3</Type><Delay>0</Delay><MouseMovement>
        <MouseMovementEvent>
          <Type>3</Type>
          <X>926</X>
          <Y>130</Y>
          <Delay>20</Delay>
        </MouseMovementEvent></MouseMovement></MacroEvent><MacroEvent><Type>2</Type><Delay>0</Delay><MouseEvent><MouseButton>1</MouseButton><State>1</State></MouseEvent></MacroEvent><MacroEvent><Type>2</Type><Delay>0</Delay><MouseEvent><MouseButton>1</MouseButton><State>0</State></MouseEvent></MacroEvent><MacroEvent><Type>3</Type><Delay>0</Delay><MouseMovement>
        <MouseMovementEvent>
          <Type>3</Type>
          <X>926</X>
          <Y>131</Y>
          <Delay>20</Delay>
        </MouseMovementEvent></MouseMovement></MacroEvent><MacroEvent><Type>3</Type><Delay>0</Delay><MouseMovement>
        <MouseMovementEvent>
          <Type>3</Type>
          <X>926</X>
          <Y>132</Y>
          <Delay>20</Delay>
        </MouseMovementEvent></MouseMovement></MacroEvent><MacroEvent><Type>3</Type><Delay>0</Delay><MouseMovement>
        <MouseMovementEvent>
          <Type>3</Type>
          <X>926</X>
          <Y>133</Y>
          <Delay>19</Delay>
        </MouseMovementEvent></MouseMovement></MacroEvent><MacroEvent><Type>3</Type><Delay>0</Delay><MouseMovement>
      </MouseMovement>
    </MacroEvent>
    <MacroEvent>
      <Type>2</Type>
      <Delay>300</Delay>
      <MouseEvent>
        <MouseButton>1</MouseButton>
        <State>1</State>
      </MouseEvent>
    </MacroEvent>
  </MacroEvents>
  <IsFolder>false</IsFolder>
  <FolderGuid>00000000-0000-0000-0000-000000000000</FolderGuid>
</Macro>