﻿<?xml version="1.0" encoding="utf-8"?>
<Macro xmlns:xsi="http://www.w3.org/2001/XMLSchema-instance" xmlns:xsd="http://www.w3.org/2001/XMLSchema">
  <Name>ColdWar-FFAR1</Name>
  <Guid>cb9fa809-ede2-4d5a-82b2-1920b883a3c4</Guid>
  <MacroEvents>
    <MacroEvent>
      <Type>2</Type>
      <MouseEvent>
        <MouseButton>1</MouseButton>
        <State>0</State>
      </MouseEvent>
    </MacroEvent>
    <MacroEvent>
      <Type>3</Type>
      <Delay>11</Delay>
      <MouseMovement>
        <MouseMovementEvent>
          <Type>3</Type>
          <X>938</X>
        </MouseMovementEvent></MouseMovement></MacroEvent><MacroEvent><Type>3</Type><Delay>0</Delay><MouseMovement>
        <MouseMovementEvent>
          <Type>3</Type>
          <X>937</X>
          <Y>4</Y>
          <Delay>160</Delay>
        </MouseMovementEvent></MouseMovement></MacroEvent><MacroEvent><Type>3</Type><Delay>0</Delay><MouseMovement>
        <MouseMovementEvent>
          <Type>3</Type>
          <X>936</X>
          <Y>8</Y>
          <Delay>20</Delay>
        </MouseMovementEvent></MouseMovement></MacroEvent><MacroEvent><Type>2</Type><Delay>0</Delay><MouseEvent><MouseButton>1</MouseButton><State>1</State></MouseEvent></MacroEvent><MacroEvent><Type>2</Type><Delay>0</Delay><MouseEvent><MouseButton>1</MouseButton><State>0</State></MouseEvent></MacroEvent><MacroEvent><Type>3</Type><Delay>0</Delay><MouseMovement>
        <MouseMovementEvent>
          <Type>3</Type>
          <X>934</X>
          <Y>12</Y>
          <Delay>20</Delay>
        </MouseMovementEvent></MouseMovement></MacroEvent><MacroEvent><Type>3</Type><Delay>0</Delay><MouseMovement>
        <MouseMovementEvent>
          <Type>3</Type>
          <X>932</X>
          <Y>16</Y>
          <Delay>20</Delay>
        </MouseMovementEvent></MouseMovement></MacroEvent><MacroEvent><Type>3</Type><Delay>0</Delay><MouseMovement>
        <MouseMovementEvent>
          <Type>3</Type>
          <X>929</X>
          <Y>21</Y>
          <Delay>20</Delay>
        </MouseMovementEvent></MouseMovement></MacroEvent><MacroEvent><Type>2</Type><Delay>0</Delay><MouseEvent><MouseButton>1</MouseButton><State>1</State></MouseEvent></MacroEvent><MacroEvent><Type>2</Type><Delay>0</Delay><MouseEvent><MouseButton>1</MouseButton><State>0</State></MouseEvent></MacroEvent><MacroEvent><Type>3</Type><Delay>0</Delay><MouseMovement>
        <MouseMovementEvent>
          <Type>3</Type>
          <X>925</X>
          <Y>27</Y>
          <Delay>19</Delay>
        </MouseMovementEvent></MouseMovement></MacroEvent><MacroEvent><Type>3</Type><Delay>0</Delay><MouseMovement>
        <MouseMovementEvent>
          <Type>3</Type>
          <X>921</X>
          <Y>33</Y>
          <Delay>20</Delay>
        </MouseMovementEvent></MouseMovement></MacroEvent><MacroEvent><Type>3</Type><Delay>0</Delay><MouseMovement>
        <MouseMovementEvent>
          <Type>3</Type>
          <X>917</X>
          <Y>39</Y>
          <Delay>19</Delay>
        </MouseMovementEvent></MouseMovement></MacroEvent><MacroEvent><Type>2</Type><Delay>0</Delay><MouseEvent><MouseButton>1</MouseButton><State>1</State></MouseEvent></MacroEvent><MacroEvent><Type>2</Type><Delay>0</Delay><MouseEvent><MouseButton>1</MouseButton><State>0</State></MouseEvent></MacroEvent><MacroEvent><Type>3</Type><Delay>0</Delay><MouseMovement>
        <MouseMovementEvent>
          <Type>3</Type>
          <X>913</X>
          <Y>45</Y>
          <Delay>20</Delay>
        </MouseMovementEvent></MouseMovement></MacroEvent><MacroEvent><Type>3</Type><Delay>0</Delay><MouseMovement>
        <MouseMovementEvent>
          <Type>3</Type>
          <X>909</X>
          <Y>51</Y>
          <Delay>20</Delay>
        </MouseMovementEvent></MouseMovement></MacroEvent><MacroEvent><Type>3</Type><Delay>0</Delay><MouseMovement>
        <MouseMovementEvent>
          <Type>3</Type>
          <X>906</X>
          <Y>56</Y>
          <Delay>20</Delay>
        </MouseMovementEvent></MouseMovement></MacroEvent><MacroEvent><Type>2</Type><Delay>0</Delay><MouseEvent><MouseButton>1</MouseButton><State>1</State></MouseEvent></MacroEvent><MacroEvent><Type>2</Type><Delay>0</Delay><MouseEvent><MouseButton>1</MouseButton><State>0</State></MouseEvent></MacroEvent><MacroEvent><Type>3</Type><Delay>0</Delay><MouseMovement>
        <MouseMovementEvent>
          <Type>3</Type>
          <X>904</X>
          <Y>60</Y>
          <Delay>20</Delay>
        </MouseMovementEvent></MouseMovement></MacroEvent><MacroEvent><Type>3</Type><Delay>0</Delay><MouseMovement>
        <MouseMovementEvent>
          <Type>3</Type>
          <X>902</X>
          <Y>64</Y>
          <Delay>20</Delay>
        </MouseMovementEvent></MouseMovement></MacroEvent><MacroEvent><Type>3</Type><Delay>0</Delay><MouseMovement>
        <MouseMovementEvent>
          <Type>3</Type>
          <X>900</X>
          <Y>68</Y>
          <Delay>20</Delay>
        </MouseMovementEvent></MouseMovement></MacroEvent><MacroEvent><Type>2</Type><Delay>0</Delay><MouseEvent><MouseButton>1</MouseButton><State>1</State></MouseEvent></MacroEvent><MacroEvent><Type>2</Type><Delay>0</Delay><MouseEvent><MouseButton>1</MouseButton><State>0</State></MouseEvent></MacroEvent><MacroEvent><Type>3</Type><Delay>0</Delay><MouseMovement>
        <MouseMovementEvent>
          <Type>3</Type>
          <X>898</X>
          <Y>72</Y>
          <Delay>20</Delay>
        </MouseMovementEvent></MouseMovement></MacroEvent><MacroEvent><Type>3</Type><Delay>0</Delay><MouseMovement>
        <MouseMovementEvent>
          <Type>3</Type>
          <X>896</X>
          <Y>76</Y>
          <Delay>20</Delay>
        </MouseMovementEvent></MouseMovement></MacroEvent><MacroEvent><Type>3</Type><Delay>0</Delay><MouseMovement>
        <MouseMovementEvent>
          <Type>3</Type>
          <X>894</X>
          <Y>80</Y>
          <Delay>20</Delay>
        </MouseMovementEvent></MouseMovement></MacroEvent><MacroEvent><Type>2</Type><Delay>0</Delay><MouseEvent><MouseButton>1</MouseButton><State>1</State></MouseEvent></MacroEvent><MacroEvent><Type>2</Type><Delay>0</Delay><MouseEvent><MouseButton>1</MouseButton><State>0</State></MouseEvent></MacroEvent><MacroEvent><Type>3</Type><Delay>0</Delay><MouseMovement>
        <MouseMovementEvent>
          <Type>3</Type>
          <X>892</X>
          <Y>84</Y>
          <Delay>20</Delay>
        </MouseMovementEvent></MouseMovement></MacroEvent><MacroEvent><Type>3</Type><Delay>0</Delay><MouseMovement>
        <MouseMovementEvent>
          <Type>3</Type>
          <X>889</X>
          <Y>88</Y>
          <Delay>20</Delay>
        </MouseMovementEvent></MouseMovement></MacroEvent><MacroEvent><Type>3</Type><Delay>0</Delay><MouseMovement>
        <MouseMovementEvent>
          <Type>3</Type>
          <X>886</X>
          <Y>92</Y>
          <Delay>20</Delay>
        </MouseMovementEvent></MouseMovement></MacroEvent><MacroEvent><Type>2</Type><Delay>0</Delay><MouseEvent><MouseButton>1</MouseButton><State>1</State></MouseEvent></MacroEvent><MacroEvent><Type>2</Type><Delay>0</Delay><MouseEvent><MouseButton>1</MouseButton><State>0</State></MouseEvent></MacroEvent><MacroEvent><Type>3</Type><Delay>0</Delay><MouseMovement>
        <MouseMovementEvent>
          <Type>3</Type>
          <X>884</X>
          <Y>96</Y>
          <Delay>20</Delay>
        </MouseMovementEvent></MouseMovement></MacroEvent><MacroEvent><Type>3</Type><Delay>0</Delay><MouseMovement>
        <MouseMovementEvent>
          <Type>3</Type>
          <X>881</X>
          <Y>100</Y>
          <Delay>20</Delay>
        </MouseMovementEvent></MouseMovement></MacroEvent><MacroEvent><Type>3</Type><Delay>0</Delay><MouseMovement>
        <MouseMovementEvent>
          <Type>3</Type>
          <X>878</X>
          <Y>104</Y>
          <Delay>20</Delay>
        </MouseMovementEvent></MouseMovement></MacroEvent><MacroEvent><Type>2</Type><Delay>0</Delay><MouseEvent><MouseButton>1</MouseButton><State>1</State></MouseEvent></MacroEvent><MacroEvent><Type>2</Type><Delay>0</Delay><MouseEvent><MouseButton>1</MouseButton><State>0</State></MouseEvent></MacroEvent><MacroEvent><Type>3</Type><Delay>0</Delay><MouseMovement>
        <MouseMovementEvent>
          <Type>3</Type>
          <X>875</X>
          <Y>108</Y>
          <Delay>20</Delay>
        </MouseMovementEvent></MouseMovement></MacroEvent><MacroEvent><Type>3</Type><Delay>0</Delay><MouseMovement>
        <MouseMovementEvent>
          <Type>3</Type>
          <X>872</X>
          <Y>112</Y>
          <Delay>20</Delay>
        </MouseMovementEvent></MouseMovement></MacroEvent><MacroEvent><Type>3</Type><Delay>0</Delay><MouseMovement>
        <MouseMovementEvent>
          <Type>3</Type>
          <X>869</X>
          <Y>116</Y>
          <Delay>20</Delay>
        </MouseMovementEvent></MouseMovement></MacroEvent><MacroEvent><Type>2</Type><Delay>0</Delay><MouseEvent><MouseButton>1</MouseButton><State>1</State></MouseEvent></MacroEvent><MacroEvent><Type>2</Type><Delay>0</Delay><MouseEvent><MouseButton>1</MouseButton><State>0</State></MouseEvent></MacroEvent><MacroEvent><Type>3</Type><Delay>0</Delay><MouseMovement>
        <MouseMovementEvent>
          <Type>3</Type>
          <X>866</X>
          <Y>120</Y>
          <Delay>21</Delay>
        </MouseMovementEvent></MouseMovement></MacroEvent><MacroEvent><Type>3</Type><Delay>0</Delay><MouseMovement>
        <MouseMovementEvent>
          <Type>3</Type>
          <X>863</X>
          <Y>124</Y>
          <Delay>19</Delay>
        </MouseMovementEvent></MouseMovement></MacroEvent><MacroEvent><Type>3</Type><Delay>0</Delay><MouseMovement>
        <MouseMovementEvent>
          <Type>3</Type>
          <X>860</X>
          <Y>128</Y>
          <Delay>20</Delay>
        </MouseMovementEvent></MouseMovement></MacroEvent><MacroEvent><Type>2</Type><Delay>0</Delay><MouseEvent><MouseButton>1</MouseButton><State>1</State></MouseEvent></MacroEvent><MacroEvent><Type>2</Type><Delay>0</Delay><MouseEvent><MouseButton>1</MouseButton><State>0</State></MouseEvent></MacroEvent><MacroEvent><Type>3</Type><Delay>0</Delay><MouseMovement>
        <MouseMovementEvent>
          <Type>3</Type>
          <X>857</X>
          <Y>132</Y>
          <Delay>20</Delay>
        </MouseMovementEvent></MouseMovement></MacroEvent><MacroEvent><Type>3</Type><Delay>0</Delay><MouseMovement>
        <MouseMovementEvent>
          <Type>3</Type>
          <X>854</X>
          <Y>136</Y>
          <Delay>20</Delay>
        </MouseMovementEvent></MouseMovement></MacroEvent><MacroEvent><Type>3</Type><Delay>0</Delay><MouseMovement>
        <MouseMovementEvent>
          <Type>3</Type>
          <X>851</X>
          <Y>140</Y>
          <Delay>20</Delay>
        </MouseMovementEvent></MouseMovement></MacroEvent><MacroEvent><Type>2</Type><Delay>0</Delay><MouseEvent><MouseButton>1</MouseButton><State>1</State></MouseEvent></MacroEvent><MacroEvent><Type>2</Type><Delay>0</Delay><MouseEvent><MouseButton>1</MouseButton><State>0</State></MouseEvent></MacroEvent><MacroEvent><Type>3</Type><Delay>0</Delay><MouseMovement>
        <MouseMovementEvent>
          <Type>3</Type>
          <X>854</X>
          <Y>144</Y>
          <Delay>20</Delay>
        </MouseMovementEvent></MouseMovement></MacroEvent><MacroEvent><Type>3</Type><Delay>0</Delay><MouseMovement>
        <MouseMovementEvent>
          <Type>3</Type>
          <X>857</X>
          <Y>148</Y>
          <Delay>20</Delay>
        </MouseMovementEvent></MouseMovement></MacroEvent><MacroEvent><Type>3</Type><Delay>0</Delay><MouseMovement>
        <MouseMovementEvent>
          <Type>3</Type>
          <X>861</X>
          <Y>152</Y>
          <Delay>20</Delay>
        </MouseMovementEvent></MouseMovement></MacroEvent><MacroEvent><Type>2</Type><Delay>0</Delay><MouseEvent><MouseButton>1</MouseButton><State>1</State></MouseEvent></MacroEvent><MacroEvent><Type>2</Type><Delay>0</Delay><MouseEvent><MouseButton>1</MouseButton><State>0</State></MouseEvent></MacroEvent><MacroEvent><Type>3</Type><Delay>0</Delay><MouseMovement>
        <MouseMovementEvent>
          <Type>3</Type>
          <X>865</X>
          <Y>156</Y>
          <Delay>20</Delay>
        </MouseMovementEvent></MouseMovement></MacroEvent><MacroEvent><Type>3</Type><Delay>0</Delay><MouseMovement>
        <MouseMovementEvent>
          <Type>3</Type>
          <X>870</X>
          <Y>160</Y>
          <Delay>21</Delay>
        </MouseMovementEvent></MouseMovement></MacroEvent><MacroEvent><Type>3</Type><Delay>0</Delay><MouseMovement>
        <MouseMovementEvent>
          <Type>3</Type>
          <X>874</X>
          <Y>164</Y>
          <Delay>19</Delay>
        </MouseMovementEvent></MouseMovement></MacroEvent><MacroEvent><Type>2</Type><Delay>0</Delay><MouseEvent><MouseButton>1</MouseButton><State>1</State></MouseEvent></MacroEvent><MacroEvent><Type>2</Type><Delay>0</Delay><MouseEvent><MouseButton>1</MouseButton><State>0</State></MouseEvent></MacroEvent><MacroEvent><Type>3</Type><Delay>0</Delay><MouseMovement>
        <MouseMovementEvent>
          <Type>3</Type>
          <X>879</X>
          <Y>168</Y>
          <Delay>20</Delay>
        </MouseMovementEvent></MouseMovement></MacroEvent><MacroEvent><Type>3</Type><Delay>0</Delay><MouseMovement>
        <MouseMovementEvent>
          <Type>3</Type>
          <X>883</X>
          <Y>172</Y>
          <Delay>20</Delay>
        </MouseMovementEvent></MouseMovement></MacroEvent><MacroEvent><Type>3</Type><Delay>0</Delay><MouseMovement>
        <MouseMovementEvent>
          <Type>3</Type>
          <X>887</X>
          <Y>175</Y>
          <Delay>19</Delay>
        </MouseMovementEvent></MouseMovement></MacroEvent><MacroEvent><Type>2</Type><Delay>0</Delay><MouseEvent><MouseButton>1</MouseButton><State>1</State></MouseEvent></MacroEvent><MacroEvent><Type>2</Type><Delay>0</Delay><MouseEvent><MouseButton>1</MouseButton><State>0</State></MouseEvent></MacroEvent><MacroEvent><Type>3</Type><Delay>0</Delay><MouseMovement>
        <MouseMovementEvent>
          <Type>3</Type>
          <X>891</X>
          <Y>179</Y>
          <Delay>20</Delay>
        </MouseMovementEvent></MouseMovement></MacroEvent><MacroEvent><Type>3</Type><Delay>0</Delay><MouseMovement>
        <MouseMovementEvent>
          <Type>3</Type>
          <X>895</X>
          <Y>184</Y>
          <Delay>20</Delay>
        </MouseMovementEvent></MouseMovement></MacroEvent><MacroEvent><Type>3</Type><Delay>0</Delay><MouseMovement>
        <MouseMovementEvent>
          <Type>3</Type>
          <X>899</X>
          <Y>188</Y>
          <Delay>20</Delay>
        </MouseMovementEvent></MouseMovement></MacroEvent><MacroEvent><Type>2</Type><Delay>0</Delay><MouseEvent><MouseButton>1</MouseButton><State>1</State></MouseEvent></MacroEvent><MacroEvent><Type>2</Type><Delay>0</Delay><MouseEvent><MouseButton>1</MouseButton><State>0</State></MouseEvent></MacroEvent><MacroEvent><Type>3</Type><Delay>0</Delay><MouseMovement>
        <MouseMovementEvent>
          <Type>3</Type>
          <X>903</X>
          <Y>191</Y>
          <Delay>20</Delay>
        </MouseMovementEvent></MouseMovement></MacroEvent><MacroEvent><Type>3</Type><Delay>0</Delay><MouseMovement>
        <MouseMovementEvent>
          <Type>3</Type>
          <X>908</X>
          <Y>195</Y>
          <Delay>20</Delay>
        </MouseMovementEvent></MouseMovement></MacroEvent><MacroEvent><Type>3</Type><Delay>0</Delay><MouseMovement>
        <MouseMovementEvent>
          <Type>3</Type>
          <X>913</X>
          <Y>198</Y>
          <Delay>20</Delay>
        </MouseMovementEvent></MouseMovement></MacroEvent><MacroEvent><Type>2</Type><Delay>0</Delay><MouseEvent><MouseButton>1</MouseButton><State>1</State></MouseEvent></MacroEvent><MacroEvent><Type>2</Type><Delay>0</Delay><MouseEvent><MouseButton>1</MouseButton><State>0</State></MouseEvent></MacroEvent><MacroEvent><Type>3</Type><Delay>0</Delay><MouseMovement>
        <MouseMovementEvent>
          <Type>3</Type>
          <X>918</X>
          <Y>202</Y>
          <Delay>20</Delay>
        </MouseMovementEvent></MouseMovement></MacroEvent><MacroEvent><Type>3</Type><Delay>0</Delay><MouseMovement>
        <MouseMovementEvent>
          <Type>3</Type>
          <X>923</X>
          <Y>205</Y>
          <Delay>20</Delay>
        </MouseMovementEvent></MouseMovement></MacroEvent><MacroEvent><Type>3</Type><Delay>0</Delay><MouseMovement>
        <MouseMovementEvent>
          <Type>3</Type>
          <X>928</X>
          <Y>208</Y>
          <Delay>20</Delay>
        </MouseMovementEvent></MouseMovement></MacroEvent><MacroEvent><Type>2</Type><Delay>0</Delay><MouseEvent><MouseButton>1</MouseButton><State>1</State></MouseEvent></MacroEvent><MacroEvent><Type>2</Type><Delay>0</Delay><MouseEvent><MouseButton>1</MouseButton><State>0</State></MouseEvent></MacroEvent><MacroEvent><Type>3</Type><Delay>0</Delay><MouseMovement>
        <MouseMovementEvent>
          <Type>3</Type>
          <X>933</X>
          <Y>211</Y>
          <Delay>20</Delay>
        </MouseMovementEvent></MouseMovement></MacroEvent><MacroEvent><Type>3</Type><Delay>0</Delay><MouseMovement>
        <MouseMovementEvent>
          <Type>3</Type>
          <X>938</X>
          <Y>213</Y>
          <Delay>20</Delay>
        </MouseMovementEvent></MouseMovement></MacroEvent><MacroEvent><Type>3</Type><Delay>0</Delay><MouseMovement>
        <MouseMovementEvent>
          <Type>3</Type>
          <X>943</X>
          <Y>215</Y>
          <Delay>20</Delay>
        </MouseMovementEvent></MouseMovement></MacroEvent><MacroEvent><Type>2</Type><Delay>0</Delay><MouseEvent><MouseButton>1</MouseButton><State>1</State></MouseEvent></MacroEvent><MacroEvent><Type>2</Type><Delay>0</Delay><MouseEvent><MouseButton>1</MouseButton><State>0</State></MouseEvent></MacroEvent><MacroEvent><Type>3</Type><Delay>0</Delay><MouseMovement>
        <MouseMovementEvent>
          <Type>3</Type>
          <X>947</X>
          <Y>217</Y>
          <Delay>20</Delay>
        </MouseMovementEvent></MouseMovement></MacroEvent><MacroEvent><Type>3</Type><Delay>0</Delay><MouseMovement>
        <MouseMovementEvent>
          <Type>3</Type>
          <X>951</X>
          <Y>219</Y>
          <Delay>20</Delay>
        </MouseMovementEvent></MouseMovement></MacroEvent><MacroEvent><Type>3</Type><Delay>0</Delay><MouseMovement>
        <MouseMovementEvent>
          <Type>3</Type>
          <X>956</X>
          <Y>221</Y>
          <Delay>20</Delay>
        </MouseMovementEvent></MouseMovement></MacroEvent><MacroEvent><Type>2</Type><Delay>0</Delay><MouseEvent><MouseButton>1</MouseButton><State>1</State></MouseEvent></MacroEvent><MacroEvent><Type>2</Type><Delay>0</Delay><MouseEvent><MouseButton>1</MouseButton><State>0</State></MouseEvent></MacroEvent><MacroEvent><Type>3</Type><Delay>0</Delay><MouseMovement>
        <MouseMovementEvent>
          <Type>3</Type>
          <X>961</X>
          <Y>222</Y>
          <Delay>20</Delay>
        </MouseMovementEvent></MouseMovement></MacroEvent><MacroEvent><Type>3</Type><Delay>0</Delay><MouseMovement>
        <MouseMovementEvent>
          <Type>3</Type>
          <X>965</X>
          <Y>223</Y>
          <Delay>20</Delay>
        </MouseMovementEvent></MouseMovement></MacroEvent><MacroEvent><Type>3</Type><Delay>0</Delay><MouseMovement>
        <MouseMovementEvent>
          <Type>3</Type>
          <X>965</X>
          <Y>224</Y>
          <Delay>122</Delay>
        </MouseMovementEvent></MouseMovement></MacroEvent><MacroEvent><Type>2</Type><Delay>0</Delay><MouseEvent><MouseButton>1</MouseButton><State>1</State></MouseEvent></MacroEvent><MacroEvent><Type>2</Type><Delay>0</Delay><MouseEvent><MouseButton>1</MouseButton><State>0</State></MouseEvent></MacroEvent><MacroEvent><Type>3</Type><Delay>0</Delay><MouseMovement>
        <MouseMovementEvent>
          <Type>3</Type>
          <X>965</X>
          <Y>225</Y>
          <Delay>20</Delay>
        </MouseMovementEvent></MouseMovement></MacroEvent><MacroEvent><Type>3</Type><Delay>0</Delay><MouseMovement>
        <MouseMovementEvent>
          <Type>3</Type>
          <X>965</X>
          <Y>226</Y>
          <Delay>20</Delay>
        </MouseMovementEvent></MouseMovement></MacroEvent><MacroEvent><Type>3</Type><Delay>0</Delay><MouseMovement>
        <MouseMovementEvent>
          <Type>3</Type>
          <X>965</X>
          <Y>228</Y>
          <Delay>20</Delay>
        </MouseMovementEvent></MouseMovement></MacroEvent><MacroEvent><Type>2</Type><Delay>0</Delay><MouseEvent><MouseButton>1</MouseButton><State>1</State></MouseEvent></MacroEvent><MacroEvent><Type>2</Type><Delay>0</Delay><MouseEvent><MouseButton>1</MouseButton><State>0</State></MouseEvent></MacroEvent><MacroEvent><Type>3</Type><Delay>0</Delay><MouseMovement>
        <MouseMovementEvent>
          <Type>3</Type>
          <X>965</X>
          <Y>230</Y>
          <Delay>20</Delay>
        </MouseMovementEvent></MouseMovement></MacroEvent><MacroEvent><Type>3</Type><Delay>0</Delay><MouseMovement>
        <MouseMovementEvent>
          <Type>3</Type>
          <X>965</X>
          <Y>231</Y>
          <Delay>20</Delay>
        </MouseMovementEvent></MouseMovement></MacroEvent><MacroEvent><Type>3</Type><Delay>0</Delay><MouseMovement>
        <MouseMovementEvent>
          <Type>3</Type>
          <X>964</X>
          <Y>231</Y>
          <Delay>61</Delay>
        </MouseMovementEvent></MouseMovement></MacroEvent><MacroEvent><Type>2</Type><Delay>0</Delay><MouseEvent><MouseButton>1</MouseButton><State>1</State></MouseEvent></MacroEvent><MacroEvent><Type>2</Type><Delay>0</Delay><MouseEvent><MouseButton>1</MouseButton><State>0</State></MouseEvent></MacroEvent><MacroEvent><Type>3</Type><Delay>0</Delay><MouseMovement>
        <MouseMovementEvent>
          <Type>3</Type>
          <X>962</X>
          <Y>231</Y>
          <Delay>20</Delay>
        </MouseMovementEvent></MouseMovement></MacroEvent><MacroEvent><Type>3</Type><Delay>0</Delay><MouseMovement>
        <MouseMovementEvent>
          <Type>3</Type>
          <X>960</X>
          <Y>231</Y>
          <Delay>20</Delay>
        </MouseMovementEvent></MouseMovement></MacroEvent><MacroEvent><Type>3</Type><Delay>0</Delay><MouseMovement>
        <MouseMovementEvent>
          <Type>3</Type>
          <X>957</X>
          <Y>232</Y>
          <Delay>20</Delay>
        </MouseMovementEvent></MouseMovement></MacroEvent><MacroEvent><Type>2</Type><Delay>0</Delay><MouseEvent><MouseButton>1</MouseButton><State>1</State></MouseEvent></MacroEvent><MacroEvent><Type>2</Type><Delay>0</Delay><MouseEvent><MouseButton>1</MouseButton><State>0</State></MouseEvent></MacroEvent><MacroEvent><Type>3</Type><Delay>0</Delay><MouseMovement>
        <MouseMovementEvent>
          <Type>3</Type>
          <X>954</X>
          <Y>234</Y>
          <Delay>20</Delay>
        </MouseMovementEvent></MouseMovement></MacroEvent><MacroEvent><Type>3</Type><Delay>0</Delay><MouseMovement>
        <MouseMovementEvent>
          <Type>3</Type>
          <X>951</X>
          <Y>236</Y>
          <Delay>21</Delay>
        </MouseMovementEvent></MouseMovement></MacroEvent><MacroEvent><Type>3</Type><Delay>0</Delay><MouseMovement>
        <MouseMovementEvent>
          <Type>3</Type>
          <X>948</X>
          <Y>238</Y>
          <Delay>19</Delay>
        </MouseMovementEvent></MouseMovement></MacroEvent><MacroEvent><Type>2</Type><Delay>0</Delay><MouseEvent><MouseButton>1</MouseButton><State>1</State></MouseEvent></MacroEvent><MacroEvent><Type>2</Type><Delay>0</Delay><MouseEvent><MouseButton>1</MouseButton><State>0</State></MouseEvent></MacroEvent><MacroEvent><Type>3</Type><Delay>0</Delay><MouseMovement>
        <MouseMovementEvent>
          <Type>3</Type>
          <X>945</X>
          <Y>240</Y>
          <Delay>20</Delay>
        </MouseMovementEvent></MouseMovement></MacroEvent><MacroEvent><Type>3</Type><Delay>0</Delay><MouseMovement>
        <MouseMovementEvent>
          <Type>3</Type>
          <X>942</X>
          <Y>242</Y>
          <Delay>20</Delay>
        </MouseMovementEvent></MouseMovement></MacroEvent><MacroEvent><Type>3</Type><Delay>0</Delay><MouseMovement>
        <MouseMovementEvent>
          <Type>3</Type>
          <X>939</X>
          <Y>244</Y>
          <Delay>20</Delay>
        </MouseMovementEvent></MouseMovement></MacroEvent><MacroEvent><Type>2</Type><Delay>0</Delay><MouseEvent><MouseButton>1</MouseButton><State>1</State></MouseEvent></MacroEvent><MacroEvent><Type>2</Type><Delay>0</Delay><MouseEvent><MouseButton>1</MouseButton><State>0</State></MouseEvent></MacroEvent><MacroEvent><Type>3</Type><Delay>0</Delay><MouseMovement>
        <MouseMovementEvent>
          <Type>3</Type>
          <X>936</X>
          <Y>245</Y>
          <Delay>20</Delay>
        </MouseMovementEvent></MouseMovement></MacroEvent><MacroEvent><Type>3</Type><Delay>0</Delay><MouseMovement>
        <MouseMovementEvent>
          <Type>3</Type>
          <X>936</X>
          <Y>244</Y>
          <Delay>20</Delay>
        </MouseMovementEvent></MouseMovement></MacroEvent><MacroEvent><Type>3</Type><Delay>0</Delay><MouseMovement>
        <MouseMovementEvent>
          <Type>3</Type>
          <X>936</X>
          <Y>243</Y>
          <Delay>20</Delay>
        </MouseMovementEvent></MouseMovement></MacroEvent><MacroEvent><Type>2</Type><Delay>0</Delay><MouseEvent><MouseButton>1</MouseButton><State>1</State></MouseEvent></MacroEvent><MacroEvent><Type>2</Type><Delay>0</Delay><MouseEvent><MouseButton>1</MouseButton><State>0</State></MouseEvent></MacroEvent><MacroEvent><Type>3</Type><Delay>0</Delay><MouseMovement>
        <MouseMovementEvent>
          <Type>3</Type>
          <X>936</X>
          <Y>242</Y>
          <Delay>20</Delay>
        </MouseMovementEvent></MouseMovement></MacroEvent><MacroEvent><Type>3</Type><Delay>0</Delay><MouseMovement>
        <MouseMovementEvent>
          <Type>3</Type>
          <X>935</X>
          <Y>243</Y>
          <Delay>20</Delay>
        </MouseMovementEvent></MouseMovement></MacroEvent><MacroEvent><Type>3</Type><Delay>0</Delay><MouseMovement>
        <MouseMovementEvent>
          <Type>3</Type>
          <X>934</X>
          <Y>244</Y>
          <Delay>20</Delay>
        </MouseMovementEvent></MouseMovement></MacroEvent><MacroEvent><Type>2</Type><Delay>0</Delay><MouseEvent><MouseButton>1</MouseButton><State>1</State></MouseEvent></MacroEvent><MacroEvent><Type>2</Type><Delay>0</Delay><MouseEvent><MouseButton>1</MouseButton><State>0</State></MouseEvent></MacroEvent><MacroEvent><Type>3</Type><Delay>0</Delay><MouseMovement>
        <MouseMovementEvent>
          <Type>3</Type>
          <X>933</X>
          <Y>245</Y>
          <Delay>20</Delay>
        </MouseMovementEvent></MouseMovement></MacroEvent><MacroEvent><Type>3</Type><Delay>0</Delay><MouseMovement>
        <MouseMovementEvent>
          <Type>3</Type>
          <X>932</X>
          <Y>246</Y>
          <Delay>20</Delay>
        </MouseMovementEvent></MouseMovement></MacroEvent><MacroEvent><Type>3</Type><Delay>0</Delay><MouseMovement>
        <MouseMovementEvent>
          <Type>3</Type>
          <X>931</X>
          <Y>247</Y>
          <Delay>20</Delay>
        </MouseMovementEvent></MouseMovement></MacroEvent><MacroEvent><Type>2</Type><Delay>0</Delay><MouseEvent><MouseButton>1</MouseButton><State>1</State></MouseEvent></MacroEvent><MacroEvent><Type>2</Type><Delay>0</Delay><MouseEvent><MouseButton>1</MouseButton><State>0</State></MouseEvent></MacroEvent><MacroEvent><Type>3</Type><Delay>0</Delay><MouseMovement>
        <MouseMovementEvent>
          <Type>3</Type>
          <X>930</X>
          <Y>248</Y>
          <Delay>20</Delay>
        </MouseMovementEvent></MouseMovement></MacroEvent><MacroEvent><Type>3</Type><Delay>0</Delay><MouseMovement>
        <MouseMovementEvent>
          <Type>3</Type>
          <X>929</X>
          <Y>249</Y>
          <Delay>20</Delay>
        </MouseMovementEvent></MouseMovement></MacroEvent><MacroEvent><Type>3</Type><Delay>0</Delay><MouseMovement>
        <MouseMovementEvent>
          <Type>3</Type>
          <X>928</X>
          <Y>250</Y>
          <Delay>20</Delay>
        </MouseMovementEvent></MouseMovement></MacroEvent><MacroEvent><Type>2</Type><Delay>0</Delay><MouseEvent><MouseButton>1</MouseButton><State>1</State></MouseEvent></MacroEvent><MacroEvent><Type>2</Type><Delay>0</Delay><MouseEvent><MouseButton>1</MouseButton><State>0</State></MouseEvent></MacroEvent><MacroEvent><Type>3</Type><Delay>0</Delay><MouseMovement>
        <MouseMovementEvent>
          <Type>3</Type>
          <X>927</X>
          <Y>251</Y>
          <Delay>20</Delay>
        </MouseMovementEvent></MouseMovement></MacroEvent><MacroEvent><Type>3</Type><Delay>0</Delay><MouseMovement>
        <MouseMovementEvent>
          <Type>3</Type>
          <X>927</X>
          <Y>252</Y>
          <Delay>20</Delay>
        </MouseMovementEvent></MouseMovement></MacroEvent><MacroEvent><Type>3</Type><Delay>0</Delay><MouseMovement>
        <MouseMovementEvent>
          <Type>3</Type>
          <X>927</X>
          <Y>253</Y>
          <Delay>20</Delay>
        </MouseMovementEvent></MouseMovement></MacroEvent><MacroEvent><Type>2</Type><Delay>0</Delay><MouseEvent><MouseButton>1</MouseButton><State>1</State></MouseEvent></MacroEvent><MacroEvent><Type>2</Type><Delay>0</Delay><MouseEvent><MouseButton>1</MouseButton><State>0</State></MouseEvent></MacroEvent><MacroEvent><Type>3</Type><Delay>0</Delay><MouseMovement>
        <MouseMovementEvent>
          <Type>3</Type>
          <X>927</X>
          <Y>254</Y>
          <Delay>20</Delay>
        </MouseMovementEvent></MouseMovement></MacroEvent><MacroEvent><Type>3</Type><Delay>0</Delay><MouseMovement>
        <MouseMovementEvent>
          <Type>3</Type>
          <X>927</X>
          <Y>255</Y>
          <Delay>20</Delay>
        </MouseMovementEvent></MouseMovement></MacroEvent><MacroEvent><Type>3</Type><Delay>0</Delay><MouseMovement>
        <MouseMovementEvent>
          <Type>3</Type>
          <X>927</X>
          <Y>257</Y>
          <Delay>20</Delay>
        </MouseMovementEvent></MouseMovement></MacroEvent><MacroEvent><Type>2</Type><Delay>0</Delay><MouseEvent><MouseButton>1</MouseButton><State>1</State></MouseEvent></MacroEvent><MacroEvent><Type>2</Type><Delay>0</Delay><MouseEvent><MouseButton>1</MouseButton><State>0</State></MouseEvent></MacroEvent><MacroEvent><Type>3</Type><Delay>0</Delay><MouseMovement>
        <MouseMovementEvent>
          <Type>3</Type>
          <X>927</X>
          <Y>259</Y>
          <Delay>20</Delay>
        </MouseMovementEvent></MouseMovement></MacroEvent><MacroEvent><Type>3</Type><Delay>0</Delay><MouseMovement>
        <MouseMovementEvent>
          <Type>3</Type>
          <X>927</X>
          <Y>261</Y>
          <Delay>20</Delay>
        </MouseMovementEvent></MouseMovement></MacroEvent><MacroEvent><Type>3</Type><Delay>0</Delay><MouseMovement>
        <MouseMovementEvent>
          <Type>3</Type>
          <X>927</X>
          <Y>263</Y>
          <Delay>20</Delay>
        </MouseMovementEvent></MouseMovement></MacroEvent><MacroEvent><Type>2</Type><Delay>0</Delay><MouseEvent><MouseButton>1</MouseButton><State>1</State></MouseEvent></MacroEvent><MacroEvent><Type>2</Type><Delay>0</Delay><MouseEvent><MouseButton>1</MouseButton><State>0</State></MouseEvent></MacroEvent><MacroEvent><Type>3</Type><Delay>0</Delay><MouseMovement>
        <MouseMovementEvent>
          <Type>3</Type>
          <X>927</X>
          <Y>265</Y>
          <Delay>20</Delay>
        </MouseMovementEvent></MouseMovement></MacroEvent><MacroEvent><Type>3</Type><Delay>0</Delay><MouseMovement>
        <MouseMovementEvent>
          <Type>3</Type>
          <X>927</X>
          <Y>267</Y>
          <Delay>20</Delay>
        </MouseMovementEvent></MouseMovement></MacroEvent><MacroEvent><Type>3</Type><Delay>0</Delay><MouseMovement>
        <MouseMovementEvent>
          <Type>3</Type>
          <X>927</X>
          <Y>269</Y>
          <Delay>20</Delay>
        </MouseMovementEvent></MouseMovement></MacroEvent><MacroEvent><Type>2</Type><Delay>0</Delay><MouseEvent><MouseButton>1</MouseButton><State>1</State></MouseEvent></MacroEvent><MacroEvent><Type>2</Type><Delay>0</Delay><MouseEvent><MouseButton>1</MouseButton><State>0</State></MouseEvent></MacroEvent><MacroEvent><Type>3</Type><Delay>0</Delay><MouseMovement>
        <MouseMovementEvent>
          <Type>3</Type>
          <X>927</X>
          <Y>271</Y>
          <Delay>20</Delay>
        </MouseMovementEvent></MouseMovement></MacroEvent><MacroEvent><Type>3</Type><Delay>0</Delay><MouseMovement>
        <MouseMovementEvent>
          <Type>3</Type>
          <X>927</X>
          <Y>272</Y>
          <Delay>20</Delay>
        </MouseMovementEvent></MouseMovement></MacroEvent><MacroEvent><Type>3</Type><Delay>0</Delay><MouseMovement>
        <MouseMovementEvent>
          <Type>3</Type>
          <X>927</X>
          <Y>273</Y>
          <Delay>20</Delay>
        </MouseMovementEvent></MouseMovement></MacroEvent><MacroEvent><Type>2</Type><Delay>0</Delay><MouseEvent><MouseButton>1</MouseButton><State>1</State></MouseEvent></MacroEvent><MacroEvent><Type>2</Type><Delay>0</Delay><MouseEvent><MouseButton>1</MouseButton><State>0</State></MouseEvent></MacroEvent><MacroEvent><Type>3</Type><Delay>0</Delay><MouseMovement>
        <MouseMovementEvent>
          <Type>3</Type>
          <X>927</X>
          <Y>274</Y>
          <Delay>20</Delay>
        </MouseMovementEvent></MouseMovement></MacroEvent><MacroEvent><Type>3</Type><Delay>0</Delay><MouseMovement>
        <MouseMovementEvent>
          <Type>3</Type>
          <X>927</X>
          <Y>275</Y>
          <Delay>20</Delay>
        </MouseMovementEvent></MouseMovement></MacroEvent><MacroEvent><Type>3</Type><Delay>0</Delay><MouseMovement>
        <MouseMovementEvent>
          <Type>3</Type>
          <X>927</X>
          <Y>276</Y>
          <Delay>20</Delay>
        </MouseMovementEvent></MouseMovement></MacroEvent><MacroEvent><Type>2</Type><Delay>0</Delay><MouseEvent><MouseButton>1</MouseButton><State>1</State></MouseEvent></MacroEvent><MacroEvent><Type>2</Type><Delay>0</Delay><MouseEvent><MouseButton>1</MouseButton><State>0</State></MouseEvent></MacroEvent><MacroEvent><Type>3</Type><Delay>0</Delay><MouseMovement>
        <MouseMovementEvent>
          <Type>3</Type>
          <X>926</X>
          <Y>277</Y>
          <Delay>20</Delay>
        </MouseMovementEvent></MouseMovement></MacroEvent><MacroEvent><Type>3</Type><Delay>0</Delay><MouseMovement>
        <MouseMovementEvent>
          <Type>3</Type>
          <X>925</X>
          <Y>278</Y>
          <Delay>20</Delay>
        </MouseMovementEvent></MouseMovement></MacroEvent><MacroEvent><Type>3</Type><Delay>0</Delay><MouseMovement>
        <MouseMovementEvent>
          <Type>3</Type>
          <X>923</X>
          <Y>279</Y>
          <Delay>20</Delay>
        </MouseMovementEvent></MouseMovement></MacroEvent><MacroEvent><Type>2</Type><Delay>0</Delay><MouseEvent><MouseButton>1</MouseButton><State>1</State></MouseEvent></MacroEvent><MacroEvent><Type>2</Type><Delay>0</Delay><MouseEvent><MouseButton>1</MouseButton><State>0</State></MouseEvent></MacroEvent><MacroEvent><Type>3</Type><Delay>0</Delay><MouseMovement>
        <MouseMovementEvent>
          <Type>3</Type>
          <X>920</X>
          <Y>280</Y>
          <Delay>20</Delay>
        </MouseMovementEvent></MouseMovement></MacroEvent><MacroEvent><Type>3</Type><Delay>0</Delay><MouseMovement>
        <MouseMovementEvent>
          <Type>3</Type>
          <X>918</X>
          <Y>282</Y>
          <Delay>21</Delay>
        </MouseMovementEvent></MouseMovement></MacroEvent><MacroEvent><Type>3</Type><Delay>0</Delay><MouseMovement>
        <MouseMovementEvent>
          <Type>3</Type>
          <X>917</X>
          <Y>284</Y>
          <Delay>19</Delay>
        </MouseMovementEvent></MouseMovement></MacroEvent><MacroEvent><Type>2</Type><Delay>0</Delay><MouseEvent><MouseButton>1</MouseButton><State>1</State></MouseEvent></MacroEvent><MacroEvent><Type>2</Type><Delay>0</Delay><MouseEvent><MouseButton>1</MouseButton><State>0</State></MouseEvent></MacroEvent><MacroEvent><Type>3</Type><Delay>0</Delay><MouseMovement>
        <MouseMovementEvent>
          <Type>3</Type>
          <X>916</X>
          <Y>286</Y>
          <Delay>20</Delay>
        </MouseMovementEvent></MouseMovement></MacroEvent><MacroEvent><Type>3</Type><Delay>0</Delay><MouseMovement>
        <MouseMovementEvent>
          <Type>3</Type>
          <X>916</X>
          <Y>289</Y>
          <Delay>20</Delay>
        </MouseMovementEvent></MouseMovement></MacroEvent><MacroEvent><Type>3</Type><Delay>0</Delay><MouseMovement>
        <MouseMovementEvent>
          <Type>3</Type>
          <X>916</X>
          <Y>291</Y>
          <Delay>20</Delay>
        </MouseMovementEvent></MouseMovement></MacroEvent><MacroEvent><Type>2</Type><Delay>0</Delay><MouseEvent><MouseButton>1</MouseButton><State>1</State></MouseEvent></MacroEvent><MacroEvent><Type>2</Type><Delay>0</Delay><MouseEvent><MouseButton>1</MouseButton><State>0</State></MouseEvent></MacroEvent><MacroEvent><Type>3</Type><Delay>0</Delay><MouseMovement>
        <MouseMovementEvent>
          <Type>3</Type>
          <X>916</X>
          <Y>293</Y>
          <Delay>20</Delay>
        </MouseMovementEvent></MouseMovement></MacroEvent><MacroEvent><Type>3</Type><Delay>0</Delay><MouseMovement>
        <MouseMovementEvent>
          <Type>3</Type>
          <X>916</X>
          <Y>295</Y>
          <Delay>20</Delay>
        </MouseMovementEvent></MouseMovement></MacroEvent><MacroEvent><Type>3</Type><Delay>0</Delay><MouseMovement>
        <MouseMovementEvent>
          <Type>3</Type>
          <X>916</X>
          <Y>298</Y>
          <Delay>20</Delay>
        </MouseMovementEvent></MouseMovement></MacroEvent><MacroEvent><Type>2</Type><Delay>0</Delay><MouseEvent><MouseButton>1</MouseButton><State>1</State></MouseEvent></MacroEvent><MacroEvent><Type>2</Type><Delay>0</Delay><MouseEvent><MouseButton>1</MouseButton><State>0</State></MouseEvent></MacroEvent><MacroEvent><Type>3</Type><Delay>0</Delay><MouseMovement>
        <MouseMovementEvent>
          <Type>3</Type>
          <X>916</X>
          <Y>301</Y>
          <Delay>19</Delay>
        </MouseMovementEvent></MouseMovement></MacroEvent><MacroEvent><Type>3</Type><Delay>0</Delay><MouseMovement>
        <MouseMovementEvent>
          <Type>3</Type>
          <X>916</X>
          <Y>305</Y>
          <Delay>21</Delay>
        </MouseMovementEvent></MouseMovement></MacroEvent><MacroEvent><Type>3</Type><Delay>0</Delay><MouseMovement>
        <MouseMovementEvent>
          <Type>3</Type>
          <X>916</X>
          <Y>308</Y>
          <Delay>20</Delay>
        </MouseMovementEvent></MouseMovement></MacroEvent><MacroEvent><Type>2</Type><Delay>0</Delay><MouseEvent><MouseButton>1</MouseButton><State>1</State></MouseEvent></MacroEvent><MacroEvent><Type>2</Type><Delay>0</Delay><MouseEvent><MouseButton>1</MouseButton><State>0</State></MouseEvent></MacroEvent><MacroEvent><Type>3</Type><Delay>0</Delay><MouseMovement>
        <MouseMovementEvent>
          <Type>3</Type>
          <X>916</X>
          <Y>311</Y>
          <Delay>19</Delay>
        </MouseMovementEvent></MouseMovement></MacroEvent><MacroEvent><Type>3</Type><Delay>0</Delay><MouseMovement>
        <MouseMovementEvent>
          <Type>3</Type>
          <X>916</X>
          <Y>314</Y>
          <Delay>20</Delay>
        </MouseMovementEvent></MouseMovement></MacroEvent><MacroEvent><Type>3</Type><Delay>0</Delay><MouseMovement>
        <MouseMovementEvent>
          <Type>3</Type>
          <X>916</X>
          <Y>317</Y>
          <Delay>20</Delay>
        </MouseMovementEvent></MouseMovement></MacroEvent><MacroEvent><Type>2</Type><Delay>0</Delay><MouseEvent><MouseButton>1</MouseButton><State>1</State></MouseEvent></MacroEvent><MacroEvent><Type>2</Type><Delay>0</Delay><MouseEvent><MouseButton>1</MouseButton><State>0</State></MouseEvent></MacroEvent><MacroEvent><Type>3</Type><Delay>0</Delay><MouseMovement>
        <MouseMovementEvent>
          <Type>3</Type>
          <X>916</X>
          <Y>320</Y>
          <Delay>20</Delay>
        </MouseMovementEvent></MouseMovement></MacroEvent><MacroEvent><Type>3</Type><Delay>0</Delay><MouseMovement>
        <MouseMovementEvent>
          <Type>3</Type>
          <X>916</X>
          <Y>323</Y>
          <Delay>20</Delay>
        </MouseMovementEvent></MouseMovement></MacroEvent><MacroEvent><Type>3</Type><Delay>0</Delay><MouseMovement>
        <MouseMovementEvent>
          <Type>3</Type>
          <X>916</X>
          <Y>325</Y>
          <Delay>20</Delay>
        </MouseMovementEvent></MouseMovement></MacroEvent><MacroEvent><Type>2</Type><Delay>0</Delay><MouseEvent><MouseButton>1</MouseButton><State>1</State></MouseEvent></MacroEvent><MacroEvent><Type>2</Type><Delay>0</Delay><MouseEvent><MouseButton>1</MouseButton><State>0</State></MouseEvent></MacroEvent><MacroEvent><Type>3</Type><Delay>0</Delay><MouseMovement>
        <MouseMovementEvent>
          <Type>3</Type>
          <X>916</X>
          <Y>327</Y>
          <Delay>20</Delay>
        </MouseMovementEvent></MouseMovement></MacroEvent><MacroEvent><Type>3</Type><Delay>0</Delay><MouseMovement>
        <MouseMovementEvent>
          <Type>3</Type>
          <X>916</X>
          <Y>329</Y>
          <Delay>20</Delay>
        </MouseMovementEvent></MouseMovement></MacroEvent><MacroEvent><Type>3</Type><Delay>0</Delay><MouseMovement>
        <MouseMovementEvent>
          <Type>3</Type>
          <X>916</X>
          <Y>331</Y>
          <Delay>20</Delay>
        </MouseMovementEvent></MouseMovement></MacroEvent><MacroEvent><Type>2</Type><Delay>0</Delay><MouseEvent><MouseButton>1</MouseButton><State>1</State></MouseEvent></MacroEvent><MacroEvent><Type>2</Type><Delay>0</Delay><MouseEvent><MouseButton>1</MouseButton><State>0</State></MouseEvent></MacroEvent><MacroEvent><Type>3</Type><Delay>0</Delay><MouseMovement>
        <MouseMovementEvent>
          <Type>3</Type>
          <X>916</X>
          <Y>333</Y>
          <Delay>20</Delay>
        </MouseMovementEvent></MouseMovement></MacroEvent><MacroEvent><Type>3</Type><Delay>0</Delay><MouseMovement>
        <MouseMovementEvent>
          <Type>3</Type>
          <X>916</X>
          <Y>334</Y>
          <Delay>20</Delay>
        </MouseMovementEvent></MouseMovement></MacroEvent><MacroEvent><Type>3</Type><Delay>0</Delay><MouseMovement>
        <MouseMovementEvent>
          <Type>3</Type>
          <X>916</X>
          <Y>335</Y>
          <Delay>20</Delay>
        </MouseMovementEvent></MouseMovement></MacroEvent><MacroEvent><Type>2</Type><Delay>0</Delay><MouseEvent><MouseButton>1</MouseButton><State>1</State></MouseEvent></MacroEvent><MacroEvent><Type>2</Type><Delay>0</Delay><MouseEvent><MouseButton>1</MouseButton><State>0</State></MouseEvent></MacroEvent><MacroEvent><Type>3</Type><Delay>0</Delay><MouseMovement>
        <MouseMovementEvent>
          <Type>3</Type>
          <X>916</X>
          <Y>336</Y>
          <Delay>20</Delay>
        </MouseMovementEvent></MouseMovement></MacroEvent><MacroEvent><Type>3</Type><Delay>0</Delay><MouseMovement>
        <MouseMovementEvent>
          <Type>3</Type>
          <X>916</X>
          <Y>337</Y>
          <Delay>20</Delay>
        </MouseMovementEvent></MouseMovement></MacroEvent><MacroEvent><Type>3</Type><Delay>0</Delay><MouseMovement>
        <MouseMovementEvent>
          <Type>3</Type>
          <X>917</X>
          <Y>338</Y>
          <Delay>283</Delay>
        </MouseMovementEvent></MouseMovement></MacroEvent><MacroEvent><Type>3</Type><Delay>0</Delay><MouseMovement>
      </MouseMovement>
    </MacroEvent>
    <MacroEvent>
      <Type>2</Type>
      <Delay>485</Delay>
      <MouseEvent>
        <MouseButton>1</MouseButton>
        <State>1</State>
      </MouseEvent>
    </MacroEvent>
  </MacroEvents>
  <IsFolder>false</IsFolder>
  <FolderGuid>00000000-0000-0000-0000-000000000000</FolderGuid>
</Macro>