﻿<?xml version="1.0" encoding="utf-8"?>
<Macro xmlns:xsi="http://www.w3.org/2001/XMLSchema-instance" xmlns:xsd="http://www.w3.org/2001/XMLSchema">
  <Name>AK47</Name>
  <Guid>c5cc5a41-b395-4aca-8927-5114cede0bd0</Guid>
  <MacroEvents>
    <MacroEvent>
      <Type>2</Type>
      <MouseEvent>
        <MouseButton>1</MouseButton>
        <State>0</State>
      </MouseEvent>
    </MacroEvent>
    <MacroEvent>
      <Type>3</Type>
      <Delay>6</Delay>
      <MouseMovement>
        <MouseMovementEvent>
          <Type>3</Type>
          <X>715</X>
          <Y>334</Y>
        </MouseMovementEvent></MouseMovement></MacroEvent><MacroEvent><Type>3</Type><Delay>1</Delay><MouseMovement>
        <MouseMovementEvent>
          <Type>3</Type>
          <X>716</X>
          <Y>337</Y>
          <Delay>41</Delay>
        </MouseMovementEvent></MouseMovement></MacroEvent><MacroEvent><Type>3</Type><Delay>1</Delay><MouseMovement>
        <MouseMovementEvent>
          <Type>3</Type>
          <X>717</X>
          <Y>340</Y>
          <Delay>30</Delay>
        </MouseMovementEvent></MouseMovement></MacroEvent><MacroEvent><Type>2</Type><Delay>0</Delay><MouseEvent><MouseButton>1</MouseButton><State>1</State></MouseEvent></MacroEvent><MacroEvent><Type>2</Type><Delay>0</Delay><MouseEvent><MouseButton>1</MouseButton><State>0</State></MouseEvent></MacroEvent><MacroEvent><Type>3</Type><Delay>1</Delay><MouseMovement>
        <MouseMovementEvent>
          <Type>3</Type>
          <X>718</X>
          <Y>343</Y>
          <Delay>32</Delay>
        </MouseMovementEvent></MouseMovement></MacroEvent><MacroEvent><Type>3</Type><Delay>1</Delay><MouseMovement>
        <MouseMovementEvent>
          <Type>3</Type>
          <X>719</X>
          <Y>346</Y>
          <Delay>31</Delay>
        </MouseMovementEvent></MouseMovement></MacroEvent><MacroEvent><Type>3</Type><Delay>1</Delay><MouseMovement>
        <MouseMovementEvent>
          <Type>3</Type>
          <X>720</X>
          <Y>349</Y>
          <Delay>30</Delay>
        </MouseMovementEvent></MouseMovement></MacroEvent><MacroEvent><Type>2</Type><Delay>0</Delay><MouseEvent><MouseButton>1</MouseButton><State>1</State></MouseEvent></MacroEvent><MacroEvent><Type>2</Type><Delay>0</Delay><MouseEvent><MouseButton>1</MouseButton><State>0</State></MouseEvent></MacroEvent><MacroEvent><Type>3</Type><Delay>1</Delay><MouseMovement>
        <MouseMovementEvent>
          <Type>3</Type>
          <X>721</X>
          <Y>352</Y>
          <Delay>31</Delay>
        </MouseMovementEvent></MouseMovement></MacroEvent><MacroEvent><Type>3</Type><Delay>1</Delay><MouseMovement>
        <MouseMovementEvent>
          <Type>3</Type>
          <X>722</X>
          <Y>355</Y>
          <Delay>30</Delay>
        </MouseMovementEvent></MouseMovement></MacroEvent><MacroEvent><Type>3</Type><Delay>1</Delay><MouseMovement>
        <MouseMovementEvent>
          <Type>3</Type>
          <X>723</X>
          <Y>357</Y>
          <Delay>30</Delay>
        </MouseMovementEvent></MouseMovement></MacroEvent><MacroEvent><Type>2</Type><Delay>0</Delay><MouseEvent><MouseButton>1</MouseButton><State>1</State></MouseEvent></MacroEvent><MacroEvent><Type>2</Type><Delay>0</Delay><MouseEvent><MouseButton>1</MouseButton><State>0</State></MouseEvent></MacroEvent><MacroEvent><Type>3</Type><Delay>1</Delay><MouseMovement>
        <MouseMovementEvent>
          <Type>3</Type>
          <X>724</X>
          <Y>359</Y>
          <Delay>31</Delay>
        </MouseMovementEvent></MouseMovement></MacroEvent><MacroEvent><Type>3</Type><Delay>1</Delay><MouseMovement>
        <MouseMovementEvent>
          <Type>3</Type>
          <X>725</X>
          <Y>361</Y>
          <Delay>30</Delay>
        </MouseMovementEvent></MouseMovement></MacroEvent><MacroEvent><Type>3</Type><Delay>1</Delay><MouseMovement>
        <MouseMovementEvent>
          <Type>3</Type>
          <X>726</X>
          <Y>363</Y>
          <Delay>32</Delay>
        </MouseMovementEvent></MouseMovement></MacroEvent><MacroEvent><Type>2</Type><Delay>0</Delay><MouseEvent><MouseButton>1</MouseButton><State>1</State></MouseEvent></MacroEvent><MacroEvent><Type>2</Type><Delay>0</Delay><MouseEvent><MouseButton>1</MouseButton><State>0</State></MouseEvent></MacroEvent><MacroEvent><Type>3</Type><Delay>1</Delay><MouseMovement>
        <MouseMovementEvent>
          <Type>3</Type>
          <X>727</X>
          <Y>365</Y>
          <Delay>30</Delay>
        </MouseMovementEvent></MouseMovement></MacroEvent><MacroEvent><Type>3</Type><Delay>1</Delay><MouseMovement>
        <MouseMovementEvent>
          <Type>3</Type>
          <X>728</X>
          <Y>366</Y>
          <Delay>30</Delay>
        </MouseMovementEvent></MouseMovement></MacroEvent><MacroEvent><Type>3</Type><Delay>1</Delay><MouseMovement>
        <MouseMovementEvent>
          <Type>3</Type>
          <X>729</X>
          <Y>368</Y>
          <Delay>31</Delay>
        </MouseMovementEvent></MouseMovement></MacroEvent><MacroEvent><Type>2</Type><Delay>0</Delay><MouseEvent><MouseButton>1</MouseButton><State>1</State></MouseEvent></MacroEvent><MacroEvent><Type>2</Type><Delay>0</Delay><MouseEvent><MouseButton>1</MouseButton><State>0</State></MouseEvent></MacroEvent><MacroEvent><Type>3</Type><Delay>1</Delay><MouseMovement>
        <MouseMovementEvent>
          <Type>3</Type>
          <X>730</X>
          <Y>370</Y>
          <Delay>30</Delay>
        </MouseMovementEvent></MouseMovement></MacroEvent><MacroEvent><Type>3</Type><Delay>1</Delay><MouseMovement>
        <MouseMovementEvent>
          <Type>3</Type>
          <X>732</X>
          <Y>371</Y>
          <Delay>30</Delay>
        </MouseMovementEvent></MouseMovement></MacroEvent><MacroEvent><Type>3</Type><Delay>1</Delay><MouseMovement>
        <MouseMovementEvent>
          <Type>3</Type>
          <X>733</X>
          <Y>372</Y>
          <Delay>31</Delay>
        </MouseMovementEvent></MouseMovement></MacroEvent><MacroEvent><Type>2</Type><Delay>0</Delay><MouseEvent><MouseButton>1</MouseButton><State>1</State></MouseEvent></MacroEvent><MacroEvent><Type>2</Type><Delay>0</Delay><MouseEvent><MouseButton>1</MouseButton><State>0</State></MouseEvent></MacroEvent><MacroEvent><Type>3</Type><Delay>1</Delay><MouseMovement>
        <MouseMovementEvent>
          <Type>3</Type>
          <X>734</X>
          <Y>372</Y>
          <Delay>30</Delay>
        </MouseMovementEvent></MouseMovement></MacroEvent><MacroEvent><Type>3</Type><Delay>1</Delay><MouseMovement>
        <MouseMovementEvent>
          <Type>3</Type>
          <X>735</X>
          <Y>372</Y>
          <Delay>31</Delay>
        </MouseMovementEvent></MouseMovement></MacroEvent><MacroEvent><Type>3</Type><Delay>1</Delay><MouseMovement>
        <MouseMovementEvent>
          <Type>3</Type>
          <X>737</X>
          <Y>373</Y>
          <Delay>30</Delay>
        </MouseMovementEvent></MouseMovement></MacroEvent><MacroEvent><Type>2</Type><Delay>0</Delay><MouseEvent><MouseButton>1</MouseButton><State>1</State></MouseEvent></MacroEvent><MacroEvent><Type>2</Type><Delay>0</Delay><MouseEvent><MouseButton>1</MouseButton><State>0</State></MouseEvent></MacroEvent><MacroEvent><Type>3</Type><Delay>1</Delay><MouseMovement>
        <MouseMovementEvent>
          <Type>3</Type>
          <X>739</X>
          <Y>374</Y>
          <Delay>29</Delay>
        </MouseMovementEvent></MouseMovement></MacroEvent><MacroEvent><Type>3</Type><Delay>1</Delay><MouseMovement>
        <MouseMovementEvent>
          <Type>3</Type>
          <X>740</X>
          <Y>374</Y>
          <Delay>32</Delay>
        </MouseMovementEvent></MouseMovement></MacroEvent><MacroEvent><Type>3</Type><Delay>1</Delay><MouseMovement>
        <MouseMovementEvent>
          <Type>3</Type>
          <X>742</X>
          <Y>374</Y>
          <Delay>30</Delay>
        </MouseMovementEvent></MouseMovement></MacroEvent><MacroEvent><Type>2</Type><Delay>0</Delay><MouseEvent><MouseButton>1</MouseButton><State>1</State></MouseEvent></MacroEvent><MacroEvent><Type>2</Type><Delay>0</Delay><MouseEvent><MouseButton>1</MouseButton><State>0</State></MouseEvent></MacroEvent><MacroEvent><Type>3</Type><Delay>1</Delay><MouseMovement>
        <MouseMovementEvent>
          <Type>3</Type>
          <X>743</X>
          <Y>374</Y>
          <Delay>31</Delay>
        </MouseMovementEvent></MouseMovement></MacroEvent><MacroEvent><Type>3</Type><Delay>1</Delay><MouseMovement>
        <MouseMovementEvent>
          <Type>3</Type>
          <X>744</X>
          <Y>374</Y>
          <Delay>30</Delay>
        </MouseMovementEvent></MouseMovement></MacroEvent><MacroEvent><Type>3</Type><Delay>1</Delay><MouseMovement>
        <MouseMovementEvent>
          <Type>3</Type>
          <X>745</X>
          <Y>374</Y>
          <Delay>30</Delay>
        </MouseMovementEvent></MouseMovement></MacroEvent><MacroEvent><Type>2</Type><Delay>0</Delay><MouseEvent><MouseButton>1</MouseButton><State>1</State></MouseEvent></MacroEvent><MacroEvent><Type>2</Type><Delay>0</Delay><MouseEvent><MouseButton>1</MouseButton><State>0</State></MouseEvent></MacroEvent><MacroEvent><Type>3</Type><Delay>1</Delay><MouseMovement>
        <MouseMovementEvent>
          <Type>3</Type>
          <X>747</X>
          <Y>374</Y>
          <Delay>31</Delay>
        </MouseMovementEvent></MouseMovement></MacroEvent><MacroEvent><Type>3</Type><Delay>1</Delay><MouseMovement>
        <MouseMovementEvent>
          <Type>3</Type>
          <X>748</X>
          <Y>374</Y>
          <Delay>31</Delay>
        </MouseMovementEvent></MouseMovement></MacroEvent><MacroEvent><Type>3</Type><Delay>1</Delay><MouseMovement>
        <MouseMovementEvent>
          <Type>3</Type>
          <X>749</X>
          <Y>375</Y>
          <Delay>30</Delay>
        </MouseMovementEvent></MouseMovement></MacroEvent><MacroEvent><Type>2</Type><Delay>0</Delay><MouseEvent><MouseButton>1</MouseButton><State>1</State></MouseEvent></MacroEvent><MacroEvent><Type>2</Type><Delay>0</Delay><MouseEvent><MouseButton>1</MouseButton><State>0</State></MouseEvent></MacroEvent><MacroEvent><Type>3</Type><Delay>1</Delay><MouseMovement>
        <MouseMovementEvent>
          <Type>3</Type>
          <X>749</X>
          <Y>376</Y>
          <Delay>30</Delay>
        </MouseMovementEvent></MouseMovement></MacroEvent><MacroEvent><Type>3</Type><Delay>1</Delay><MouseMovement>
        <MouseMovementEvent>
          <Type>3</Type>
          <X>749</X>
          <Y>377</Y>
          <Delay>30</Delay>
        </MouseMovementEvent></MouseMovement></MacroEvent><MacroEvent><Type>3</Type><Delay>1</Delay><MouseMovement>
        <MouseMovementEvent>
          <Type>3</Type>
          <X>748</X>
          <Y>378</Y>
          <Delay>31</Delay>
        </MouseMovementEvent></MouseMovement></MacroEvent><MacroEvent><Type>2</Type><Delay>0</Delay><MouseEvent><MouseButton>1</MouseButton><State>1</State></MouseEvent></MacroEvent><MacroEvent><Type>2</Type><Delay>0</Delay><MouseEvent><MouseButton>1</MouseButton><State>0</State></MouseEvent></MacroEvent><MacroEvent><Type>3</Type><Delay>1</Delay><MouseMovement>
        <MouseMovementEvent>
          <Type>3</Type>
          <X>747</X>
          <Y>379</Y>
          <Delay>30</Delay>
        </MouseMovementEvent></MouseMovement></MacroEvent><MacroEvent><Type>3</Type><Delay>1</Delay><MouseMovement>
        <MouseMovementEvent>
          <Type>3</Type>
          <X>747</X>
          <Y>380</Y>
          <Delay>30</Delay>
        </MouseMovementEvent></MouseMovement></MacroEvent><MacroEvent><Type>3</Type><Delay>1</Delay><MouseMovement>
        <MouseMovementEvent>
          <Type>3</Type>
          <X>746</X>
          <Y>380</Y>
          <Delay>61</Delay>
        </MouseMovementEvent></MouseMovement></MacroEvent><MacroEvent><Type>2</Type><Delay>0</Delay><MouseEvent><MouseButton>1</MouseButton><State>1</State></MouseEvent></MacroEvent><MacroEvent><Type>2</Type><Delay>0</Delay><MouseEvent><MouseButton>1</MouseButton><State>0</State></MouseEvent></MacroEvent><MacroEvent><Type>3</Type><Delay>1</Delay><MouseMovement>
        <MouseMovementEvent>
          <Type>3</Type>
          <X>745</X>
          <Y>381</Y>
          <Delay>30</Delay>
        </MouseMovementEvent></MouseMovement></MacroEvent><MacroEvent><Type>3</Type><Delay>1</Delay><MouseMovement>
        <MouseMovementEvent>
          <Type>3</Type>
          <X>745</X>
          <Y>382</Y>
          <Delay>31</Delay>
        </MouseMovementEvent></MouseMovement></MacroEvent><MacroEvent><Type>3</Type><Delay>1</Delay><MouseMovement>
        <MouseMovementEvent>
          <Type>3</Type>
          <X>744</X>
          <Y>382</Y>
          <Delay>30</Delay>
        </MouseMovementEvent></MouseMovement></MacroEvent><MacroEvent><Type>2</Type><Delay>0</Delay><MouseEvent><MouseButton>1</MouseButton><State>1</State></MouseEvent></MacroEvent><MacroEvent><Type>2</Type><Delay>0</Delay><MouseEvent><MouseButton>1</MouseButton><State>0</State></MouseEvent></MacroEvent><MacroEvent><Type>3</Type><Delay>1</Delay><MouseMovement>
        <MouseMovementEvent>
          <Type>3</Type>
          <X>744</X>
          <Y>383</Y>
          <Delay>60</Delay>
        </MouseMovementEvent></MouseMovement></MacroEvent><MacroEvent><Type>3</Type><Delay>1</Delay><MouseMovement>
        <MouseMovementEvent>
          <Type>3</Type>
          <X>744</X>
          <Y>384</Y>
          <Delay>31</Delay>
        </MouseMovementEvent></MouseMovement></MacroEvent><MacroEvent><Type>3</Type><Delay>1</Delay><MouseMovement>
        <MouseMovementEvent>
          <Type>3</Type>
          <X>743</X>
          <Y>385</Y>
          <Delay>31</Delay>
        </MouseMovementEvent></MouseMovement></MacroEvent><MacroEvent><Type>2</Type><Delay>0</Delay><MouseEvent><MouseButton>1</MouseButton><State>1</State></MouseEvent></MacroEvent><MacroEvent><Type>2</Type><Delay>0</Delay><MouseEvent><MouseButton>1</MouseButton><State>0</State></MouseEvent></MacroEvent><MacroEvent><Type>3</Type><Delay>1</Delay><MouseMovement>
        <MouseMovementEvent>
          <Type>3</Type>
          <X>743</X>
          <Y>386</Y>
          <Delay>30</Delay>
        </MouseMovementEvent></MouseMovement></MacroEvent><MacroEvent><Type>3</Type><Delay>1</Delay><MouseMovement>
        <MouseMovementEvent>
          <Type>3</Type>
          <X>742</X>
          <Y>387</Y>
          <Delay>31</Delay>
        </MouseMovementEvent></MouseMovement></MacroEvent><MacroEvent><Type>3</Type><Delay>1</Delay><MouseMovement>
        <MouseMovementEvent>
          <Type>3</Type>
          <X>742</X>
          <Y>388</Y>
          <Delay>30</Delay>
        </MouseMovementEvent></MouseMovement></MacroEvent><MacroEvent><Type>2</Type><Delay>0</Delay><MouseEvent><MouseButton>1</MouseButton><State>1</State></MouseEvent></MacroEvent><MacroEvent><Type>2</Type><Delay>0</Delay><MouseEvent><MouseButton>1</MouseButton><State>0</State></MouseEvent></MacroEvent><MacroEvent><Type>3</Type><Delay>1</Delay><MouseMovement>
        <MouseMovementEvent>
          <Type>3</Type>
          <X>742</X>
          <Y>389</Y>
          <Delay>31</Delay>
        </MouseMovementEvent></MouseMovement></MacroEvent><MacroEvent><Type>3</Type><Delay>1</Delay><MouseMovement>
        <MouseMovementEvent>
          <Type>3</Type>
          <X>742</X>
          <Y>390</Y>
          <Delay>31</Delay>
        </MouseMovementEvent></MouseMovement></MacroEvent><MacroEvent><Type>3</Type><Delay>1</Delay><MouseMovement>
        <MouseMovementEvent>
          <Type>3</Type>
          <X>741</X>
          <Y>391</Y>
          <Delay>30</Delay>
        </MouseMovementEvent></MouseMovement></MacroEvent><MacroEvent><Type>2</Type><Delay>0</Delay><MouseEvent><MouseButton>1</MouseButton><State>1</State></MouseEvent></MacroEvent><MacroEvent><Type>2</Type><Delay>0</Delay><MouseEvent><MouseButton>1</MouseButton><State>0</State></MouseEvent></MacroEvent><MacroEvent><Type>3</Type><Delay>1</Delay><MouseMovement>
        <MouseMovementEvent>
          <Type>3</Type>
          <X>741</X>
          <Y>392</Y>
          <Delay>32</Delay>
        </MouseMovementEvent></MouseMovement></MacroEvent><MacroEvent><Type>3</Type><Delay>1</Delay><MouseMovement>
        <MouseMovementEvent>
          <Type>3</Type>
          <X>741</X>
          <Y>393</Y>
          <Delay>31</Delay>
        </MouseMovementEvent></MouseMovement></MacroEvent><MacroEvent><Type>3</Type><Delay>1</Delay><MouseMovement>
        <MouseMovementEvent>
          <Type>3</Type>
          <X>742</X>
          <Y>393</Y>
          <Delay>92</Delay>
        </MouseMovementEvent></MouseMovement></MacroEvent><MacroEvent><Type>2</Type><Delay>0</Delay><MouseEvent><MouseButton>1</MouseButton><State>1</State></MouseEvent></MacroEvent><MacroEvent><Type>2</Type><Delay>0</Delay><MouseEvent><MouseButton>1</MouseButton><State>0</State></MouseEvent></MacroEvent><MacroEvent><Type>3</Type><Delay>1</Delay><MouseMovement>
        <MouseMovementEvent>
          <Type>3</Type>
          <X>743</X>
          <Y>393</Y>
          <Delay>32</Delay>
        </MouseMovementEvent></MouseMovement></MacroEvent><MacroEvent><Type>3</Type><Delay>1</Delay><MouseMovement>
        <MouseMovementEvent>
          <Type>3</Type>
          <X>743</X>
          <Y>394</Y>
          <Delay>29</Delay>
        </MouseMovementEvent></MouseMovement></MacroEvent><MacroEvent><Type>3</Type><Delay>1</Delay><MouseMovement>
        <MouseMovementEvent>
          <Type>3</Type>
          <X>743</X>
          <Y>395</Y>
          <Delay>62</Delay>
        </MouseMovementEvent></MouseMovement></MacroEvent><MacroEvent><Type>2</Type><Delay>0</Delay><MouseEvent><MouseButton>1</MouseButton><State>1</State></MouseEvent></MacroEvent><MacroEvent><Type>2</Type><Delay>0</Delay><MouseEvent><MouseButton>1</MouseButton><State>0</State></MouseEvent></MacroEvent><MacroEvent><Type>3</Type><Delay>1</Delay><MouseMovement>
        <MouseMovementEvent>
          <Type>3</Type>
          <X>742</X>
          <Y>396</Y>
          <Delay>30</Delay>
        </MouseMovementEvent></MouseMovement></MacroEvent><MacroEvent><Type>3</Type><Delay>1</Delay><MouseMovement>
        <MouseMovementEvent>
          <Type>3</Type>
          <X>741</X>
          <Y>397</Y>
          <Delay>31</Delay>
        </MouseMovementEvent></MouseMovement></MacroEvent><MacroEvent><Type>3</Type><Delay>1</Delay><MouseMovement>
        <MouseMovementEvent>
          <Type>3</Type>
          <X>740</X>
          <Y>398</Y>
          <Delay>216</Delay>
        </MouseMovementEvent></MouseMovement></MacroEvent><MacroEvent><Type>2</Type><Delay>0</Delay><MouseEvent><MouseButton>1</MouseButton><State>1</State></MouseEvent></MacroEvent><MacroEvent><Type>2</Type><Delay>0</Delay><MouseEvent><MouseButton>1</MouseButton><State>0</State></MouseEvent></MacroEvent><MacroEvent><Type>3</Type><Delay>1</Delay><MouseMovement>
        <MouseMovementEvent>
          <Type>3</Type>
          <X>739</X>
          <Y>398</Y>
          <Delay>30</Delay>
        </MouseMovementEvent></MouseMovement></MacroEvent><MacroEvent><Type>3</Type><Delay>1</Delay><MouseMovement>
        <MouseMovementEvent>
          <Type>3</Type>
          <X>739</X>
          <Y>399</Y>
          <Delay>31</Delay>
        </MouseMovementEvent></MouseMovement></MacroEvent><MacroEvent><Type>3</Type><Delay>1</Delay><MouseMovement>
        <MouseMovementEvent>
          <Type>3</Type>
          <X>739</X>
          <Y>400</Y>
          <Delay>30</Delay>
        </MouseMovementEvent></MouseMovement></MacroEvent><MacroEvent><Type>2</Type><Delay>0</Delay><MouseEvent><MouseButton>1</MouseButton><State>1</State></MouseEvent></MacroEvent><MacroEvent><Type>2</Type><Delay>0</Delay><MouseEvent><MouseButton>1</MouseButton><State>0</State></MouseEvent></MacroEvent><MacroEvent><Type>3</Type><Delay>1</Delay><MouseMovement>
        <MouseMovementEvent>
          <Type>3</Type>
          <X>739</X>
          <Y>401</Y>
          <Delay>32</Delay>
        </MouseMovementEvent></MouseMovement></MacroEvent><MacroEvent><Type>3</Type><Delay>1</Delay><MouseMovement>
        <MouseMovementEvent>
          <Type>3</Type>
          <X>738</X>
          <Y>402</Y>
          <Delay>31</Delay>
        </MouseMovementEvent></MouseMovement></MacroEvent><MacroEvent><Type>3</Type><Delay>1</Delay><MouseMovement>
        <MouseMovementEvent>
          <Type>3</Type>
          <X>737</X>
          <Y>403</Y>
          <Delay>30</Delay>
        </MouseMovementEvent></MouseMovement></MacroEvent><MacroEvent><Type>2</Type><Delay>0</Delay><MouseEvent><MouseButton>1</MouseButton><State>1</State></MouseEvent></MacroEvent><MacroEvent><Type>2</Type><Delay>0</Delay><MouseEvent><MouseButton>1</MouseButton><State>0</State></MouseEvent></MacroEvent><MacroEvent><Type>3</Type><Delay>1</Delay><MouseMovement>
        <MouseMovementEvent>
          <Type>3</Type>
          <X>736</X>
          <Y>404</Y>
          <Delay>32</Delay>
        </MouseMovementEvent></MouseMovement></MacroEvent><MacroEvent><Type>3</Type><Delay>1</Delay><MouseMovement>
        <MouseMovementEvent>
          <Type>3</Type>
          <X>734</X>
          <Y>405</Y>
          <Delay>30</Delay>
        </MouseMovementEvent></MouseMovement></MacroEvent><MacroEvent><Type>3</Type><Delay>1</Delay><MouseMovement>
        <MouseMovementEvent>
          <Type>3</Type>
          <X>732</X>
          <Y>406</Y>
          <Delay>31</Delay>
        </MouseMovementEvent></MouseMovement></MacroEvent><MacroEvent><Type>2</Type><Delay>0</Delay><MouseEvent><MouseButton>1</MouseButton><State>1</State></MouseEvent></MacroEvent><MacroEvent><Type>2</Type><Delay>0</Delay><MouseEvent><MouseButton>1</MouseButton><State>0</State></MouseEvent></MacroEvent><MacroEvent><Type>3</Type><Delay>1</Delay><MouseMovement>
        <MouseMovementEvent>
          <Type>3</Type>
          <X>731</X>
          <Y>407</Y>
          <Delay>30</Delay>
        </MouseMovementEvent></MouseMovement></MacroEvent><MacroEvent><Type>3</Type><Delay>1</Delay><MouseMovement>
        <MouseMovementEvent>
          <Type>3</Type>
          <X>731</X>
          <Y>408</Y>
          <Delay>29</Delay>
        </MouseMovementEvent></MouseMovement></MacroEvent><MacroEvent><Type>3</Type><Delay>1</Delay><MouseMovement>
        <MouseMovementEvent>
          <Type>3</Type>
          <X>729</X>
          <Y>409</Y>
          <Delay>31</Delay>
        </MouseMovementEvent></MouseMovement></MacroEvent><MacroEvent><Type>2</Type><Delay>0</Delay><MouseEvent><MouseButton>1</MouseButton><State>1</State></MouseEvent></MacroEvent><MacroEvent><Type>2</Type><Delay>0</Delay><MouseEvent><MouseButton>1</MouseButton><State>0</State></MouseEvent></MacroEvent><MacroEvent><Type>3</Type><Delay>1</Delay><MouseMovement>
        <MouseMovementEvent>
          <Type>3</Type>
          <X>727</X>
          <Y>410</Y>
          <Delay>30</Delay>
        </MouseMovementEvent></MouseMovement></MacroEvent><MacroEvent><Type>3</Type><Delay>1</Delay><MouseMovement>
        <MouseMovementEvent>
          <Type>3</Type>
          <X>726</X>
          <Y>411</Y>
          <Delay>29</Delay>
        </MouseMovementEvent></MouseMovement></MacroEvent><MacroEvent><Type>3</Type><Delay>1</Delay><MouseMovement>
        <MouseMovementEvent>
          <Type>3</Type>
          <X>726</X>
          <Y>412</Y>
          <Delay>30</Delay>
        </MouseMovementEvent></MouseMovement></MacroEvent><MacroEvent><Type>2</Type><Delay>0</Delay><MouseEvent><MouseButton>1</MouseButton><State>1</State></MouseEvent></MacroEvent><MacroEvent><Type>2</Type><Delay>0</Delay><MouseEvent><MouseButton>1</MouseButton><State>0</State></MouseEvent></MacroEvent><MacroEvent><Type>3</Type><Delay>1</Delay><MouseMovement>
        <MouseMovementEvent>
          <Type>3</Type>
          <X>724</X>
          <Y>413</Y>
          <Delay>31</Delay>
        </MouseMovementEvent></MouseMovement></MacroEvent><MacroEvent><Type>3</Type><Delay>1</Delay><MouseMovement>
        <MouseMovementEvent>
          <Type>3</Type>
          <X>722</X>
          <Y>413</Y>
          <Delay>31</Delay>
        </MouseMovementEvent></MouseMovement></MacroEvent><MacroEvent><Type>3</Type><Delay>1</Delay><MouseMovement>
        <MouseMovementEvent>
          <Type>3</Type>
          <X>722</X>
          <Y>414</Y>
          <Delay>30</Delay>
        </MouseMovementEvent></MouseMovement></MacroEvent><MacroEvent><Type>2</Type><Delay>0</Delay><MouseEvent><MouseButton>1</MouseButton><State>1</State></MouseEvent></MacroEvent><MacroEvent><Type>2</Type><Delay>0</Delay><MouseEvent><MouseButton>1</MouseButton><State>0</State></MouseEvent></MacroEvent><MacroEvent><Type>3</Type><Delay>1</Delay><MouseMovement>
        <MouseMovementEvent>
          <Type>3</Type>
          <X>722</X>
          <Y>415</Y>
          <Delay>31</Delay>
        </MouseMovementEvent></MouseMovement></MacroEvent><MacroEvent><Type>3</Type><Delay>1</Delay><MouseMovement>
        <MouseMovementEvent>
          <Type>3</Type>
          <X>721</X>
          <Y>416</Y>
          <Delay>30</Delay>
        </MouseMovementEvent></MouseMovement></MacroEvent><MacroEvent><Type>3</Type><Delay>1</Delay><MouseMovement>
        <MouseMovementEvent>
          <Type>3</Type>
          <X>721</X>
          <Y>417</Y>
          <Delay>31</Delay>
        </MouseMovementEvent></MouseMovement></MacroEvent><MacroEvent><Type>2</Type><Delay>0</Delay><MouseEvent><MouseButton>1</MouseButton><State>1</State></MouseEvent></MacroEvent><MacroEvent><Type>2</Type><Delay>0</Delay><MouseEvent><MouseButton>1</MouseButton><State>0</State></MouseEvent></MacroEvent><MacroEvent><Type>3</Type><Delay>1</Delay><MouseMovement>
        <MouseMovementEvent>
          <Type>3</Type>
          <X>720</X>
          <Y>418</Y>
          <Delay>31</Delay>
        </MouseMovementEvent></MouseMovement></MacroEvent><MacroEvent><Type>3</Type><Delay>1</Delay><MouseMovement>
        <MouseMovementEvent>
          <Type>3</Type>
          <X>719</X>
          <Y>419</Y>
          <Delay>29</Delay>
        </MouseMovementEvent></MouseMovement></MacroEvent><MacroEvent><Type>3</Type><Delay>1</Delay><MouseMovement>
        <MouseMovementEvent>
          <Type>3</Type>
          <X>718</X>
          <Y>420</Y>
          <Delay>31</Delay>
        </MouseMovementEvent></MouseMovement></MacroEvent><MacroEvent><Type>2</Type><Delay>0</Delay><MouseEvent><MouseButton>1</MouseButton><State>1</State></MouseEvent></MacroEvent><MacroEvent><Type>2</Type><Delay>0</Delay><MouseEvent><MouseButton>1</MouseButton><State>0</State></MouseEvent></MacroEvent><MacroEvent><Type>3</Type><Delay>1</Delay><MouseMovement>
        <MouseMovementEvent>
          <Type>3</Type>
          <X>717</X>
          <Y>421</Y>
          <Delay>31</Delay>
        </MouseMovementEvent></MouseMovement></MacroEvent><MacroEvent><Type>3</Type><Delay>1</Delay><MouseMovement>
        <MouseMovementEvent>
          <Type>3</Type>
          <X>716</X>
          <Y>422</Y>
          <Delay>30</Delay>
        </MouseMovementEvent></MouseMovement></MacroEvent><MacroEvent><Type>3</Type><Delay>1</Delay><MouseMovement>
        <MouseMovementEvent>
          <Type>3</Type>
          <X>716</X>
          <Y>423</Y>
          <Delay>31</Delay>
        </MouseMovementEvent></MouseMovement></MacroEvent><MacroEvent><Type>2</Type><Delay>0</Delay><MouseEvent><MouseButton>1</MouseButton><State>1</State></MouseEvent></MacroEvent><MacroEvent><Type>2</Type><Delay>0</Delay><MouseEvent><MouseButton>1</MouseButton><State>0</State></MouseEvent></MacroEvent><MacroEvent><Type>3</Type><Delay>1</Delay><MouseMovement>
        <MouseMovementEvent>
          <Type>3</Type>
          <X>715</X>
          <Y>424</Y>
          <Delay>31</Delay>
        </MouseMovementEvent></MouseMovement></MacroEvent><MacroEvent><Type>3</Type><Delay>1</Delay><MouseMovement>
        <MouseMovementEvent>
          <Type>3</Type>
          <X>714</X>
          <Y>425</Y>
          <Delay>30</Delay>
        </MouseMovementEvent></MouseMovement></MacroEvent><MacroEvent><Type>3</Type><Delay>1</Delay><MouseMovement>
        <MouseMovementEvent>
          <Type>3</Type>
          <X>713</X>
          <Y>426</Y>
          <Delay>30</Delay>
        </MouseMovementEvent></MouseMovement></MacroEvent><MacroEvent><Type>2</Type><Delay>0</Delay><MouseEvent><MouseButton>1</MouseButton><State>1</State></MouseEvent></MacroEvent><MacroEvent><Type>2</Type><Delay>0</Delay><MouseEvent><MouseButton>1</MouseButton><State>0</State></MouseEvent></MacroEvent><MacroEvent><Type>3</Type><Delay>1</Delay><MouseMovement>
        <MouseMovementEvent>
          <Type>3</Type>
          <X>713</X>
          <Y>427</Y>
          <Delay>30</Delay>
        </MouseMovementEvent></MouseMovement></MacroEvent><MacroEvent><Type>3</Type><Delay>1</Delay><MouseMovement>
        <MouseMovementEvent>
          <Type>3</Type>
          <X>713</X>
          <Y>428</Y>
          <Delay>30</Delay>
        </MouseMovementEvent></MouseMovement></MacroEvent><MacroEvent><Type>3</Type><Delay>1</Delay><MouseMovement>
        <MouseMovementEvent>
          <Type>3</Type>
          <X>713</X>
          <Y>429</Y>
          <Delay>61</Delay>
        </MouseMovementEvent></MouseMovement></MacroEvent><MacroEvent><Type>2</Type><Delay>0</Delay><MouseEvent><MouseButton>1</MouseButton><State>1</State></MouseEvent></MacroEvent><MacroEvent><Type>2</Type><Delay>0</Delay><MouseEvent><MouseButton>1</MouseButton><State>0</State></MouseEvent></MacroEvent><MacroEvent><Type>3</Type><Delay>1</Delay><MouseMovement>
        <MouseMovementEvent>
          <Type>3</Type>
          <X>713</X>
          <Y>430</Y>
          <Delay>30</Delay>
        </MouseMovementEvent></MouseMovement></MacroEvent><MacroEvent><Type>3</Type><Delay>1</Delay><MouseMovement>
        <MouseMovementEvent>
          <Type>3</Type>
          <X>713</X>
          <Y>431</Y>
          <Delay>61</Delay>
        </MouseMovementEvent></MouseMovement></MacroEvent><MacroEvent><Type>3</Type><Delay>1</Delay><MouseMovement>
        <MouseMovementEvent>
          <Type>3</Type>
          <X>713</X>
          <Y>432</Y>
          <Delay>29</Delay>
        </MouseMovementEvent></MouseMovement></MacroEvent><MacroEvent><Type>2</Type><Delay>0</Delay><MouseEvent><MouseButton>1</MouseButton><State>1</State></MouseEvent></MacroEvent><MacroEvent><Type>2</Type><Delay>0</Delay><MouseEvent><MouseButton>1</MouseButton><State>0</State></MouseEvent></MacroEvent><MacroEvent><Type>3</Type><Delay>1</Delay><MouseMovement>
        <MouseMovementEvent>
          <Type>3</Type>
          <X>713</X>
          <Y>433</Y>
          <Delay>31</Delay>
        </MouseMovementEvent></MouseMovement></MacroEvent><MacroEvent><Type>3</Type><Delay>1</Delay><MouseMovement>
        <MouseMovementEvent>
          <Type>3</Type>
          <X>713</X>
          <Y>434</Y>
          <Delay>92</Delay>
        </MouseMovementEvent></MouseMovement></MacroEvent><MacroEvent><Type>3</Type><Delay>1</Delay><MouseMovement>
        <MouseMovementEvent>
          <Type>3</Type>
          <X>713</X>
          <Y>435</Y>
          <Delay>31</Delay>
        </MouseMovementEvent></MouseMovement></MacroEvent><MacroEvent><Type>2</Type><Delay>0</Delay><MouseEvent><MouseButton>1</MouseButton><State>1</State></MouseEvent></MacroEvent><MacroEvent><Type>2</Type><Delay>0</Delay><MouseEvent><MouseButton>1</MouseButton><State>0</State></MouseEvent></MacroEvent><MacroEvent><Type>3</Type><Delay>1</Delay><MouseMovement>
        <MouseMovementEvent>
          <Type>3</Type>
          <X>713</X>
          <Y>436</Y>
          <Delay>29</Delay>
        </MouseMovementEvent></MouseMovement></MacroEvent><MacroEvent><Type>3</Type><Delay>1</Delay><MouseMovement>
        <MouseMovementEvent>
          <Type>3</Type>
          <X>713</X>
          <Y>437</Y>
          <Delay>32</Delay>
        </MouseMovementEvent></MouseMovement></MacroEvent><MacroEvent><Type>3</Type><Delay>1</Delay><MouseMovement>
        <MouseMovementEvent>
          <Type>3</Type>
          <X>713</X>
          <Y>438</Y>
          <Delay>30</Delay>
        </MouseMovementEvent></MouseMovement></MacroEvent><MacroEvent><Type>2</Type><Delay>0</Delay><MouseEvent><MouseButton>1</MouseButton><State>1</State></MouseEvent></MacroEvent><MacroEvent><Type>2</Type><Delay>0</Delay><MouseEvent><MouseButton>1</MouseButton><State>0</State></MouseEvent></MacroEvent><MacroEvent><Type>3</Type><Delay>1</Delay><MouseMovement>
        <MouseMovementEvent>
          <Type>3</Type>
          <X>713</X>
          <Y>439</Y>
          <Delay>60</Delay>
        </MouseMovementEvent></MouseMovement></MacroEvent><MacroEvent><Type>3</Type><Delay>1</Delay><MouseMovement>
        <MouseMovementEvent>
          <Type>3</Type>
          <X>713</X>
          <Y>440</Y>
          <Delay>31</Delay>
        </MouseMovementEvent></MouseMovement></MacroEvent><MacroEvent><Type>3</Type><Delay>1</Delay><MouseMovement>
        <MouseMovementEvent>
          <Type>3</Type>
          <X>713</X>
          <Y>441</Y>
          <Delay>30</Delay>
        </MouseMovementEvent></MouseMovement></MacroEvent><MacroEvent><Type>2</Type><Delay>0</Delay><MouseEvent><MouseButton>1</MouseButton><State>1</State></MouseEvent></MacroEvent><MacroEvent><Type>2</Type><Delay>0</Delay><MouseEvent><MouseButton>1</MouseButton><State>0</State></MouseEvent></MacroEvent><MacroEvent><Type>3</Type><Delay>1</Delay><MouseMovement>
        <MouseMovementEvent>
          <Type>3</Type>
          <X>713</X>
          <Y>442</Y>
          <Delay>124</Delay>
        </MouseMovementEvent></MouseMovement></MacroEvent><MacroEvent><Type>3</Type><Delay>1</Delay><MouseMovement>
        <MouseMovementEvent>
          <Type>3</Type>
          <X>713</X>
          <Y>443</Y>
          <Delay>32</Delay>
        </MouseMovementEvent></MouseMovement></MacroEvent><MacroEvent><Type>3</Type><Delay>1</Delay><MouseMovement>
        <MouseMovementEvent>
          <Type>3</Type>
          <X>713</X>
          <Y>444</Y>
          <Delay>29</Delay>
        </MouseMovementEvent></MouseMovement></MacroEvent><MacroEvent><Type>2</Type><Delay>0</Delay><MouseEvent><MouseButton>1</MouseButton><State>1</State></MouseEvent></MacroEvent><MacroEvent><Type>2</Type><Delay>0</Delay><MouseEvent><MouseButton>1</MouseButton><State>0</State></MouseEvent></MacroEvent><MacroEvent><Type>3</Type><Delay>1</Delay><MouseMovement>
        <MouseMovementEvent>
          <Type>3</Type>
          <X>713</X>
          <Y>445</Y>
          <Delay>60</Delay>
        </MouseMovementEvent></MouseMovement></MacroEvent><MacroEvent><Type>3</Type><Delay>1</Delay><MouseMovement>
        <MouseMovementEvent>
          <Type>3</Type>
          <X>713</X>
          <Y>446</Y>
          <Delay>31</Delay>
        </MouseMovementEvent></MouseMovement></MacroEvent><MacroEvent><Type>3</Type><Delay>1</Delay><MouseMovement>
        <MouseMovementEvent>
          <Type>3</Type>
          <X>713</X>
          <Y>447</Y>
          <Delay>93</Delay>
        </MouseMovementEvent></MouseMovement></MacroEvent><MacroEvent><Type>2</Type><Delay>0</Delay><MouseEvent><MouseButton>1</MouseButton><State>1</State></MouseEvent></MacroEvent><MacroEvent><Type>2</Type><Delay>0</Delay><MouseEvent><MouseButton>1</MouseButton><State>0</State></MouseEvent></MacroEvent><MacroEvent><Type>3</Type><Delay>1</Delay><MouseMovement>
        <MouseMovementEvent>
          <Type>3</Type>
          <X>713</X>
          <Y>448</Y>
          <Delay>30</Delay>
        </MouseMovementEvent></MouseMovement></MacroEvent><MacroEvent><Type>3</Type><Delay>1</Delay><MouseMovement>
        <MouseMovementEvent>
          <Type>3</Type>
          <X>713</X>
          <Y>449</Y>
          <Delay>91</Delay>
        </MouseMovementEvent></MouseMovement></MacroEvent><MacroEvent><Type>3</Type><Delay>1</Delay><MouseMovement>
        <MouseMovementEvent>
          <Type>3</Type>
          <X>713</X>
          <Y>450</Y>
          <Delay>31</Delay>
        </MouseMovementEvent></MouseMovement></MacroEvent><MacroEvent><Type>2</Type><Delay>0</Delay><MouseEvent><MouseButton>1</MouseButton><State>1</State></MouseEvent></MacroEvent><MacroEvent><Type>2</Type><Delay>0</Delay><MouseEvent><MouseButton>1</MouseButton><State>0</State></MouseEvent></MacroEvent><MacroEvent><Type>3</Type><Delay>1</Delay><MouseMovement>
        <MouseMovementEvent>
          <Type>3</Type>
          <X>713</X>
          <Y>451</Y>
          <Delay>31</Delay>
        </MouseMovementEvent></MouseMovement></MacroEvent><MacroEvent><Type>3</Type><Delay>1</Delay><MouseMovement>
        <MouseMovementEvent>
          <Type>3</Type>
          <X>713</X>
          <Y>452</Y>
          <Delay>31</Delay>
        </MouseMovementEvent></MouseMovement></MacroEvent><MacroEvent><Type>3</Type><Delay>1</Delay><MouseMovement>
        <MouseMovementEvent>
          <Type>3</Type>
          <X>713</X>
          <Y>453</Y>
          <Delay>30</Delay>
        </MouseMovementEvent></MouseMovement></MacroEvent><MacroEvent><Type>2</Type><Delay>0</Delay><MouseEvent><MouseButton>1</MouseButton><State>1</State></MouseEvent></MacroEvent><MacroEvent><Type>2</Type><Delay>0</Delay><MouseEvent><MouseButton>1</MouseButton><State>0</State></MouseEvent></MacroEvent><MacroEvent><Type>3</Type><Delay>1</Delay><MouseMovement>
        <MouseMovementEvent>
          <Type>3</Type>
          <X>713</X>
          <Y>454</Y>
          <Delay>30</Delay>
        </MouseMovementEvent></MouseMovement></MacroEvent><MacroEvent><Type>3</Type><Delay>1</Delay><MouseMovement>
        <MouseMovementEvent>
          <Type>3</Type>
          <X>713</X>
          <Y>455</Y>
          <Delay>31</Delay>
        </MouseMovementEvent></MouseMovement></MacroEvent><MacroEvent><Type>3</Type><Delay>1</Delay><MouseMovement>
        <MouseMovementEvent>
          <Type>3</Type>
          <X>713</X>
          <Y>456</Y>
          <Delay>30</Delay>
        </MouseMovementEvent></MouseMovement></MacroEvent><MacroEvent><Type>2</Type><Delay>0</Delay><MouseEvent><MouseButton>1</MouseButton><State>1</State></MouseEvent></MacroEvent><MacroEvent><Type>2</Type><Delay>0</Delay><MouseEvent><MouseButton>1</MouseButton><State>0</State></MouseEvent></MacroEvent><MacroEvent><Type>3</Type><Delay>1</Delay><MouseMovement>
        <MouseMovementEvent>
          <Type>3</Type>
          <X>713</X>
          <Y>457</Y>
          <Delay>31</Delay>
        </MouseMovementEvent></MouseMovement></MacroEvent><MacroEvent><Type>3</Type><Delay>1</Delay><MouseMovement>
        <MouseMovementEvent>
          <Type>3</Type>
          <X>713</X>
          <Y>458</Y>
          <Delay>30</Delay>
        </MouseMovementEvent></MouseMovement></MacroEvent><MacroEvent><Type>3</Type><Delay>1</Delay><MouseMovement>
        <MouseMovementEvent>
          <Type>3</Type>
          <X>713</X>
          <Y>459</Y>
          <Delay>32</Delay>
        </MouseMovementEvent></MouseMovement></MacroEvent><MacroEvent><Type>2</Type><Delay>0</Delay><MouseEvent><MouseButton>1</MouseButton><State>1</State></MouseEvent></MacroEvent><MacroEvent><Type>2</Type><Delay>0</Delay><MouseEvent><MouseButton>1</MouseButton><State>0</State></MouseEvent></MacroEvent><MacroEvent><Type>3</Type><Delay>1</Delay><MouseMovement>
        <MouseMovementEvent>
          <Type>3</Type>
          <X>713</X>
          <Y>460</Y>
          <Delay>32</Delay>
        </MouseMovementEvent></MouseMovement></MacroEvent><MacroEvent><Type>3</Type><Delay>1</Delay><MouseMovement>
        <MouseMovementEvent>
          <Type>3</Type>
          <X>713</X>
          <Y>461</Y>
          <Delay>31</Delay>
        </MouseMovementEvent></MouseMovement></MacroEvent><MacroEvent><Type>3</Type><Delay>1</Delay><MouseMovement>
        <MouseMovementEvent>
          <Type>3</Type>
          <X>713</X>
          <Y>462</Y>
          <Delay>31</Delay>
        </MouseMovementEvent></MouseMovement></MacroEvent><MacroEvent><Type>2</Type><Delay>0</Delay><MouseEvent><MouseButton>1</MouseButton><State>1</State></MouseEvent></MacroEvent><MacroEvent><Type>2</Type><Delay>0</Delay><MouseEvent><MouseButton>1</MouseButton><State>0</State></MouseEvent></MacroEvent><MacroEvent><Type>3</Type><Delay>1</Delay><MouseMovement>
        <MouseMovementEvent>
          <Type>3</Type>
          <X>713</X>
          <Y>463</Y>
          <Delay>31</Delay>
        </MouseMovementEvent></MouseMovement></MacroEvent><MacroEvent><Type>3</Type><Delay>1</Delay><MouseMovement>
        <MouseMovementEvent>
          <Type>3</Type>
          <X>713</X>
          <Y>464</Y>
          <Delay>31</Delay>
        </MouseMovementEvent></MouseMovement></MacroEvent><MacroEvent><Type>3</Type><Delay>1</Delay><MouseMovement>
        <MouseMovementEvent>
          <Type>3</Type>
          <X>713</X>
          <Y>465</Y>
          <Delay>30</Delay>
        </MouseMovementEvent></MouseMovement></MacroEvent><MacroEvent><Type>2</Type><Delay>0</Delay><MouseEvent><MouseButton>1</MouseButton><State>1</State></MouseEvent></MacroEvent><MacroEvent><Type>2</Type><Delay>0</Delay><MouseEvent><MouseButton>1</MouseButton><State>0</State></MouseEvent></MacroEvent><MacroEvent><Type>3</Type><Delay>1</Delay><MouseMovement>
        <MouseMovementEvent>
          <Type>3</Type>
          <X>713</X>
          <Y>466</Y>
          <Delay>30</Delay>
        </MouseMovementEvent></MouseMovement></MacroEvent><MacroEvent><Type>3</Type><Delay>1</Delay><MouseMovement>
        <MouseMovementEvent>
          <Type>3</Type>
          <X>713</X>
          <Y>467</Y>
          <Delay>31</Delay>
        </MouseMovementEvent></MouseMovement></MacroEvent><MacroEvent><Type>3</Type><Delay>1</Delay><MouseMovement>
        <MouseMovementEvent>
          <Type>3</Type>
          <X>713</X>
          <Y>468</Y>
          <Delay>31</Delay>
        </MouseMovementEvent></MouseMovement></MacroEvent><MacroEvent><Type>2</Type><Delay>0</Delay><MouseEvent><MouseButton>1</MouseButton><State>1</State></MouseEvent></MacroEvent><MacroEvent><Type>2</Type><Delay>0</Delay><MouseEvent><MouseButton>1</MouseButton><State>0</State></MouseEvent></MacroEvent><MacroEvent><Type>3</Type><Delay>1</Delay><MouseMovement>
        <MouseMovementEvent>
          <Type>3</Type>
          <X>713</X>
          <Y>469</Y>
          <Delay>31</Delay>
        </MouseMovementEvent></MouseMovement></MacroEvent><MacroEvent><Type>3</Type><Delay>1</Delay><MouseMovement>
        <MouseMovementEvent>
          <Type>3</Type>
          <X>713</X>
          <Y>470</Y>
          <Delay>32</Delay>
        </MouseMovementEvent></MouseMovement></MacroEvent><MacroEvent><Type>3</Type><Delay>1</Delay><MouseMovement>
        <MouseMovementEvent>
          <Type>3</Type>
          <X>713</X>
          <Y>471</Y>
          <Delay>30</Delay>
        </MouseMovementEvent></MouseMovement></MacroEvent><MacroEvent><Type>2</Type><Delay>0</Delay><MouseEvent><MouseButton>1</MouseButton><State>1</State></MouseEvent></MacroEvent><MacroEvent><Type>2</Type><Delay>0</Delay><MouseEvent><MouseButton>1</MouseButton><State>0</State></MouseEvent></MacroEvent><MacroEvent><Type>3</Type><Delay>1</Delay><MouseMovement>
        <MouseMovementEvent>
          <Type>3</Type>
          <X>713</X>
          <Y>472</Y>
          <Delay>31</Delay>
        </MouseMovementEvent></MouseMovement></MacroEvent><MacroEvent><Type>3</Type><Delay>1</Delay><MouseMovement>
        <MouseMovementEvent>
          <Type>3</Type>
          <X>713</X>
          <Y>473</Y>
          <Delay>31</Delay>
        </MouseMovementEvent></MouseMovement></MacroEvent><MacroEvent><Type>3</Type><Delay>1</Delay><MouseMovement>
        <MouseMovementEvent>
          <Type>3</Type>
          <X>713</X>
          <Y>474</Y>
          <Delay>30</Delay>
        </MouseMovementEvent></MouseMovement></MacroEvent><MacroEvent><Type>2</Type><Delay>0</Delay><MouseEvent><MouseButton>1</MouseButton><State>1</State></MouseEvent></MacroEvent><MacroEvent><Type>2</Type><Delay>0</Delay><MouseEvent><MouseButton>1</MouseButton><State>0</State></MouseEvent></MacroEvent><MacroEvent><Type>3</Type><Delay>1</Delay><MouseMovement>
        <MouseMovementEvent>
          <Type>3</Type>
          <X>713</X>
          <Y>475</Y>
          <Delay>30</Delay>
        </MouseMovementEvent></MouseMovement></MacroEvent><MacroEvent><Type>3</Type><Delay>1</Delay><MouseMovement>
        <MouseMovementEvent>
          <Type>3</Type>
          <X>713</X>
          <Y>476</Y>
          <Delay>31</Delay>
        </MouseMovementEvent></MouseMovement></MacroEvent><MacroEvent><Type>3</Type><Delay>1</Delay><MouseMovement>
        <MouseMovementEvent>
          <Type>3</Type>
          <X>713</X>
          <Y>477</Y>
          <Delay>30</Delay>
        </MouseMovementEvent></MouseMovement></MacroEvent><MacroEvent><Type>3</Type><Delay>1</Delay><MouseMovement>
      </MouseMovement>
    </MacroEvent>
    <MacroEvent>
      <Type>2</Type>
      <Delay>510</Delay>
      <MouseEvent>
        <MouseButton>1</MouseButton>
        <State>1</State>
      </MouseEvent>
    </MacroEvent>
  </MacroEvents>
</Macro>