﻿<?xml version="1.0" encoding="utf-8"?>
<Macro xmlns:xsi="http://www.w3.org/2001/XMLSchema-instance" xmlns:xsd="http://www.w3.org/2001/XMLSchema">
  <Name>XM4</Name>
  <Guid>25c8e8d6-ad26-4657-8875-4fa74f3ffccc</Guid>
  <MacroEvents>
    <MacroEvent>
      <Type>2</Type>
      <MouseEvent>
        <MouseButton>1</MouseButton>
        <State>0</State>
      </MouseEvent>
    </MacroEvent>
    <MacroEvent>
      <Type>3</Type>
      <Delay>27</Delay>
      <MouseMovement>
        <MouseMovementEvent>
          <Type>3</Type>
          <X>776</X>
          <Y>347</Y>
        </MouseMovementEvent></MouseMovement></MacroEvent><MacroEvent><Type>3</Type><Delay>1</Delay><MouseMovement>
        <MouseMovementEvent>
          <Type>3</Type>
          <X>776</X>
          <Y>350</Y>
          <Delay>55</Delay>
        </MouseMovementEvent></MouseMovement></MacroEvent><MacroEvent><Type>3</Type><Delay>1</Delay><MouseMovement>
        <MouseMovementEvent>
          <Type>3</Type>
          <X>776</X>
          <Y>353</Y>
          <Delay>30</Delay>
        </MouseMovementEvent></MouseMovement></MacroEvent><MacroEvent><Type>2</Type><Delay>0</Delay><MouseEvent><MouseButton>1</MouseButton><State>1</State></MouseEvent></MacroEvent><MacroEvent><Type>2</Type><Delay>0</Delay><MouseEvent><MouseButton>1</MouseButton><State>0</State></MouseEvent></MacroEvent><MacroEvent><Type>3</Type><Delay>1</Delay><MouseMovement>
        <MouseMovementEvent>
          <Type>3</Type>
          <X>776</X>
          <Y>356</Y>
          <Delay>31</Delay>
        </MouseMovementEvent></MouseMovement></MacroEvent><MacroEvent><Type>3</Type><Delay>1</Delay><MouseMovement>
        <MouseMovementEvent>
          <Type>3</Type>
          <X>776</X>
          <Y>359</Y>
          <Delay>31</Delay>
        </MouseMovementEvent></MouseMovement></MacroEvent><MacroEvent><Type>3</Type><Delay>1</Delay><MouseMovement>
        <MouseMovementEvent>
          <Type>3</Type>
          <X>776</X>
          <Y>362</Y>
          <Delay>30</Delay>
        </MouseMovementEvent></MouseMovement></MacroEvent><MacroEvent><Type>2</Type><Delay>0</Delay><MouseEvent><MouseButton>1</MouseButton><State>1</State></MouseEvent></MacroEvent><MacroEvent><Type>2</Type><Delay>0</Delay><MouseEvent><MouseButton>1</MouseButton><State>0</State></MouseEvent></MacroEvent><MacroEvent><Type>3</Type><Delay>1</Delay><MouseMovement>
        <MouseMovementEvent>
          <Type>3</Type>
          <X>776</X>
          <Y>365</Y>
          <Delay>30</Delay>
        </MouseMovementEvent></MouseMovement></MacroEvent><MacroEvent><Type>3</Type><Delay>1</Delay><MouseMovement>
        <MouseMovementEvent>
          <Type>3</Type>
          <X>776</X>
          <Y>368</Y>
          <Delay>32</Delay>
        </MouseMovementEvent></MouseMovement></MacroEvent><MacroEvent><Type>3</Type><Delay>1</Delay><MouseMovement>
        <MouseMovementEvent>
          <Type>3</Type>
          <X>776</X>
          <Y>371</Y>
          <Delay>31</Delay>
        </MouseMovementEvent></MouseMovement></MacroEvent><MacroEvent><Type>2</Type><Delay>0</Delay><MouseEvent><MouseButton>1</MouseButton><State>1</State></MouseEvent></MacroEvent><MacroEvent><Type>2</Type><Delay>0</Delay><MouseEvent><MouseButton>1</MouseButton><State>0</State></MouseEvent></MacroEvent><MacroEvent><Type>3</Type><Delay>1</Delay><MouseMovement>
        <MouseMovementEvent>
          <Type>3</Type>
          <X>776</X>
          <Y>374</Y>
          <Delay>29</Delay>
        </MouseMovementEvent></MouseMovement></MacroEvent><MacroEvent><Type>3</Type><Delay>1</Delay><MouseMovement>
        <MouseMovementEvent>
          <Type>3</Type>
          <X>776</X>
          <Y>377</Y>
          <Delay>30</Delay>
        </MouseMovementEvent></MouseMovement></MacroEvent><MacroEvent><Type>3</Type><Delay>1</Delay><MouseMovement>
        <MouseMovementEvent>
          <Type>3</Type>
          <X>776</X>
          <Y>380</Y>
          <Delay>31</Delay>
        </MouseMovementEvent></MouseMovement></MacroEvent><MacroEvent><Type>2</Type><Delay>0</Delay><MouseEvent><MouseButton>1</MouseButton><State>1</State></MouseEvent></MacroEvent><MacroEvent><Type>2</Type><Delay>0</Delay><MouseEvent><MouseButton>1</MouseButton><State>0</State></MouseEvent></MacroEvent><MacroEvent><Type>3</Type><Delay>1</Delay><MouseMovement>
        <MouseMovementEvent>
          <Type>3</Type>
          <X>776</X>
          <Y>383</Y>
          <Delay>31</Delay>
        </MouseMovementEvent></MouseMovement></MacroEvent><MacroEvent><Type>3</Type><Delay>1</Delay><MouseMovement>
        <MouseMovementEvent>
          <Type>3</Type>
          <X>776</X>
          <Y>386</Y>
          <Delay>30</Delay>
        </MouseMovementEvent></MouseMovement></MacroEvent><MacroEvent><Type>3</Type><Delay>1</Delay><MouseMovement>
        <MouseMovementEvent>
          <Type>3</Type>
          <X>777</X>
          <Y>389</Y>
          <Delay>30</Delay>
        </MouseMovementEvent></MouseMovement></MacroEvent><MacroEvent><Type>2</Type><Delay>0</Delay><MouseEvent><MouseButton>1</MouseButton><State>1</State></MouseEvent></MacroEvent><MacroEvent><Type>2</Type><Delay>0</Delay><MouseEvent><MouseButton>1</MouseButton><State>0</State></MouseEvent></MacroEvent><MacroEvent><Type>3</Type><Delay>1</Delay><MouseMovement>
        <MouseMovementEvent>
          <Type>3</Type>
          <X>778</X>
          <Y>391</Y>
          <Delay>31</Delay>
        </MouseMovementEvent></MouseMovement></MacroEvent><MacroEvent><Type>3</Type><Delay>1</Delay><MouseMovement>
        <MouseMovementEvent>
          <Type>3</Type>
          <X>779</X>
          <Y>393</Y>
          <Delay>31</Delay>
        </MouseMovementEvent></MouseMovement></MacroEvent><MacroEvent><Type>3</Type><Delay>1</Delay><MouseMovement>
        <MouseMovementEvent>
          <Type>3</Type>
          <X>780</X>
          <Y>395</Y>
          <Delay>31</Delay>
        </MouseMovementEvent></MouseMovement></MacroEvent><MacroEvent><Type>2</Type><Delay>0</Delay><MouseEvent><MouseButton>1</MouseButton><State>1</State></MouseEvent></MacroEvent><MacroEvent><Type>2</Type><Delay>0</Delay><MouseEvent><MouseButton>1</MouseButton><State>0</State></MouseEvent></MacroEvent><MacroEvent><Type>3</Type><Delay>1</Delay><MouseMovement>
        <MouseMovementEvent>
          <Type>3</Type>
          <X>781</X>
          <Y>397</Y>
          <Delay>30</Delay>
        </MouseMovementEvent></MouseMovement></MacroEvent><MacroEvent><Type>3</Type><Delay>1</Delay><MouseMovement>
        <MouseMovementEvent>
          <Type>3</Type>
          <X>782</X>
          <Y>399</Y>
          <Delay>31</Delay>
        </MouseMovementEvent></MouseMovement></MacroEvent><MacroEvent><Type>3</Type><Delay>1</Delay><MouseMovement>
        <MouseMovementEvent>
          <Type>3</Type>
          <X>783</X>
          <Y>401</Y>
          <Delay>31</Delay>
        </MouseMovementEvent></MouseMovement></MacroEvent><MacroEvent><Type>2</Type><Delay>0</Delay><MouseEvent><MouseButton>1</MouseButton><State>1</State></MouseEvent></MacroEvent><MacroEvent><Type>2</Type><Delay>0</Delay><MouseEvent><MouseButton>1</MouseButton><State>0</State></MouseEvent></MacroEvent><MacroEvent><Type>3</Type><Delay>1</Delay><MouseMovement>
        <MouseMovementEvent>
          <Type>3</Type>
          <X>784</X>
          <Y>404</Y>
          <Delay>31</Delay>
        </MouseMovementEvent></MouseMovement></MacroEvent><MacroEvent><Type>3</Type><Delay>1</Delay><MouseMovement>
        <MouseMovementEvent>
          <Type>3</Type>
          <X>785</X>
          <Y>407</Y>
          <Delay>29</Delay>
        </MouseMovementEvent></MouseMovement></MacroEvent><MacroEvent><Type>3</Type><Delay>1</Delay><MouseMovement>
        <MouseMovementEvent>
          <Type>3</Type>
          <X>786</X>
          <Y>409</Y>
          <Delay>31</Delay>
        </MouseMovementEvent></MouseMovement></MacroEvent><MacroEvent><Type>2</Type><Delay>0</Delay><MouseEvent><MouseButton>1</MouseButton><State>1</State></MouseEvent></MacroEvent><MacroEvent><Type>2</Type><Delay>0</Delay><MouseEvent><MouseButton>1</MouseButton><State>0</State></MouseEvent></MacroEvent><MacroEvent><Type>3</Type><Delay>1</Delay><MouseMovement>
        <MouseMovementEvent>
          <Type>3</Type>
          <X>787</X>
          <Y>411</Y>
          <Delay>31</Delay>
        </MouseMovementEvent></MouseMovement></MacroEvent><MacroEvent><Type>3</Type><Delay>1</Delay><MouseMovement>
        <MouseMovementEvent>
          <Type>3</Type>
          <X>788</X>
          <Y>412</Y>
          <Delay>30</Delay>
        </MouseMovementEvent></MouseMovement></MacroEvent><MacroEvent><Type>3</Type><Delay>1</Delay><MouseMovement>
        <MouseMovementEvent>
          <Type>3</Type>
          <X>789</X>
          <Y>414</Y>
          <Delay>31</Delay>
        </MouseMovementEvent></MouseMovement></MacroEvent><MacroEvent><Type>2</Type><Delay>0</Delay><MouseEvent><MouseButton>1</MouseButton><State>1</State></MouseEvent></MacroEvent><MacroEvent><Type>2</Type><Delay>0</Delay><MouseEvent><MouseButton>1</MouseButton><State>0</State></MouseEvent></MacroEvent><MacroEvent><Type>3</Type><Delay>1</Delay><MouseMovement>
        <MouseMovementEvent>
          <Type>3</Type>
          <X>790</X>
          <Y>415</Y>
          <Delay>30</Delay>
        </MouseMovementEvent></MouseMovement></MacroEvent><MacroEvent><Type>3</Type><Delay>1</Delay><MouseMovement>
        <MouseMovementEvent>
          <Type>3</Type>
          <X>791</X>
          <Y>416</Y>
          <Delay>31</Delay>
        </MouseMovementEvent></MouseMovement></MacroEvent><MacroEvent><Type>3</Type><Delay>1</Delay><MouseMovement>
        <MouseMovementEvent>
          <Type>3</Type>
          <X>792</X>
          <Y>418</Y>
          <Delay>31</Delay>
        </MouseMovementEvent></MouseMovement></MacroEvent><MacroEvent><Type>2</Type><Delay>0</Delay><MouseEvent><MouseButton>1</MouseButton><State>1</State></MouseEvent></MacroEvent><MacroEvent><Type>2</Type><Delay>0</Delay><MouseEvent><MouseButton>1</MouseButton><State>0</State></MouseEvent></MacroEvent><MacroEvent><Type>3</Type><Delay>1</Delay><MouseMovement>
        <MouseMovementEvent>
          <Type>3</Type>
          <X>793</X>
          <Y>420</Y>
          <Delay>31</Delay>
        </MouseMovementEvent></MouseMovement></MacroEvent><MacroEvent><Type>3</Type><Delay>1</Delay><MouseMovement>
        <MouseMovementEvent>
          <Type>3</Type>
          <X>794</X>
          <Y>421</Y>
          <Delay>31</Delay>
        </MouseMovementEvent></MouseMovement></MacroEvent><MacroEvent><Type>3</Type><Delay>1</Delay><MouseMovement>
        <MouseMovementEvent>
          <Type>3</Type>
          <X>795</X>
          <Y>422</Y>
          <Delay>30</Delay>
        </MouseMovementEvent></MouseMovement></MacroEvent><MacroEvent><Type>2</Type><Delay>0</Delay><MouseEvent><MouseButton>1</MouseButton><State>1</State></MouseEvent></MacroEvent><MacroEvent><Type>2</Type><Delay>0</Delay><MouseEvent><MouseButton>1</MouseButton><State>0</State></MouseEvent></MacroEvent><MacroEvent><Type>3</Type><Delay>1</Delay><MouseMovement>
        <MouseMovementEvent>
          <Type>3</Type>
          <X>796</X>
          <Y>424</Y>
          <Delay>30</Delay>
        </MouseMovementEvent></MouseMovement></MacroEvent><MacroEvent><Type>3</Type><Delay>1</Delay><MouseMovement>
        <MouseMovementEvent>
          <Type>3</Type>
          <X>797</X>
          <Y>426</Y>
          <Delay>30</Delay>
        </MouseMovementEvent></MouseMovement></MacroEvent><MacroEvent><Type>3</Type><Delay>1</Delay><MouseMovement>
        <MouseMovementEvent>
          <Type>3</Type>
          <X>798</X>
          <Y>428</Y>
          <Delay>32</Delay>
        </MouseMovementEvent></MouseMovement></MacroEvent><MacroEvent><Type>2</Type><Delay>0</Delay><MouseEvent><MouseButton>1</MouseButton><State>1</State></MouseEvent></MacroEvent><MacroEvent><Type>2</Type><Delay>0</Delay><MouseEvent><MouseButton>1</MouseButton><State>0</State></MouseEvent></MacroEvent><MacroEvent><Type>3</Type><Delay>1</Delay><MouseMovement>
        <MouseMovementEvent>
          <Type>3</Type>
          <X>798</X>
          <Y>429</Y>
          <Delay>31</Delay>
        </MouseMovementEvent></MouseMovement></MacroEvent><MacroEvent><Type>3</Type><Delay>1</Delay><MouseMovement>
        <MouseMovementEvent>
          <Type>3</Type>
          <X>797</X>
          <Y>430</Y>
          <Delay>31</Delay>
        </MouseMovementEvent></MouseMovement></MacroEvent><MacroEvent><Type>3</Type><Delay>1</Delay><MouseMovement>
        <MouseMovementEvent>
          <Type>3</Type>
          <X>796</X>
          <Y>431</Y>
          <Delay>31</Delay>
        </MouseMovementEvent></MouseMovement></MacroEvent><MacroEvent><Type>2</Type><Delay>0</Delay><MouseEvent><MouseButton>1</MouseButton><State>1</State></MouseEvent></MacroEvent><MacroEvent><Type>2</Type><Delay>0</Delay><MouseEvent><MouseButton>1</MouseButton><State>0</State></MouseEvent></MacroEvent><MacroEvent><Type>3</Type><Delay>1</Delay><MouseMovement>
        <MouseMovementEvent>
          <Type>3</Type>
          <X>795</X>
          <Y>432</Y>
          <Delay>30</Delay>
        </MouseMovementEvent></MouseMovement></MacroEvent><MacroEvent><Type>3</Type><Delay>1</Delay><MouseMovement>
        <MouseMovementEvent>
          <Type>3</Type>
          <X>795</X>
          <Y>433</Y>
          <Delay>31</Delay>
        </MouseMovementEvent></MouseMovement></MacroEvent><MacroEvent><Type>3</Type><Delay>1</Delay><MouseMovement>
        <MouseMovementEvent>
          <Type>3</Type>
          <X>795</X>
          <Y>434</Y>
          <Delay>29</Delay>
        </MouseMovementEvent></MouseMovement></MacroEvent><MacroEvent><Type>2</Type><Delay>0</Delay><MouseEvent><MouseButton>1</MouseButton><State>1</State></MouseEvent></MacroEvent><MacroEvent><Type>2</Type><Delay>0</Delay><MouseEvent><MouseButton>1</MouseButton><State>0</State></MouseEvent></MacroEvent><MacroEvent><Type>3</Type><Delay>1</Delay><MouseMovement>
        <MouseMovementEvent>
          <Type>3</Type>
          <X>794</X>
          <Y>435</Y>
          <Delay>31</Delay>
        </MouseMovementEvent></MouseMovement></MacroEvent><MacroEvent><Type>3</Type><Delay>1</Delay><MouseMovement>
        <MouseMovementEvent>
          <Type>3</Type>
          <X>793</X>
          <Y>436</Y>
          <Delay>30</Delay>
        </MouseMovementEvent></MouseMovement></MacroEvent><MacroEvent><Type>3</Type><Delay>1</Delay><MouseMovement>
        <MouseMovementEvent>
          <Type>3</Type>
          <X>793</X>
          <Y>437</Y>
          <Delay>31</Delay>
        </MouseMovementEvent></MouseMovement></MacroEvent><MacroEvent><Type>2</Type><Delay>0</Delay><MouseEvent><MouseButton>1</MouseButton><State>1</State></MouseEvent></MacroEvent><MacroEvent><Type>2</Type><Delay>0</Delay><MouseEvent><MouseButton>1</MouseButton><State>0</State></MouseEvent></MacroEvent><MacroEvent><Type>3</Type><Delay>1</Delay><MouseMovement>
        <MouseMovementEvent>
          <Type>3</Type>
          <X>793</X>
          <Y>438</Y>
          <Delay>31</Delay>
        </MouseMovementEvent></MouseMovement></MacroEvent><MacroEvent><Type>3</Type><Delay>1</Delay><MouseMovement>
        <MouseMovementEvent>
          <Type>3</Type>
          <X>792</X>
          <Y>439</Y>
          <Delay>30</Delay>
        </MouseMovementEvent></MouseMovement></MacroEvent><MacroEvent><Type>3</Type><Delay>1</Delay><MouseMovement>
        <MouseMovementEvent>
          <Type>3</Type>
          <X>791</X>
          <Y>440</Y>
          <Delay>31</Delay>
        </MouseMovementEvent></MouseMovement></MacroEvent><MacroEvent><Type>2</Type><Delay>0</Delay><MouseEvent><MouseButton>1</MouseButton><State>1</State></MouseEvent></MacroEvent><MacroEvent><Type>2</Type><Delay>0</Delay><MouseEvent><MouseButton>1</MouseButton><State>0</State></MouseEvent></MacroEvent><MacroEvent><Type>3</Type><Delay>1</Delay><MouseMovement>
        <MouseMovementEvent>
          <Type>3</Type>
          <X>790</X>
          <Y>441</Y>
          <Delay>30</Delay>
        </MouseMovementEvent></MouseMovement></MacroEvent><MacroEvent><Type>3</Type><Delay>1</Delay><MouseMovement>
        <MouseMovementEvent>
          <Type>3</Type>
          <X>789</X>
          <Y>442</Y>
          <Delay>31</Delay>
        </MouseMovementEvent></MouseMovement></MacroEvent><MacroEvent><Type>3</Type><Delay>1</Delay><MouseMovement>
        <MouseMovementEvent>
          <Type>3</Type>
          <X>788</X>
          <Y>442</Y>
          <Delay>153</Delay>
        </MouseMovementEvent></MouseMovement></MacroEvent><MacroEvent><Type>2</Type><Delay>0</Delay><MouseEvent><MouseButton>1</MouseButton><State>1</State></MouseEvent></MacroEvent><MacroEvent><Type>2</Type><Delay>0</Delay><MouseEvent><MouseButton>1</MouseButton><State>0</State></MouseEvent></MacroEvent><MacroEvent><Type>3</Type><Delay>1</Delay><MouseMovement>
        <MouseMovementEvent>
          <Type>3</Type>
          <X>787</X>
          <Y>442</Y>
          <Delay>31</Delay>
        </MouseMovementEvent></MouseMovement></MacroEvent><MacroEvent><Type>3</Type><Delay>1</Delay><MouseMovement>
        <MouseMovementEvent>
          <Type>3</Type>
          <X>787</X>
          <Y>443</Y>
          <Delay>62</Delay>
        </MouseMovementEvent></MouseMovement></MacroEvent><MacroEvent><Type>3</Type><Delay>1</Delay><MouseMovement>
        <MouseMovementEvent>
          <Type>3</Type>
          <X>787</X>
          <Y>444</Y>
          <Delay>31</Delay>
        </MouseMovementEvent></MouseMovement></MacroEvent><MacroEvent><Type>2</Type><Delay>0</Delay><MouseEvent><MouseButton>1</MouseButton><State>1</State></MouseEvent></MacroEvent><MacroEvent><Type>2</Type><Delay>0</Delay><MouseEvent><MouseButton>1</MouseButton><State>0</State></MouseEvent></MacroEvent><MacroEvent><Type>3</Type><Delay>1</Delay><MouseMovement>
        <MouseMovementEvent>
          <Type>3</Type>
          <X>786</X>
          <Y>445</Y>
          <Delay>30</Delay>
        </MouseMovementEvent></MouseMovement></MacroEvent><MacroEvent><Type>3</Type><Delay>1</Delay><MouseMovement>
        <MouseMovementEvent>
          <Type>3</Type>
          <X>785</X>
          <Y>446</Y>
          <Delay>30</Delay>
        </MouseMovementEvent></MouseMovement></MacroEvent><MacroEvent><Type>3</Type><Delay>1</Delay><MouseMovement>
        <MouseMovementEvent>
          <Type>3</Type>
          <X>785</X>
          <Y>447</Y>
          <Delay>31</Delay>
        </MouseMovementEvent></MouseMovement></MacroEvent><MacroEvent><Type>2</Type><Delay>0</Delay><MouseEvent><MouseButton>1</MouseButton><State>1</State></MouseEvent></MacroEvent><MacroEvent><Type>2</Type><Delay>0</Delay><MouseEvent><MouseButton>1</MouseButton><State>0</State></MouseEvent></MacroEvent><MacroEvent><Type>3</Type><Delay>1</Delay><MouseMovement>
        <MouseMovementEvent>
          <Type>3</Type>
          <X>785</X>
          <Y>448</Y>
          <Delay>31</Delay>
        </MouseMovementEvent></MouseMovement></MacroEvent><MacroEvent><Type>3</Type><Delay>1</Delay><MouseMovement>
        <MouseMovementEvent>
          <Type>3</Type>
          <X>785</X>
          <Y>449</Y>
          <Delay>30</Delay>
        </MouseMovementEvent></MouseMovement></MacroEvent><MacroEvent><Type>3</Type><Delay>1</Delay><MouseMovement>
        <MouseMovementEvent>
          <Type>3</Type>
          <X>784</X>
          <Y>450</Y>
          <Delay>31</Delay>
        </MouseMovementEvent></MouseMovement></MacroEvent><MacroEvent><Type>2</Type><Delay>0</Delay><MouseEvent><MouseButton>1</MouseButton><State>1</State></MouseEvent></MacroEvent><MacroEvent><Type>2</Type><Delay>0</Delay><MouseEvent><MouseButton>1</MouseButton><State>0</State></MouseEvent></MacroEvent><MacroEvent><Type>3</Type><Delay>1</Delay><MouseMovement>
        <MouseMovementEvent>
          <Type>3</Type>
          <X>783</X>
          <Y>451</Y>
          <Delay>30</Delay>
        </MouseMovementEvent></MouseMovement></MacroEvent><MacroEvent><Type>3</Type><Delay>1</Delay><MouseMovement>
        <MouseMovementEvent>
          <Type>3</Type>
          <X>782</X>
          <Y>452</Y>
          <Delay>31</Delay>
        </MouseMovementEvent></MouseMovement></MacroEvent><MacroEvent><Type>3</Type><Delay>1</Delay><MouseMovement>
        <MouseMovementEvent>
          <Type>3</Type>
          <X>781</X>
          <Y>453</Y>
          <Delay>32</Delay>
        </MouseMovementEvent></MouseMovement></MacroEvent><MacroEvent><Type>2</Type><Delay>0</Delay><MouseEvent><MouseButton>1</MouseButton><State>1</State></MouseEvent></MacroEvent><MacroEvent><Type>2</Type><Delay>0</Delay><MouseEvent><MouseButton>1</MouseButton><State>0</State></MouseEvent></MacroEvent><MacroEvent><Type>3</Type><Delay>1</Delay><MouseMovement>
        <MouseMovementEvent>
          <Type>3</Type>
          <X>780</X>
          <Y>454</Y>
          <Delay>31</Delay>
        </MouseMovementEvent></MouseMovement></MacroEvent><MacroEvent><Type>3</Type><Delay>1</Delay><MouseMovement>
        <MouseMovementEvent>
          <Type>3</Type>
          <X>779</X>
          <Y>455</Y>
          <Delay>29</Delay>
        </MouseMovementEvent></MouseMovement></MacroEvent><MacroEvent><Type>3</Type><Delay>1</Delay><MouseMovement>
        <MouseMovementEvent>
          <Type>3</Type>
          <X>778</X>
          <Y>456</Y>
          <Delay>31</Delay>
        </MouseMovementEvent></MouseMovement></MacroEvent><MacroEvent><Type>2</Type><Delay>0</Delay><MouseEvent><MouseButton>1</MouseButton><State>1</State></MouseEvent></MacroEvent><MacroEvent><Type>2</Type><Delay>0</Delay><MouseEvent><MouseButton>1</MouseButton><State>0</State></MouseEvent></MacroEvent><MacroEvent><Type>3</Type><Delay>1</Delay><MouseMovement>
        <MouseMovementEvent>
          <Type>3</Type>
          <X>777</X>
          <Y>457</Y>
          <Delay>30</Delay>
        </MouseMovementEvent></MouseMovement></MacroEvent><MacroEvent><Type>3</Type><Delay>1</Delay><MouseMovement>
        <MouseMovementEvent>
          <Type>3</Type>
          <X>776</X>
          <Y>458</Y>
          <Delay>31</Delay>
        </MouseMovementEvent></MouseMovement></MacroEvent><MacroEvent><Type>3</Type><Delay>1</Delay><MouseMovement>
        <MouseMovementEvent>
          <Type>3</Type>
          <X>775</X>
          <Y>459</Y>
          <Delay>30</Delay>
        </MouseMovementEvent></MouseMovement></MacroEvent><MacroEvent><Type>2</Type><Delay>0</Delay><MouseEvent><MouseButton>1</MouseButton><State>1</State></MouseEvent></MacroEvent><MacroEvent><Type>2</Type><Delay>0</Delay><MouseEvent><MouseButton>1</MouseButton><State>0</State></MouseEvent></MacroEvent><MacroEvent><Type>3</Type><Delay>1</Delay><MouseMovement>
        <MouseMovementEvent>
          <Type>3</Type>
          <X>775</X>
          <Y>460</Y>
          <Delay>31</Delay>
        </MouseMovementEvent></MouseMovement></MacroEvent><MacroEvent><Type>3</Type><Delay>1</Delay><MouseMovement>
        <MouseMovementEvent>
          <Type>3</Type>
          <X>775</X>
          <Y>461</Y>
          <Delay>31</Delay>
        </MouseMovementEvent></MouseMovement></MacroEvent><MacroEvent><Type>3</Type><Delay>1</Delay><MouseMovement>
        <MouseMovementEvent>
          <Type>3</Type>
          <X>775</X>
          <Y>462</Y>
          <Delay>31</Delay>
        </MouseMovementEvent></MouseMovement></MacroEvent><MacroEvent><Type>2</Type><Delay>0</Delay><MouseEvent><MouseButton>1</MouseButton><State>1</State></MouseEvent></MacroEvent><MacroEvent><Type>2</Type><Delay>0</Delay><MouseEvent><MouseButton>1</MouseButton><State>0</State></MouseEvent></MacroEvent><MacroEvent><Type>3</Type><Delay>1</Delay><MouseMovement>
        <MouseMovementEvent>
          <Type>3</Type>
          <X>775</X>
          <Y>463</Y>
          <Delay>30</Delay>
        </MouseMovementEvent></MouseMovement></MacroEvent><MacroEvent><Type>3</Type><Delay>1</Delay><MouseMovement>
        <MouseMovementEvent>
          <Type>3</Type>
          <X>775</X>
          <Y>464</Y>
          <Delay>31</Delay>
        </MouseMovementEvent></MouseMovement></MacroEvent><MacroEvent><Type>3</Type><Delay>1</Delay><MouseMovement>
        <MouseMovementEvent>
          <Type>3</Type>
          <X>775</X>
          <Y>465</Y>
          <Delay>30</Delay>
        </MouseMovementEvent></MouseMovement></MacroEvent><MacroEvent><Type>2</Type><Delay>0</Delay><MouseEvent><MouseButton>1</MouseButton><State>1</State></MouseEvent></MacroEvent><MacroEvent><Type>2</Type><Delay>0</Delay><MouseEvent><MouseButton>1</MouseButton><State>0</State></MouseEvent></MacroEvent><MacroEvent><Type>3</Type><Delay>1</Delay><MouseMovement>
        <MouseMovementEvent>
          <Type>3</Type>
          <X>775</X>
          <Y>466</Y>
          <Delay>31</Delay>
        </MouseMovementEvent></MouseMovement></MacroEvent><MacroEvent><Type>3</Type><Delay>1</Delay><MouseMovement>
        <MouseMovementEvent>
          <Type>3</Type>
          <X>774</X>
          <Y>467</Y>
          <Delay>30</Delay>
        </MouseMovementEvent></MouseMovement></MacroEvent><MacroEvent><Type>3</Type><Delay>1</Delay><MouseMovement>
        <MouseMovementEvent>
          <Type>3</Type>
          <X>774</X>
          <Y>469</Y>
          <Delay>30</Delay>
        </MouseMovementEvent></MouseMovement></MacroEvent><MacroEvent><Type>2</Type><Delay>0</Delay><MouseEvent><MouseButton>1</MouseButton><State>1</State></MouseEvent></MacroEvent><MacroEvent><Type>2</Type><Delay>0</Delay><MouseEvent><MouseButton>1</MouseButton><State>0</State></MouseEvent></MacroEvent><MacroEvent><Type>3</Type><Delay>1</Delay><MouseMovement>
        <MouseMovementEvent>
          <Type>3</Type>
          <X>774</X>
          <Y>471</Y>
          <Delay>31</Delay>
        </MouseMovementEvent></MouseMovement></MacroEvent><MacroEvent><Type>3</Type><Delay>1</Delay><MouseMovement>
        <MouseMovementEvent>
          <Type>3</Type>
          <X>773</X>
          <Y>472</Y>
          <Delay>31</Delay>
        </MouseMovementEvent></MouseMovement></MacroEvent><MacroEvent><Type>3</Type><Delay>1</Delay><MouseMovement>
        <MouseMovementEvent>
          <Type>3</Type>
          <X>772</X>
          <Y>473</Y>
          <Delay>31</Delay>
        </MouseMovementEvent></MouseMovement></MacroEvent><MacroEvent><Type>2</Type><Delay>0</Delay><MouseEvent><MouseButton>1</MouseButton><State>1</State></MouseEvent></MacroEvent><MacroEvent><Type>2</Type><Delay>0</Delay><MouseEvent><MouseButton>1</MouseButton><State>0</State></MouseEvent></MacroEvent><MacroEvent><Type>3</Type><Delay>1</Delay><MouseMovement>
        <MouseMovementEvent>
          <Type>3</Type>
          <X>772</X>
          <Y>474</Y>
          <Delay>30</Delay>
        </MouseMovementEvent></MouseMovement></MacroEvent><MacroEvent><Type>3</Type><Delay>1</Delay><MouseMovement>
        <MouseMovementEvent>
          <Type>3</Type>
          <X>771</X>
          <Y>475</Y>
          <Delay>30</Delay>
        </MouseMovementEvent></MouseMovement></MacroEvent><MacroEvent><Type>3</Type><Delay>1</Delay><MouseMovement>
        <MouseMovementEvent>
          <Type>3</Type>
          <X>771</X>
          <Y>477</Y>
          <Delay>30</Delay>
        </MouseMovementEvent></MouseMovement></MacroEvent><MacroEvent><Type>2</Type><Delay>0</Delay><MouseEvent><MouseButton>1</MouseButton><State>1</State></MouseEvent></MacroEvent><MacroEvent><Type>2</Type><Delay>0</Delay><MouseEvent><MouseButton>1</MouseButton><State>0</State></MouseEvent></MacroEvent><MacroEvent><Type>3</Type><Delay>1</Delay><MouseMovement>
        <MouseMovementEvent>
          <Type>3</Type>
          <X>770</X>
          <Y>479</Y>
          <Delay>31</Delay>
        </MouseMovementEvent></MouseMovement></MacroEvent><MacroEvent><Type>3</Type><Delay>1</Delay><MouseMovement>
        <MouseMovementEvent>
          <Type>3</Type>
          <X>770</X>
          <Y>480</Y>
          <Delay>31</Delay>
        </MouseMovementEvent></MouseMovement></MacroEvent><MacroEvent><Type>3</Type><Delay>1</Delay><MouseMovement>
        <MouseMovementEvent>
          <Type>3</Type>
          <X>770</X>
          <Y>481</Y>
          <Delay>31</Delay>
        </MouseMovementEvent></MouseMovement></MacroEvent><MacroEvent><Type>2</Type><Delay>0</Delay><MouseEvent><MouseButton>1</MouseButton><State>1</State></MouseEvent></MacroEvent><MacroEvent><Type>2</Type><Delay>0</Delay><MouseEvent><MouseButton>1</MouseButton><State>0</State></MouseEvent></MacroEvent><MacroEvent><Type>3</Type><Delay>1</Delay><MouseMovement>
        <MouseMovementEvent>
          <Type>3</Type>
          <X>769</X>
          <Y>483</Y>
          <Delay>31</Delay>
        </MouseMovementEvent></MouseMovement></MacroEvent><MacroEvent><Type>3</Type><Delay>1</Delay><MouseMovement>
        <MouseMovementEvent>
          <Type>3</Type>
          <X>768</X>
          <Y>485</Y>
          <Delay>31</Delay>
        </MouseMovementEvent></MouseMovement></MacroEvent><MacroEvent><Type>3</Type><Delay>1</Delay><MouseMovement>
        <MouseMovementEvent>
          <Type>3</Type>
          <X>767</X>
          <Y>486</Y>
          <Delay>30</Delay>
        </MouseMovementEvent></MouseMovement></MacroEvent><MacroEvent><Type>2</Type><Delay>0</Delay><MouseEvent><MouseButton>1</MouseButton><State>1</State></MouseEvent></MacroEvent><MacroEvent><Type>2</Type><Delay>0</Delay><MouseEvent><MouseButton>1</MouseButton><State>0</State></MouseEvent></MacroEvent><MacroEvent><Type>3</Type><Delay>1</Delay><MouseMovement>
        <MouseMovementEvent>
          <Type>3</Type>
          <X>767</X>
          <Y>487</Y>
          <Delay>31</Delay>
        </MouseMovementEvent></MouseMovement></MacroEvent><MacroEvent><Type>3</Type><Delay>1</Delay><MouseMovement>
        <MouseMovementEvent>
          <Type>3</Type>
          <X>767</X>
          <Y>489</Y>
          <Delay>31</Delay>
        </MouseMovementEvent></MouseMovement></MacroEvent><MacroEvent><Type>3</Type><Delay>1</Delay><MouseMovement>
        <MouseMovementEvent>
          <Type>3</Type>
          <X>766</X>
          <Y>491</Y>
          <Delay>30</Delay>
        </MouseMovementEvent></MouseMovement></MacroEvent><MacroEvent><Type>2</Type><Delay>0</Delay><MouseEvent><MouseButton>1</MouseButton><State>1</State></MouseEvent></MacroEvent><MacroEvent><Type>2</Type><Delay>0</Delay><MouseEvent><MouseButton>1</MouseButton><State>0</State></MouseEvent></MacroEvent><MacroEvent><Type>3</Type><Delay>1</Delay><MouseMovement>
        <MouseMovementEvent>
          <Type>3</Type>
          <X>765</X>
          <Y>492</Y>
          <Delay>30</Delay>
        </MouseMovementEvent></MouseMovement></MacroEvent><MacroEvent><Type>3</Type><Delay>1</Delay><MouseMovement>
        <MouseMovementEvent>
          <Type>3</Type>
          <X>764</X>
          <Y>493</Y>
          <Delay>31</Delay>
        </MouseMovementEvent></MouseMovement></MacroEvent><MacroEvent><Type>3</Type><Delay>1</Delay><MouseMovement>
        <MouseMovementEvent>
          <Type>3</Type>
          <X>764</X>
          <Y>495</Y>
          <Delay>30</Delay>
        </MouseMovementEvent></MouseMovement></MacroEvent><MacroEvent><Type>2</Type><Delay>0</Delay><MouseEvent><MouseButton>1</MouseButton><State>1</State></MouseEvent></MacroEvent><MacroEvent><Type>2</Type><Delay>0</Delay><MouseEvent><MouseButton>1</MouseButton><State>0</State></MouseEvent></MacroEvent><MacroEvent><Type>3</Type><Delay>1</Delay><MouseMovement>
        <MouseMovementEvent>
          <Type>3</Type>
          <X>764</X>
          <Y>497</Y>
          <Delay>31</Delay>
        </MouseMovementEvent></MouseMovement></MacroEvent><MacroEvent><Type>3</Type><Delay>1</Delay><MouseMovement>
        <MouseMovementEvent>
          <Type>3</Type>
          <X>763</X>
          <Y>498</Y>
          <Delay>31</Delay>
        </MouseMovementEvent></MouseMovement></MacroEvent><MacroEvent><Type>3</Type><Delay>1</Delay><MouseMovement>
        <MouseMovementEvent>
          <Type>3</Type>
          <X>763</X>
          <Y>499</Y>
          <Delay>30</Delay>
        </MouseMovementEvent></MouseMovement></MacroEvent><MacroEvent><Type>2</Type><Delay>0</Delay><MouseEvent><MouseButton>1</MouseButton><State>1</State></MouseEvent></MacroEvent><MacroEvent><Type>2</Type><Delay>0</Delay><MouseEvent><MouseButton>1</MouseButton><State>0</State></MouseEvent></MacroEvent><MacroEvent><Type>3</Type><Delay>1</Delay><MouseMovement>
        <MouseMovementEvent>
          <Type>3</Type>
          <X>762</X>
          <Y>500</Y>
          <Delay>30</Delay>
        </MouseMovementEvent></MouseMovement></MacroEvent><MacroEvent><Type>3</Type><Delay>1</Delay><MouseMovement>
        <MouseMovementEvent>
          <Type>3</Type>
          <X>761</X>
          <Y>502</Y>
          <Delay>30</Delay>
        </MouseMovementEvent></MouseMovement></MacroEvent><MacroEvent><Type>3</Type><Delay>1</Delay><MouseMovement>
        <MouseMovementEvent>
          <Type>3</Type>
          <X>760</X>
          <Y>504</Y>
          <Delay>30</Delay>
        </MouseMovementEvent></MouseMovement></MacroEvent><MacroEvent><Type>2</Type><Delay>0</Delay><MouseEvent><MouseButton>1</MouseButton><State>1</State></MouseEvent></MacroEvent><MacroEvent><Type>2</Type><Delay>0</Delay><MouseEvent><MouseButton>1</MouseButton><State>0</State></MouseEvent></MacroEvent><MacroEvent><Type>3</Type><Delay>1</Delay><MouseMovement>
        <MouseMovementEvent>
          <Type>3</Type>
          <X>759</X>
          <Y>506</Y>
          <Delay>31</Delay>
        </MouseMovementEvent></MouseMovement></MacroEvent><MacroEvent><Type>3</Type><Delay>1</Delay><MouseMovement>
        <MouseMovementEvent>
          <Type>3</Type>
          <X>758</X>
          <Y>508</Y>
          <Delay>32</Delay>
        </MouseMovementEvent></MouseMovement></MacroEvent><MacroEvent><Type>3</Type><Delay>1</Delay><MouseMovement>
        <MouseMovementEvent>
          <Type>3</Type>
          <X>758</X>
          <Y>510</Y>
          <Delay>30</Delay>
        </MouseMovementEvent></MouseMovement></MacroEvent><MacroEvent><Type>2</Type><Delay>0</Delay><MouseEvent><MouseButton>1</MouseButton><State>1</State></MouseEvent></MacroEvent><MacroEvent><Type>2</Type><Delay>0</Delay><MouseEvent><MouseButton>1</MouseButton><State>0</State></MouseEvent></MacroEvent><MacroEvent><Type>3</Type><Delay>1</Delay><MouseMovement>
        <MouseMovementEvent>
          <Type>3</Type>
          <X>758</X>
          <Y>512</Y>
          <Delay>31</Delay>
        </MouseMovementEvent></MouseMovement></MacroEvent><MacroEvent><Type>3</Type><Delay>1</Delay><MouseMovement>
        <MouseMovementEvent>
          <Type>3</Type>
          <X>757</X>
          <Y>514</Y>
          <Delay>30</Delay>
        </MouseMovementEvent></MouseMovement></MacroEvent><MacroEvent><Type>3</Type><Delay>1</Delay><MouseMovement>
        <MouseMovementEvent>
          <Type>3</Type>
          <X>756</X>
          <Y>515</Y>
          <Delay>31</Delay>
        </MouseMovementEvent></MouseMovement></MacroEvent><MacroEvent><Type>2</Type><Delay>0</Delay><MouseEvent><MouseButton>1</MouseButton><State>1</State></MouseEvent></MacroEvent><MacroEvent><Type>2</Type><Delay>0</Delay><MouseEvent><MouseButton>1</MouseButton><State>0</State></MouseEvent></MacroEvent><MacroEvent><Type>3</Type><Delay>1</Delay><MouseMovement>
        <MouseMovementEvent>
          <Type>3</Type>
          <X>756</X>
          <Y>516</Y>
          <Delay>30</Delay>
        </MouseMovementEvent></MouseMovement></MacroEvent><MacroEvent><Type>3</Type><Delay>1</Delay><MouseMovement>
        <MouseMovementEvent>
          <Type>3</Type>
          <X>755</X>
          <Y>517</Y>
          <Delay>30</Delay>
        </MouseMovementEvent></MouseMovement></MacroEvent><MacroEvent><Type>3</Type><Delay>1</Delay><MouseMovement>
        <MouseMovementEvent>
          <Type>3</Type>
          <X>754</X>
          <Y>518</Y>
          <Delay>31</Delay>
        </MouseMovementEvent></MouseMovement></MacroEvent><MacroEvent><Type>2</Type><Delay>0</Delay><MouseEvent><MouseButton>1</MouseButton><State>1</State></MouseEvent></MacroEvent><MacroEvent><Type>2</Type><Delay>0</Delay><MouseEvent><MouseButton>1</MouseButton><State>0</State></MouseEvent></MacroEvent><MacroEvent><Type>3</Type><Delay>1</Delay><MouseMovement>
        <MouseMovementEvent>
          <Type>3</Type>
          <X>754</X>
          <Y>519</Y>
          <Delay>30</Delay>
        </MouseMovementEvent></MouseMovement></MacroEvent><MacroEvent><Type>3</Type><Delay>1</Delay><MouseMovement>
        <MouseMovementEvent>
          <Type>3</Type>
          <X>754</X>
          <Y>520</Y>
          <Delay>30</Delay>
        </MouseMovementEvent></MouseMovement></MacroEvent><MacroEvent><Type>3</Type><Delay>1</Delay><MouseMovement>
        <MouseMovementEvent>
          <Type>3</Type>
          <X>754</X>
          <Y>521</Y>
          <Delay>30</Delay>
        </MouseMovementEvent></MouseMovement></MacroEvent><MacroEvent><Type>2</Type><Delay>0</Delay><MouseEvent><MouseButton>1</MouseButton><State>1</State></MouseEvent></MacroEvent><MacroEvent><Type>2</Type><Delay>0</Delay><MouseEvent><MouseButton>1</MouseButton><State>0</State></MouseEvent></MacroEvent><MacroEvent><Type>3</Type><Delay>1</Delay><MouseMovement>
        <MouseMovementEvent>
          <Type>3</Type>
          <X>753</X>
          <Y>523</Y>
          <Delay>31</Delay>
        </MouseMovementEvent></MouseMovement></MacroEvent><MacroEvent><Type>3</Type><Delay>1</Delay><MouseMovement>
        <MouseMovementEvent>
          <Type>3</Type>
          <X>752</X>
          <Y>525</Y>
          <Delay>32</Delay>
        </MouseMovementEvent></MouseMovement></MacroEvent><MacroEvent><Type>3</Type><Delay>1</Delay><MouseMovement>
        <MouseMovementEvent>
          <Type>3</Type>
          <X>752</X>
          <Y>527</Y>
          <Delay>31</Delay>
        </MouseMovementEvent></MouseMovement></MacroEvent><MacroEvent><Type>2</Type><Delay>0</Delay><MouseEvent><MouseButton>1</MouseButton><State>1</State></MouseEvent></MacroEvent><MacroEvent><Type>2</Type><Delay>0</Delay><MouseEvent><MouseButton>1</MouseButton><State>0</State></MouseEvent></MacroEvent><MacroEvent><Type>3</Type><Delay>1</Delay><MouseMovement>
        <MouseMovementEvent>
          <Type>3</Type>
          <X>752</X>
          <Y>528</Y>
          <Delay>30</Delay>
        </MouseMovementEvent></MouseMovement></MacroEvent><MacroEvent><Type>3</Type><Delay>1</Delay><MouseMovement>
        <MouseMovementEvent>
          <Type>3</Type>
          <X>752</X>
          <Y>530</Y>
          <Delay>31</Delay>
        </MouseMovementEvent></MouseMovement></MacroEvent><MacroEvent><Type>3</Type><Delay>1</Delay><MouseMovement>
        <MouseMovementEvent>
          <Type>3</Type>
          <X>751</X>
          <Y>532</Y>
          <Delay>31</Delay>
        </MouseMovementEvent></MouseMovement></MacroEvent><MacroEvent><Type>2</Type><Delay>0</Delay><MouseEvent><MouseButton>1</MouseButton><State>1</State></MouseEvent></MacroEvent><MacroEvent><Type>2</Type><Delay>0</Delay><MouseEvent><MouseButton>1</MouseButton><State>0</State></MouseEvent></MacroEvent><MacroEvent><Type>3</Type><Delay>1</Delay><MouseMovement>
        <MouseMovementEvent>
          <Type>3</Type>
          <X>750</X>
          <Y>533</Y>
          <Delay>30</Delay>
        </MouseMovementEvent></MouseMovement></MacroEvent><MacroEvent><Type>3</Type><Delay>1</Delay><MouseMovement>
        <MouseMovementEvent>
          <Type>3</Type>
          <X>750</X>
          <Y>534</Y>
          <Delay>31</Delay>
        </MouseMovementEvent></MouseMovement></MacroEvent><MacroEvent><Type>3</Type><Delay>1</Delay><MouseMovement>
        <MouseMovementEvent>
          <Type>3</Type>
          <X>750</X>
          <Y>536</Y>
          <Delay>31</Delay>
        </MouseMovementEvent></MouseMovement></MacroEvent><MacroEvent><Type>2</Type><Delay>0</Delay><MouseEvent><MouseButton>1</MouseButton><State>1</State></MouseEvent></MacroEvent><MacroEvent><Type>2</Type><Delay>0</Delay><MouseEvent><MouseButton>1</MouseButton><State>0</State></MouseEvent></MacroEvent><MacroEvent><Type>3</Type><Delay>1</Delay><MouseMovement>
        <MouseMovementEvent>
          <Type>3</Type>
          <X>750</X>
          <Y>538</Y>
          <Delay>31</Delay>
        </MouseMovementEvent></MouseMovement></MacroEvent><MacroEvent><Type>3</Type><Delay>1</Delay><MouseMovement>
        <MouseMovementEvent>
          <Type>3</Type>
          <X>750</X>
          <Y>540</Y>
          <Delay>30</Delay>
        </MouseMovementEvent></MouseMovement></MacroEvent><MacroEvent><Type>3</Type><Delay>1</Delay><MouseMovement>
        <MouseMovementEvent>
          <Type>3</Type>
          <X>749</X>
          <Y>541</Y>
          <Delay>31</Delay>
        </MouseMovementEvent></MouseMovement></MacroEvent><MacroEvent><Type>2</Type><Delay>0</Delay><MouseEvent><MouseButton>1</MouseButton><State>1</State></MouseEvent></MacroEvent><MacroEvent><Type>2</Type><Delay>0</Delay><MouseEvent><MouseButton>1</MouseButton><State>0</State></MouseEvent></MacroEvent><MacroEvent><Type>3</Type><Delay>1</Delay><MouseMovement>
        <MouseMovementEvent>
          <Type>3</Type>
          <X>749</X>
          <Y>542</Y>
          <Delay>30</Delay>
        </MouseMovementEvent></MouseMovement></MacroEvent><MacroEvent><Type>3</Type><Delay>1</Delay><MouseMovement>
        <MouseMovementEvent>
          <Type>3</Type>
          <X>749</X>
          <Y>543</Y>
          <Delay>30</Delay>
        </MouseMovementEvent></MouseMovement></MacroEvent><MacroEvent><Type>3</Type><Delay>1</Delay><MouseMovement>
        <MouseMovementEvent>
          <Type>3</Type>
          <X>749</X>
          <Y>545</Y>
          <Delay>31</Delay>
        </MouseMovementEvent></MouseMovement></MacroEvent><MacroEvent><Type>2</Type><Delay>0</Delay><MouseEvent><MouseButton>1</MouseButton><State>1</State></MouseEvent></MacroEvent><MacroEvent><Type>2</Type><Delay>0</Delay><MouseEvent><MouseButton>1</MouseButton><State>0</State></MouseEvent></MacroEvent><MacroEvent><Type>3</Type><Delay>1</Delay><MouseMovement>
        <MouseMovementEvent>
          <Type>3</Type>
          <X>749</X>
          <Y>547</Y>
          <Delay>30</Delay>
        </MouseMovementEvent></MouseMovement></MacroEvent><MacroEvent><Type>3</Type><Delay>1</Delay><MouseMovement>
        <MouseMovementEvent>
          <Type>3</Type>
          <X>748</X>
          <Y>548</Y>
          <Delay>30</Delay>
        </MouseMovementEvent></MouseMovement></MacroEvent><MacroEvent><Type>3</Type><Delay>1</Delay><MouseMovement>
        <MouseMovementEvent>
          <Type>3</Type>
          <X>748</X>
          <Y>549</Y>
          <Delay>30</Delay>
        </MouseMovementEvent></MouseMovement></MacroEvent><MacroEvent><Type>2</Type><Delay>0</Delay><MouseEvent><MouseButton>1</MouseButton><State>1</State></MouseEvent></MacroEvent><MacroEvent><Type>2</Type><Delay>0</Delay><MouseEvent><MouseButton>1</MouseButton><State>0</State></MouseEvent></MacroEvent><MacroEvent><Type>3</Type><Delay>1</Delay><MouseMovement>
        <MouseMovementEvent>
          <Type>3</Type>
          <X>748</X>
          <Y>551</Y>
          <Delay>31</Delay>
        </MouseMovementEvent></MouseMovement></MacroEvent><MacroEvent><Type>3</Type><Delay>1</Delay><MouseMovement>
        <MouseMovementEvent>
          <Type>3</Type>
          <X>748</X>
          <Y>553</Y>
          <Delay>31</Delay>
        </MouseMovementEvent></MouseMovement></MacroEvent><MacroEvent><Type>3</Type><Delay>1</Delay><MouseMovement>
        <MouseMovementEvent>
          <Type>3</Type>
          <X>748</X>
          <Y>555</Y>
          <Delay>31</Delay>
        </MouseMovementEvent></MouseMovement></MacroEvent><MacroEvent><Type>2</Type><Delay>0</Delay><MouseEvent><MouseButton>1</MouseButton><State>1</State></MouseEvent></MacroEvent><MacroEvent><Type>2</Type><Delay>0</Delay><MouseEvent><MouseButton>1</MouseButton><State>0</State></MouseEvent></MacroEvent><MacroEvent><Type>3</Type><Delay>1</Delay><MouseMovement>
        <MouseMovementEvent>
          <Type>3</Type>
          <X>747</X>
          <Y>556</Y>
          <Delay>32</Delay>
        </MouseMovementEvent></MouseMovement></MacroEvent><MacroEvent><Type>3</Type><Delay>1</Delay><MouseMovement>
        <MouseMovementEvent>
          <Type>3</Type>
          <X>747</X>
          <Y>557</Y>
          <Delay>30</Delay>
        </MouseMovementEvent></MouseMovement></MacroEvent><MacroEvent><Type>3</Type><Delay>1</Delay><MouseMovement>
        <MouseMovementEvent>
          <Type>3</Type>
          <X>746</X>
          <Y>558</Y>
          <Delay>31</Delay>
        </MouseMovementEvent></MouseMovement></MacroEvent><MacroEvent><Type>2</Type><Delay>0</Delay><MouseEvent><MouseButton>1</MouseButton><State>1</State></MouseEvent></MacroEvent><MacroEvent><Type>2</Type><Delay>0</Delay><MouseEvent><MouseButton>1</MouseButton><State>0</State></MouseEvent></MacroEvent><MacroEvent><Type>3</Type><Delay>1</Delay><MouseMovement>
        <MouseMovementEvent>
          <Type>3</Type>
          <X>746</X>
          <Y>560</Y>
          <Delay>30</Delay>
        </MouseMovementEvent></MouseMovement></MacroEvent><MacroEvent><Type>3</Type><Delay>1</Delay><MouseMovement>
        <MouseMovementEvent>
          <Type>3</Type>
          <X>746</X>
          <Y>562</Y>
          <Delay>31</Delay>
        </MouseMovementEvent></MouseMovement></MacroEvent><MacroEvent><Type>3</Type><Delay>1</Delay><MouseMovement>
        <MouseMovementEvent>
          <Type>3</Type>
          <X>746</X>
          <Y>564</Y>
          <Delay>31</Delay>
        </MouseMovementEvent></MouseMovement></MacroEvent><MacroEvent><Type>2</Type><Delay>0</Delay><MouseEvent><MouseButton>1</MouseButton><State>1</State></MouseEvent></MacroEvent><MacroEvent><Type>2</Type><Delay>0</Delay><MouseEvent><MouseButton>1</MouseButton><State>0</State></MouseEvent></MacroEvent><MacroEvent><Type>3</Type><Delay>1</Delay><MouseMovement>
        <MouseMovementEvent>
          <Type>3</Type>
          <X>746</X>
          <Y>565</Y>
          <Delay>30</Delay>
        </MouseMovementEvent></MouseMovement></MacroEvent><MacroEvent><Type>3</Type><Delay>1</Delay><MouseMovement>
        <MouseMovementEvent>
          <Type>3</Type>
          <X>746</X>
          <Y>566</Y>
          <Delay>31</Delay>
        </MouseMovementEvent></MouseMovement></MacroEvent><MacroEvent><Type>3</Type><Delay>1</Delay><MouseMovement>
        <MouseMovementEvent>
          <Type>3</Type>
          <X>746</X>
          <Y>568</Y>
          <Delay>31</Delay>
        </MouseMovementEvent></MouseMovement></MacroEvent><MacroEvent><Type>2</Type><Delay>0</Delay><MouseEvent><MouseButton>1</MouseButton><State>1</State></MouseEvent></MacroEvent><MacroEvent><Type>2</Type><Delay>0</Delay><MouseEvent><MouseButton>1</MouseButton><State>0</State></MouseEvent></MacroEvent><MacroEvent><Type>3</Type><Delay>1</Delay><MouseMovement>
        <MouseMovementEvent>
          <Type>3</Type>
          <X>746</X>
          <Y>570</Y>
          <Delay>31</Delay>
        </MouseMovementEvent></MouseMovement></MacroEvent><MacroEvent><Type>3</Type><Delay>1</Delay><MouseMovement>
        <MouseMovementEvent>
          <Type>3</Type>
          <X>746</X>
          <Y>571</Y>
          <Delay>31</Delay>
        </MouseMovementEvent></MouseMovement></MacroEvent><MacroEvent><Type>3</Type><Delay>1</Delay><MouseMovement>
        <MouseMovementEvent>
          <Type>3</Type>
          <X>746</X>
          <Y>572</Y>
          <Delay>30</Delay>
        </MouseMovementEvent></MouseMovement></MacroEvent><MacroEvent><Type>3</Type><Delay>1</Delay><MouseMovement>
        <MouseMovementEvent>
          <Type>3</Type>
          <X>746</X>
          <Y>573</Y>
          <Delay>419</Delay>
        </MouseMovementEvent></MouseMovement></MacroEvent><MacroEvent><Type>3</Type><Delay>1</Delay><MouseMovement>
      </MouseMovement>
    </MacroEvent>
    <MacroEvent>
      <Type>2</Type>
      <Delay>146</Delay>
      <MouseEvent>
        <MouseButton>1</MouseButton>
        <State>1</State>
      </MouseEvent>
    </MacroEvent>
  </MacroEvents>
</Macro>