﻿<?xml version="1.0" encoding="utf-8"?>
<Macro xmlns:xsi="http://www.w3.org/2001/XMLSchema-instance" xmlns:xsd="http://www.w3.org/2001/XMLSchema">
  <Name>ColdWar-Krig6</Name>
  <Guid>6083f385-3d76-486f-9e65-2ca2865e24ed</Guid>
  <MacroEvents>
    <MacroEvent>
      <Type>2</Type>
      <MouseEvent>
        <MouseButton>1</MouseButton>
        <State>0</State>
      </MouseEvent>
    </MacroEvent>
    <MacroEvent>
      <Type>3</Type>
      <Delay>8</Delay>
      <MouseMovement>
        <MouseMovementEvent>
          <Type>3</Type>
          <X>896</X>
        </MouseMovementEvent></MouseMovement></MacroEvent><MacroEvent><Type>3</Type><Delay>0</Delay><MouseMovement>
        <MouseMovementEvent>
          <Type>3</Type>
          <X>896</X>
          <Y>2</Y>
          <Delay>34</Delay>
        </MouseMovementEvent></MouseMovement></MacroEvent><MacroEvent><Type>3</Type><Delay>0</Delay><MouseMovement>
        <MouseMovementEvent>
          <Type>3</Type>
          <X>896</X>
          <Y>4</Y>
          <Delay>20</Delay>
        </MouseMovementEvent></MouseMovement></MacroEvent><MacroEvent><Type>2</Type><Delay>0</Delay><MouseEvent><MouseButton>1</MouseButton><State>1</State></MouseEvent></MacroEvent><MacroEvent><Type>2</Type><Delay>0</Delay><MouseEvent><MouseButton>1</MouseButton><State>0</State></MouseEvent></MacroEvent><MacroEvent><Type>3</Type><Delay>0</Delay><MouseMovement>
        <MouseMovementEvent>
          <Type>3</Type>
          <X>896</X>
          <Y>6</Y>
          <Delay>20</Delay>
        </MouseMovementEvent></MouseMovement></MacroEvent><MacroEvent><Type>3</Type><Delay>0</Delay><MouseMovement>
        <MouseMovementEvent>
          <Type>3</Type>
          <X>896</X>
          <Y>8</Y>
          <Delay>19</Delay>
        </MouseMovementEvent></MouseMovement></MacroEvent><MacroEvent><Type>3</Type><Delay>0</Delay><MouseMovement>
        <MouseMovementEvent>
          <Type>3</Type>
          <X>896</X>
          <Y>10</Y>
          <Delay>20</Delay>
        </MouseMovementEvent></MouseMovement></MacroEvent><MacroEvent><Type>2</Type><Delay>0</Delay><MouseEvent><MouseButton>1</MouseButton><State>1</State></MouseEvent></MacroEvent><MacroEvent><Type>2</Type><Delay>0</Delay><MouseEvent><MouseButton>1</MouseButton><State>0</State></MouseEvent></MacroEvent><MacroEvent><Type>3</Type><Delay>0</Delay><MouseMovement>
        <MouseMovementEvent>
          <Type>3</Type>
          <X>896</X>
          <Y>12</Y>
          <Delay>20</Delay>
        </MouseMovementEvent></MouseMovement></MacroEvent><MacroEvent><Type>3</Type><Delay>0</Delay><MouseMovement>
        <MouseMovementEvent>
          <Type>3</Type>
          <X>896</X>
          <Y>14</Y>
          <Delay>20</Delay>
        </MouseMovementEvent></MouseMovement></MacroEvent><MacroEvent><Type>3</Type><Delay>0</Delay><MouseMovement>
        <MouseMovementEvent>
          <Type>3</Type>
          <X>896</X>
          <Y>16</Y>
          <Delay>19</Delay>
        </MouseMovementEvent></MouseMovement></MacroEvent><MacroEvent><Type>2</Type><Delay>0</Delay><MouseEvent><MouseButton>1</MouseButton><State>1</State></MouseEvent></MacroEvent><MacroEvent><Type>2</Type><Delay>0</Delay><MouseEvent><MouseButton>1</MouseButton><State>0</State></MouseEvent></MacroEvent><MacroEvent><Type>3</Type><Delay>0</Delay><MouseMovement>
        <MouseMovementEvent>
          <Type>3</Type>
          <X>896</X>
          <Y>18</Y>
          <Delay>20</Delay>
        </MouseMovementEvent></MouseMovement></MacroEvent><MacroEvent><Type>3</Type><Delay>0</Delay><MouseMovement>
        <MouseMovementEvent>
          <Type>3</Type>
          <X>896</X>
          <Y>20</Y>
          <Delay>20</Delay>
        </MouseMovementEvent></MouseMovement></MacroEvent><MacroEvent><Type>3</Type><Delay>0</Delay><MouseMovement>
        <MouseMovementEvent>
          <Type>3</Type>
          <X>897</X>
          <Y>21</Y>
          <Delay>19</Delay>
        </MouseMovementEvent></MouseMovement></MacroEvent><MacroEvent><Type>2</Type><Delay>0</Delay><MouseEvent><MouseButton>1</MouseButton><State>1</State></MouseEvent></MacroEvent><MacroEvent><Type>2</Type><Delay>0</Delay><MouseEvent><MouseButton>1</MouseButton><State>0</State></MouseEvent></MacroEvent><MacroEvent><Type>3</Type><Delay>0</Delay><MouseMovement>
        <MouseMovementEvent>
          <Type>3</Type>
          <X>898</X>
          <Y>22</Y>
          <Delay>20</Delay>
        </MouseMovementEvent></MouseMovement></MacroEvent><MacroEvent><Type>3</Type><Delay>0</Delay><MouseMovement>
        <MouseMovementEvent>
          <Type>3</Type>
          <X>899</X>
          <Y>23</Y>
          <Delay>20</Delay>
        </MouseMovementEvent></MouseMovement></MacroEvent><MacroEvent><Type>3</Type><Delay>0</Delay><MouseMovement>
        <MouseMovementEvent>
          <Type>3</Type>
          <X>900</X>
          <Y>24</Y>
          <Delay>20</Delay>
        </MouseMovementEvent></MouseMovement></MacroEvent><MacroEvent><Type>2</Type><Delay>0</Delay><MouseEvent><MouseButton>1</MouseButton><State>1</State></MouseEvent></MacroEvent><MacroEvent><Type>2</Type><Delay>0</Delay><MouseEvent><MouseButton>1</MouseButton><State>0</State></MouseEvent></MacroEvent><MacroEvent><Type>3</Type><Delay>0</Delay><MouseMovement>
        <MouseMovementEvent>
          <Type>3</Type>
          <X>901</X>
          <Y>24</Y>
          <Delay>20</Delay>
        </MouseMovementEvent></MouseMovement></MacroEvent><MacroEvent><Type>3</Type><Delay>0</Delay><MouseMovement>
        <MouseMovementEvent>
          <Type>3</Type>
          <X>902</X>
          <Y>25</Y>
          <Delay>19</Delay>
        </MouseMovementEvent></MouseMovement></MacroEvent><MacroEvent><Type>3</Type><Delay>0</Delay><MouseMovement>
        <MouseMovementEvent>
          <Type>3</Type>
          <X>903</X>
          <Y>26</Y>
          <Delay>20</Delay>
        </MouseMovementEvent></MouseMovement></MacroEvent><MacroEvent><Type>2</Type><Delay>0</Delay><MouseEvent><MouseButton>1</MouseButton><State>1</State></MouseEvent></MacroEvent><MacroEvent><Type>2</Type><Delay>0</Delay><MouseEvent><MouseButton>1</MouseButton><State>0</State></MouseEvent></MacroEvent><MacroEvent><Type>3</Type><Delay>0</Delay><MouseMovement>
        <MouseMovementEvent>
          <Type>3</Type>
          <X>904</X>
          <Y>27</Y>
          <Delay>20</Delay>
        </MouseMovementEvent></MouseMovement></MacroEvent><MacroEvent><Type>3</Type><Delay>0</Delay><MouseMovement>
        <MouseMovementEvent>
          <Type>3</Type>
          <X>905</X>
          <Y>28</Y>
          <Delay>20</Delay>
        </MouseMovementEvent></MouseMovement></MacroEvent><MacroEvent><Type>3</Type><Delay>0</Delay><MouseMovement>
        <MouseMovementEvent>
          <Type>3</Type>
          <X>906</X>
          <Y>29</Y>
          <Delay>19</Delay>
        </MouseMovementEvent></MouseMovement></MacroEvent><MacroEvent><Type>2</Type><Delay>0</Delay><MouseEvent><MouseButton>1</MouseButton><State>1</State></MouseEvent></MacroEvent><MacroEvent><Type>2</Type><Delay>0</Delay><MouseEvent><MouseButton>1</MouseButton><State>0</State></MouseEvent></MacroEvent><MacroEvent><Type>3</Type><Delay>0</Delay><MouseMovement>
        <MouseMovementEvent>
          <Type>3</Type>
          <X>907</X>
          <Y>30</Y>
          <Delay>20</Delay>
        </MouseMovementEvent></MouseMovement></MacroEvent><MacroEvent><Type>3</Type><Delay>0</Delay><MouseMovement>
        <MouseMovementEvent>
          <Type>3</Type>
          <X>907</X>
          <Y>31</Y>
          <Delay>20</Delay>
        </MouseMovementEvent></MouseMovement></MacroEvent><MacroEvent><Type>3</Type><Delay>0</Delay><MouseMovement>
        <MouseMovementEvent>
          <Type>3</Type>
          <X>907</X>
          <Y>32</Y>
          <Delay>80</Delay>
        </MouseMovementEvent></MouseMovement></MacroEvent><MacroEvent><Type>2</Type><Delay>0</Delay><MouseEvent><MouseButton>1</MouseButton><State>1</State></MouseEvent></MacroEvent><MacroEvent><Type>2</Type><Delay>0</Delay><MouseEvent><MouseButton>1</MouseButton><State>0</State></MouseEvent></MacroEvent><MacroEvent><Type>3</Type><Delay>0</Delay><MouseMovement>
        <MouseMovementEvent>
          <Type>3</Type>
          <X>907</X>
          <Y>33</Y>
          <Delay>20</Delay>
        </MouseMovementEvent></MouseMovement></MacroEvent><MacroEvent><Type>3</Type><Delay>0</Delay><MouseMovement>
        <MouseMovementEvent>
          <Type>3</Type>
          <X>907</X>
          <Y>34</Y>
          <Delay>19</Delay>
        </MouseMovementEvent></MouseMovement></MacroEvent><MacroEvent><Type>3</Type><Delay>0</Delay><MouseMovement>
        <MouseMovementEvent>
          <Type>3</Type>
          <X>907</X>
          <Y>35</Y>
          <Delay>61</Delay>
        </MouseMovementEvent></MouseMovement></MacroEvent><MacroEvent><Type>2</Type><Delay>0</Delay><MouseEvent><MouseButton>1</MouseButton><State>1</State></MouseEvent></MacroEvent><MacroEvent><Type>2</Type><Delay>0</Delay><MouseEvent><MouseButton>1</MouseButton><State>0</State></MouseEvent></MacroEvent><MacroEvent><Type>3</Type><Delay>0</Delay><MouseMovement>
        <MouseMovementEvent>
          <Type>3</Type>
          <X>907</X>
          <Y>36</Y>
          <Delay>19</Delay>
        </MouseMovementEvent></MouseMovement></MacroEvent><MacroEvent><Type>3</Type><Delay>0</Delay><MouseMovement>
        <MouseMovementEvent>
          <Type>3</Type>
          <X>907</X>
          <Y>37</Y>
          <Delay>10</Delay>
        </MouseMovementEvent></MouseMovement></MacroEvent><MacroEvent><Type>3</Type><Delay>0</Delay><MouseMovement>
        <MouseMovementEvent>
          <Type>3</Type>
          <X>907</X>
          <Y>38</Y>
          <Delay>20</Delay>
        </MouseMovementEvent></MouseMovement></MacroEvent><MacroEvent><Type>2</Type><Delay>0</Delay><MouseEvent><MouseButton>1</MouseButton><State>1</State></MouseEvent></MacroEvent><MacroEvent><Type>2</Type><Delay>0</Delay><MouseEvent><MouseButton>1</MouseButton><State>0</State></MouseEvent></MacroEvent><MacroEvent><Type>3</Type><Delay>0</Delay><MouseMovement>
        <MouseMovementEvent>
          <Type>3</Type>
          <X>907</X>
          <Y>39</Y>
          <Delay>20</Delay>
        </MouseMovementEvent></MouseMovement></MacroEvent><MacroEvent><Type>3</Type><Delay>0</Delay><MouseMovement>
        <MouseMovementEvent>
          <Type>3</Type>
          <X>907</X>
          <Y>40</Y>
          <Delay>21</Delay>
        </MouseMovementEvent></MouseMovement></MacroEvent><MacroEvent><Type>3</Type><Delay>0</Delay><MouseMovement>
        <MouseMovementEvent>
          <Type>3</Type>
          <X>907</X>
          <Y>41</Y>
          <Delay>30</Delay>
        </MouseMovementEvent></MouseMovement></MacroEvent><MacroEvent><Type>2</Type><Delay>0</Delay><MouseEvent><MouseButton>1</MouseButton><State>1</State></MouseEvent></MacroEvent><MacroEvent><Type>2</Type><Delay>0</Delay><MouseEvent><MouseButton>1</MouseButton><State>0</State></MouseEvent></MacroEvent><MacroEvent><Type>3</Type><Delay>0</Delay><MouseMovement>
        <MouseMovementEvent>
          <Type>3</Type>
          <X>907</X>
          <Y>42</Y>
          <Delay>664</Delay>
        </MouseMovementEvent></MouseMovement></MacroEvent><MacroEvent><Type>3</Type><Delay>0</Delay><MouseMovement>
        <MouseMovementEvent>
          <Type>3</Type>
          <X>907</X>
          <Y>43</Y>
          <Delay>39</Delay>
        </MouseMovementEvent></MouseMovement></MacroEvent><MacroEvent><Type>3</Type><Delay>0</Delay><MouseMovement>
        <MouseMovementEvent>
          <Type>3</Type>
          <X>907</X>
          <Y>44</Y>
          <Delay>18</Delay>
        </MouseMovementEvent></MouseMovement></MacroEvent><MacroEvent><Type>2</Type><Delay>0</Delay><MouseEvent><MouseButton>1</MouseButton><State>1</State></MouseEvent></MacroEvent><MacroEvent><Type>2</Type><Delay>0</Delay><MouseEvent><MouseButton>1</MouseButton><State>0</State></MouseEvent></MacroEvent><MacroEvent><Type>3</Type><Delay>0</Delay><MouseMovement>
        <MouseMovementEvent>
          <Type>3</Type>
          <X>907</X>
          <Y>45</Y>
          <Delay>20</Delay>
        </MouseMovementEvent></MouseMovement></MacroEvent><MacroEvent><Type>3</Type><Delay>0</Delay><MouseMovement>
        <MouseMovementEvent>
          <Type>3</Type>
          <X>907</X>
          <Y>46</Y>
          <Delay>20</Delay>
        </MouseMovementEvent></MouseMovement></MacroEvent><MacroEvent><Type>3</Type><Delay>0</Delay><MouseMovement>
        <MouseMovementEvent>
          <Type>3</Type>
          <X>907</X>
          <Y>47</Y>
          <Delay>38</Delay>
        </MouseMovementEvent></MouseMovement></MacroEvent><MacroEvent><Type>2</Type><Delay>0</Delay><MouseEvent><MouseButton>1</MouseButton><State>1</State></MouseEvent></MacroEvent><MacroEvent><Type>2</Type><Delay>0</Delay><MouseEvent><MouseButton>1</MouseButton><State>0</State></MouseEvent></MacroEvent><MacroEvent><Type>3</Type><Delay>0</Delay><MouseMovement>
        <MouseMovementEvent>
          <Type>3</Type>
          <X>906</X>
          <Y>48</Y>
          <Delay>20</Delay>
        </MouseMovementEvent></MouseMovement></MacroEvent><MacroEvent><Type>3</Type><Delay>0</Delay><MouseMovement>
        <MouseMovementEvent>
          <Type>3</Type>
          <X>905</X>
          <Y>49</Y>
          <Delay>20</Delay>
        </MouseMovementEvent></MouseMovement></MacroEvent><MacroEvent><Type>3</Type><Delay>0</Delay><MouseMovement>
        <MouseMovementEvent>
          <Type>3</Type>
          <X>904</X>
          <Y>49</Y>
          <Delay>19</Delay>
        </MouseMovementEvent></MouseMovement></MacroEvent><MacroEvent><Type>2</Type><Delay>0</Delay><MouseEvent><MouseButton>1</MouseButton><State>1</State></MouseEvent></MacroEvent><MacroEvent><Type>2</Type><Delay>0</Delay><MouseEvent><MouseButton>1</MouseButton><State>0</State></MouseEvent></MacroEvent><MacroEvent><Type>3</Type><Delay>0</Delay><MouseMovement>
        <MouseMovementEvent>
          <Type>3</Type>
          <X>904</X>
          <Y>50</Y>
          <Delay>18</Delay>
        </MouseMovementEvent></MouseMovement></MacroEvent><MacroEvent><Type>3</Type><Delay>0</Delay><MouseMovement>
        <MouseMovementEvent>
          <Type>3</Type>
          <X>904</X>
          <Y>51</Y>
          <Delay>20</Delay>
        </MouseMovementEvent></MouseMovement></MacroEvent><MacroEvent><Type>3</Type><Delay>0</Delay><MouseMovement>
        <MouseMovementEvent>
          <Type>3</Type>
          <X>903</X>
          <Y>52</Y>
          <Delay>39</Delay>
        </MouseMovementEvent></MouseMovement></MacroEvent><MacroEvent><Type>2</Type><Delay>0</Delay><MouseEvent><MouseButton>1</MouseButton><State>1</State></MouseEvent></MacroEvent><MacroEvent><Type>2</Type><Delay>0</Delay><MouseEvent><MouseButton>1</MouseButton><State>0</State></MouseEvent></MacroEvent><MacroEvent><Type>3</Type><Delay>0</Delay><MouseMovement>
        <MouseMovementEvent>
          <Type>3</Type>
          <X>902</X>
          <Y>53</Y>
          <Delay>20</Delay>
        </MouseMovementEvent></MouseMovement></MacroEvent><MacroEvent><Type>3</Type><Delay>0</Delay><MouseMovement>
        <MouseMovementEvent>
          <Type>3</Type>
          <X>900</X>
          <Y>54</Y>
          <Delay>20</Delay>
        </MouseMovementEvent></MouseMovement></MacroEvent><MacroEvent><Type>3</Type><Delay>0</Delay><MouseMovement>
        <MouseMovementEvent>
          <Type>3</Type>
          <X>899</X>
          <Y>55</Y>
          <Delay>20</Delay>
        </MouseMovementEvent></MouseMovement></MacroEvent><MacroEvent><Type>2</Type><Delay>0</Delay><MouseEvent><MouseButton>1</MouseButton><State>1</State></MouseEvent></MacroEvent><MacroEvent><Type>2</Type><Delay>0</Delay><MouseEvent><MouseButton>1</MouseButton><State>0</State></MouseEvent></MacroEvent><MacroEvent><Type>3</Type><Delay>0</Delay><MouseMovement>
        <MouseMovementEvent>
          <Type>3</Type>
          <X>898</X>
          <Y>55</Y>
          <Delay>19</Delay>
        </MouseMovementEvent></MouseMovement></MacroEvent><MacroEvent><Type>3</Type><Delay>0</Delay><MouseMovement>
        <MouseMovementEvent>
          <Type>3</Type>
          <X>897</X>
          <Y>55</Y>
          <Delay>20</Delay>
        </MouseMovementEvent></MouseMovement></MacroEvent><MacroEvent><Type>3</Type><Delay>0</Delay><MouseMovement>
        <MouseMovementEvent>
          <Type>3</Type>
          <X>896</X>
          <Y>56</Y>
          <Delay>20</Delay>
        </MouseMovementEvent></MouseMovement></MacroEvent><MacroEvent><Type>2</Type><Delay>0</Delay><MouseEvent><MouseButton>1</MouseButton><State>1</State></MouseEvent></MacroEvent><MacroEvent><Type>2</Type><Delay>0</Delay><MouseEvent><MouseButton>1</MouseButton><State>0</State></MouseEvent></MacroEvent><MacroEvent><Type>3</Type><Delay>0</Delay><MouseMovement>
        <MouseMovementEvent>
          <Type>3</Type>
          <X>896</X>
          <Y>57</Y>
          <Delay>20</Delay>
        </MouseMovementEvent></MouseMovement></MacroEvent><MacroEvent><Type>3</Type><Delay>0</Delay><MouseMovement>
        <MouseMovementEvent>
          <Type>3</Type>
          <X>895</X>
          <Y>58</Y>
          <Delay>19</Delay>
        </MouseMovementEvent></MouseMovement></MacroEvent><MacroEvent><Type>3</Type><Delay>0</Delay><MouseMovement>
        <MouseMovementEvent>
          <Type>3</Type>
          <X>894</X>
          <Y>58</Y>
          <Delay>19</Delay>
        </MouseMovementEvent></MouseMovement></MacroEvent><MacroEvent><Type>2</Type><Delay>0</Delay><MouseEvent><MouseButton>1</MouseButton><State>1</State></MouseEvent></MacroEvent><MacroEvent><Type>2</Type><Delay>0</Delay><MouseEvent><MouseButton>1</MouseButton><State>0</State></MouseEvent></MacroEvent><MacroEvent><Type>3</Type><Delay>0</Delay><MouseMovement>
        <MouseMovementEvent>
          <Type>3</Type>
          <X>893</X>
          <Y>58</Y>
          <Delay>40</Delay>
        </MouseMovementEvent></MouseMovement></MacroEvent><MacroEvent><Type>3</Type><Delay>0</Delay><MouseMovement>
        <MouseMovementEvent>
          <Type>3</Type>
          <X>892</X>
          <Y>59</Y>
          <Delay>19</Delay>
        </MouseMovementEvent></MouseMovement></MacroEvent><MacroEvent><Type>3</Type><Delay>0</Delay><MouseMovement>
        <MouseMovementEvent>
          <Type>3</Type>
          <X>891</X>
          <Y>60</Y>
          <Delay>19</Delay>
        </MouseMovementEvent></MouseMovement></MacroEvent><MacroEvent><Type>2</Type><Delay>0</Delay><MouseEvent><MouseButton>1</MouseButton><State>1</State></MouseEvent></MacroEvent><MacroEvent><Type>2</Type><Delay>0</Delay><MouseEvent><MouseButton>1</MouseButton><State>0</State></MouseEvent></MacroEvent><MacroEvent><Type>3</Type><Delay>0</Delay><MouseMovement>
        <MouseMovementEvent>
          <Type>3</Type>
          <X>890</X>
          <Y>62</Y>
          <Delay>20</Delay>
        </MouseMovementEvent></MouseMovement></MacroEvent><MacroEvent><Type>3</Type><Delay>0</Delay><MouseMovement>
        <MouseMovementEvent>
          <Type>3</Type>
          <X>890</X>
          <Y>63</Y>
          <Delay>20</Delay>
        </MouseMovementEvent></MouseMovement></MacroEvent><MacroEvent><Type>3</Type><Delay>0</Delay><MouseMovement>
        <MouseMovementEvent>
          <Type>3</Type>
          <X>890</X>
          <Y>64</Y>
          <Delay>19</Delay>
        </MouseMovementEvent></MouseMovement></MacroEvent><MacroEvent><Type>2</Type><Delay>0</Delay><MouseEvent><MouseButton>1</MouseButton><State>1</State></MouseEvent></MacroEvent><MacroEvent><Type>2</Type><Delay>0</Delay><MouseEvent><MouseButton>1</MouseButton><State>0</State></MouseEvent></MacroEvent><MacroEvent><Type>3</Type><Delay>0</Delay><MouseMovement>
        <MouseMovementEvent>
          <Type>3</Type>
          <X>889</X>
          <Y>65</Y>
          <Delay>20</Delay>
        </MouseMovementEvent></MouseMovement></MacroEvent><MacroEvent><Type>3</Type><Delay>0</Delay><MouseMovement>
        <MouseMovementEvent>
          <Type>3</Type>
          <X>888</X>
          <Y>66</Y>
          <Delay>19</Delay>
        </MouseMovementEvent></MouseMovement></MacroEvent><MacroEvent><Type>3</Type><Delay>0</Delay><MouseMovement>
        <MouseMovementEvent>
          <Type>3</Type>
          <X>886</X>
          <Y>66</Y>
          <Delay>20</Delay>
        </MouseMovementEvent></MouseMovement></MacroEvent><MacroEvent><Type>2</Type><Delay>0</Delay><MouseEvent><MouseButton>1</MouseButton><State>1</State></MouseEvent></MacroEvent><MacroEvent><Type>2</Type><Delay>0</Delay><MouseEvent><MouseButton>1</MouseButton><State>0</State></MouseEvent></MacroEvent><MacroEvent><Type>3</Type><Delay>0</Delay><MouseMovement>
        <MouseMovementEvent>
          <Type>3</Type>
          <X>885</X>
          <Y>67</Y>
          <Delay>19</Delay>
        </MouseMovementEvent></MouseMovement></MacroEvent><MacroEvent><Type>3</Type><Delay>0</Delay><MouseMovement>
        <MouseMovementEvent>
          <Type>3</Type>
          <X>884</X>
          <Y>67</Y>
          <Delay>61</Delay>
        </MouseMovementEvent></MouseMovement></MacroEvent><MacroEvent><Type>3</Type><Delay>0</Delay><MouseMovement>
        <MouseMovementEvent>
          <Type>3</Type>
          <X>883</X>
          <Y>68</Y>
          <Delay>19</Delay>
        </MouseMovementEvent></MouseMovement></MacroEvent><MacroEvent><Type>2</Type><Delay>0</Delay><MouseEvent><MouseButton>1</MouseButton><State>1</State></MouseEvent></MacroEvent><MacroEvent><Type>2</Type><Delay>0</Delay><MouseEvent><MouseButton>1</MouseButton><State>0</State></MouseEvent></MacroEvent><MacroEvent><Type>3</Type><Delay>0</Delay><MouseMovement>
        <MouseMovementEvent>
          <Type>3</Type>
          <X>882</X>
          <Y>69</Y>
          <Delay>20</Delay>
        </MouseMovementEvent></MouseMovement></MacroEvent><MacroEvent><Type>3</Type><Delay>0</Delay><MouseMovement>
        <MouseMovementEvent>
          <Type>3</Type>
          <X>880</X>
          <Y>70</Y>
          <Delay>20</Delay>
        </MouseMovementEvent></MouseMovement></MacroEvent><MacroEvent><Type>3</Type><Delay>0</Delay><MouseMovement>
        <MouseMovementEvent>
          <Type>3</Type>
          <X>879</X>
          <Y>71</Y>
          <Delay>20</Delay>
        </MouseMovementEvent></MouseMovement></MacroEvent><MacroEvent><Type>2</Type><Delay>0</Delay><MouseEvent><MouseButton>1</MouseButton><State>1</State></MouseEvent></MacroEvent><MacroEvent><Type>2</Type><Delay>0</Delay><MouseEvent><MouseButton>1</MouseButton><State>0</State></MouseEvent></MacroEvent><MacroEvent><Type>3</Type><Delay>0</Delay><MouseMovement>
        <MouseMovementEvent>
          <Type>3</Type>
          <X>879</X>
          <Y>72</Y>
          <Delay>19</Delay>
        </MouseMovementEvent></MouseMovement></MacroEvent><MacroEvent><Type>3</Type><Delay>0</Delay><MouseMovement>
        <MouseMovementEvent>
          <Type>3</Type>
          <X>879</X>
          <Y>73</Y>
          <Delay>20</Delay>
        </MouseMovementEvent></MouseMovement></MacroEvent><MacroEvent><Type>3</Type><Delay>0</Delay><MouseMovement>
        <MouseMovementEvent>
          <Type>3</Type>
          <X>878</X>
          <Y>74</Y>
          <Delay>20</Delay>
        </MouseMovementEvent></MouseMovement></MacroEvent><MacroEvent><Type>2</Type><Delay>0</Delay><MouseEvent><MouseButton>1</MouseButton><State>1</State></MouseEvent></MacroEvent><MacroEvent><Type>2</Type><Delay>0</Delay><MouseEvent><MouseButton>1</MouseButton><State>0</State></MouseEvent></MacroEvent><MacroEvent><Type>3</Type><Delay>0</Delay><MouseMovement>
        <MouseMovementEvent>
          <Type>3</Type>
          <X>878</X>
          <Y>75</Y>
          <Delay>20</Delay>
        </MouseMovementEvent></MouseMovement></MacroEvent><MacroEvent><Type>3</Type><Delay>0</Delay><MouseMovement>
        <MouseMovementEvent>
          <Type>3</Type>
          <X>878</X>
          <Y>76</Y>
          <Delay>19</Delay>
        </MouseMovementEvent></MouseMovement></MacroEvent><MacroEvent><Type>3</Type><Delay>0</Delay><MouseMovement>
        <MouseMovementEvent>
          <Type>3</Type>
          <X>878</X>
          <Y>77</Y>
          <Delay>20</Delay>
        </MouseMovementEvent></MouseMovement></MacroEvent><MacroEvent><Type>2</Type><Delay>0</Delay><MouseEvent><MouseButton>1</MouseButton><State>1</State></MouseEvent></MacroEvent><MacroEvent><Type>2</Type><Delay>0</Delay><MouseEvent><MouseButton>1</MouseButton><State>0</State></MouseEvent></MacroEvent><MacroEvent><Type>3</Type><Delay>0</Delay><MouseMovement>
        <MouseMovementEvent>
          <Type>3</Type>
          <X>877</X>
          <Y>78</Y>
          <Delay>19</Delay>
        </MouseMovementEvent></MouseMovement></MacroEvent><MacroEvent><Type>3</Type><Delay>0</Delay><MouseMovement>
        <MouseMovementEvent>
          <Type>3</Type>
          <X>877</X>
          <Y>79</Y>
          <Delay>20</Delay>
        </MouseMovementEvent></MouseMovement></MacroEvent><MacroEvent><Type>3</Type><Delay>0</Delay><MouseMovement>
        <MouseMovementEvent>
          <Type>3</Type>
          <X>876</X>
          <Y>80</Y>
          <Delay>20</Delay>
        </MouseMovementEvent></MouseMovement></MacroEvent><MacroEvent><Type>2</Type><Delay>0</Delay><MouseEvent><MouseButton>1</MouseButton><State>1</State></MouseEvent></MacroEvent><MacroEvent><Type>2</Type><Delay>0</Delay><MouseEvent><MouseButton>1</MouseButton><State>0</State></MouseEvent></MacroEvent><MacroEvent><Type>3</Type><Delay>0</Delay><MouseMovement>
        <MouseMovementEvent>
          <Type>3</Type>
          <X>876</X>
          <Y>81</Y>
          <Delay>20</Delay>
        </MouseMovementEvent></MouseMovement></MacroEvent><MacroEvent><Type>3</Type><Delay>0</Delay><MouseMovement>
        <MouseMovementEvent>
          <Type>3</Type>
          <X>876</X>
          <Y>82</Y>
          <Delay>19</Delay>
        </MouseMovementEvent></MouseMovement></MacroEvent><MacroEvent><Type>3</Type><Delay>0</Delay><MouseMovement>
        <MouseMovementEvent>
          <Type>3</Type>
          <X>876</X>
          <Y>83</Y>
          <Delay>19</Delay>
        </MouseMovementEvent></MouseMovement></MacroEvent><MacroEvent><Type>2</Type><Delay>0</Delay><MouseEvent><MouseButton>1</MouseButton><State>1</State></MouseEvent></MacroEvent><MacroEvent><Type>2</Type><Delay>0</Delay><MouseEvent><MouseButton>1</MouseButton><State>0</State></MouseEvent></MacroEvent><MacroEvent><Type>3</Type><Delay>0</Delay><MouseMovement>
        <MouseMovementEvent>
          <Type>3</Type>
          <X>875</X>
          <Y>84</Y>
          <Delay>19</Delay>
        </MouseMovementEvent></MouseMovement></MacroEvent><MacroEvent><Type>3</Type><Delay>0</Delay><MouseMovement>
        <MouseMovementEvent>
          <Type>3</Type>
          <X>875</X>
          <Y>85</Y>
          <Delay>20</Delay>
        </MouseMovementEvent></MouseMovement></MacroEvent><MacroEvent><Type>3</Type><Delay>0</Delay><MouseMovement>
        <MouseMovementEvent>
          <Type>3</Type>
          <X>874</X>
          <Y>86</Y>
          <Delay>20</Delay>
        </MouseMovementEvent></MouseMovement></MacroEvent><MacroEvent><Type>2</Type><Delay>0</Delay><MouseEvent><MouseButton>1</MouseButton><State>1</State></MouseEvent></MacroEvent><MacroEvent><Type>2</Type><Delay>0</Delay><MouseEvent><MouseButton>1</MouseButton><State>0</State></MouseEvent></MacroEvent><MacroEvent><Type>3</Type><Delay>0</Delay><MouseMovement>
        <MouseMovementEvent>
          <Type>3</Type>
          <X>873</X>
          <Y>87</Y>
          <Delay>20</Delay>
        </MouseMovementEvent></MouseMovement></MacroEvent><MacroEvent><Type>3</Type><Delay>0</Delay><MouseMovement>
        <MouseMovementEvent>
          <Type>3</Type>
          <X>872</X>
          <Y>88</Y>
          <Delay>19</Delay>
        </MouseMovementEvent></MouseMovement></MacroEvent><MacroEvent><Type>3</Type><Delay>0</Delay><MouseMovement>
        <MouseMovementEvent>
          <Type>3</Type>
          <X>871</X>
          <Y>89</Y>
          <Delay>39</Delay>
        </MouseMovementEvent></MouseMovement></MacroEvent><MacroEvent><Type>2</Type><Delay>0</Delay><MouseEvent><MouseButton>1</MouseButton><State>1</State></MouseEvent></MacroEvent><MacroEvent><Type>2</Type><Delay>0</Delay><MouseEvent><MouseButton>1</MouseButton><State>0</State></MouseEvent></MacroEvent><MacroEvent><Type>3</Type><Delay>0</Delay><MouseMovement>
        <MouseMovementEvent>
          <Type>3</Type>
          <X>871</X>
          <Y>90</Y>
          <Delay>20</Delay>
        </MouseMovementEvent></MouseMovement></MacroEvent><MacroEvent><Type>3</Type><Delay>0</Delay><MouseMovement>
        <MouseMovementEvent>
          <Type>3</Type>
          <X>870</X>
          <Y>91</Y>
          <Delay>20</Delay>
        </MouseMovementEvent></MouseMovement></MacroEvent><MacroEvent><Type>3</Type><Delay>0</Delay><MouseMovement>
        <MouseMovementEvent>
          <Type>3</Type>
          <X>870</X>
          <Y>92</Y>
          <Delay>20</Delay>
        </MouseMovementEvent></MouseMovement></MacroEvent><MacroEvent><Type>2</Type><Delay>0</Delay><MouseEvent><MouseButton>1</MouseButton><State>1</State></MouseEvent></MacroEvent><MacroEvent><Type>2</Type><Delay>0</Delay><MouseEvent><MouseButton>1</MouseButton><State>0</State></MouseEvent></MacroEvent><MacroEvent><Type>3</Type><Delay>0</Delay><MouseMovement>
        <MouseMovementEvent>
          <Type>3</Type>
          <X>870</X>
          <Y>93</Y>
          <Delay>19</Delay>
        </MouseMovementEvent></MouseMovement></MacroEvent><MacroEvent><Type>3</Type><Delay>0</Delay><MouseMovement>
        <MouseMovementEvent>
          <Type>3</Type>
          <X>869</X>
          <Y>94</Y>
          <Delay>39</Delay>
        </MouseMovementEvent></MouseMovement></MacroEvent><MacroEvent><Type>3</Type><Delay>0</Delay><MouseMovement>
        <MouseMovementEvent>
          <Type>3</Type>
          <X>869</X>
          <Y>95</Y>
          <Delay>20</Delay>
        </MouseMovementEvent></MouseMovement></MacroEvent><MacroEvent><Type>2</Type><Delay>0</Delay><MouseEvent><MouseButton>1</MouseButton><State>1</State></MouseEvent></MacroEvent><MacroEvent><Type>2</Type><Delay>0</Delay><MouseEvent><MouseButton>1</MouseButton><State>0</State></MouseEvent></MacroEvent><MacroEvent><Type>3</Type><Delay>0</Delay><MouseMovement>
        <MouseMovementEvent>
          <Type>3</Type>
          <X>868</X>
          <Y>97</Y>
          <Delay>20</Delay>
        </MouseMovementEvent></MouseMovement></MacroEvent><MacroEvent><Type>3</Type><Delay>0</Delay><MouseMovement>
        <MouseMovementEvent>
          <Type>3</Type>
          <X>868</X>
          <Y>98</Y>
          <Delay>20</Delay>
        </MouseMovementEvent></MouseMovement></MacroEvent><MacroEvent><Type>3</Type><Delay>0</Delay><MouseMovement>
        <MouseMovementEvent>
          <Type>3</Type>
          <X>868</X>
          <Y>100</Y>
          <Delay>19</Delay>
        </MouseMovementEvent></MouseMovement></MacroEvent><MacroEvent><Type>2</Type><Delay>0</Delay><MouseEvent><MouseButton>1</MouseButton><State>1</State></MouseEvent></MacroEvent><MacroEvent><Type>2</Type><Delay>0</Delay><MouseEvent><MouseButton>1</MouseButton><State>0</State></MouseEvent></MacroEvent><MacroEvent><Type>3</Type><Delay>0</Delay><MouseMovement>
        <MouseMovementEvent>
          <Type>3</Type>
          <X>868</X>
          <Y>101</Y>
          <Delay>20</Delay>
        </MouseMovementEvent></MouseMovement></MacroEvent><MacroEvent><Type>3</Type><Delay>0</Delay><MouseMovement>
        <MouseMovementEvent>
          <Type>3</Type>
          <X>867</X>
          <Y>102</Y>
          <Delay>19</Delay>
        </MouseMovementEvent></MouseMovement></MacroEvent><MacroEvent><Type>3</Type><Delay>0</Delay><MouseMovement>
        <MouseMovementEvent>
          <Type>3</Type>
          <X>867</X>
          <Y>104</Y>
          <Delay>278</Delay>
        </MouseMovementEvent></MouseMovement></MacroEvent><MacroEvent><Type>2</Type><Delay>0</Delay><MouseEvent><MouseButton>1</MouseButton><State>1</State></MouseEvent></MacroEvent><MacroEvent><Type>2</Type><Delay>0</Delay><MouseEvent><MouseButton>1</MouseButton><State>0</State></MouseEvent></MacroEvent><MacroEvent><Type>3</Type><Delay>0</Delay><MouseMovement>
        <MouseMovementEvent>
          <Type>3</Type>
          <X>866</X>
          <Y>106</Y>
          <Delay>20</Delay>
        </MouseMovementEvent></MouseMovement></MacroEvent><MacroEvent><Type>3</Type><Delay>0</Delay><MouseMovement>
        <MouseMovementEvent>
          <Type>3</Type>
          <X>866</X>
          <Y>108</Y>
          <Delay>20</Delay>
        </MouseMovementEvent></MouseMovement></MacroEvent><MacroEvent><Type>3</Type><Delay>0</Delay><MouseMovement>
        <MouseMovementEvent>
          <Type>3</Type>
          <X>866</X>
          <Y>110</Y>
          <Delay>19</Delay>
        </MouseMovementEvent></MouseMovement></MacroEvent><MacroEvent><Type>2</Type><Delay>0</Delay><MouseEvent><MouseButton>1</MouseButton><State>1</State></MouseEvent></MacroEvent><MacroEvent><Type>2</Type><Delay>0</Delay><MouseEvent><MouseButton>1</MouseButton><State>0</State></MouseEvent></MacroEvent><MacroEvent><Type>3</Type><Delay>0</Delay><MouseMovement>
        <MouseMovementEvent>
          <Type>3</Type>
          <X>866</X>
          <Y>111</Y>
          <Delay>20</Delay>
        </MouseMovementEvent></MouseMovement></MacroEvent><MacroEvent><Type>3</Type><Delay>0</Delay><MouseMovement>
        <MouseMovementEvent>
          <Type>3</Type>
          <X>867</X>
          <Y>112</Y>
          <Delay>19</Delay>
        </MouseMovementEvent></MouseMovement></MacroEvent><MacroEvent><Type>3</Type><Delay>0</Delay><MouseMovement>
        <MouseMovementEvent>
          <Type>3</Type>
          <X>867</X>
          <Y>113</Y>
          <Delay>20</Delay>
        </MouseMovementEvent></MouseMovement></MacroEvent><MacroEvent><Type>2</Type><Delay>0</Delay><MouseEvent><MouseButton>1</MouseButton><State>1</State></MouseEvent></MacroEvent><MacroEvent><Type>2</Type><Delay>0</Delay><MouseEvent><MouseButton>1</MouseButton><State>0</State></MouseEvent></MacroEvent><MacroEvent><Type>3</Type><Delay>0</Delay><MouseMovement>
        <MouseMovementEvent>
          <Type>3</Type>
          <X>868</X>
          <Y>114</Y>
          <Delay>20</Delay>
        </MouseMovementEvent></MouseMovement></MacroEvent><MacroEvent><Type>3</Type><Delay>0</Delay><MouseMovement>
        <MouseMovementEvent>
          <Type>3</Type>
          <X>868</X>
          <Y>116</Y>
          <Delay>20</Delay>
        </MouseMovementEvent></MouseMovement></MacroEvent><MacroEvent><Type>3</Type><Delay>0</Delay><MouseMovement>
        <MouseMovementEvent>
          <Type>3</Type>
          <X>868</X>
          <Y>118</Y>
          <Delay>19</Delay>
        </MouseMovementEvent></MouseMovement></MacroEvent><MacroEvent><Type>2</Type><Delay>0</Delay><MouseEvent><MouseButton>1</MouseButton><State>1</State></MouseEvent></MacroEvent><MacroEvent><Type>2</Type><Delay>0</Delay><MouseEvent><MouseButton>1</MouseButton><State>0</State></MouseEvent></MacroEvent><MacroEvent><Type>3</Type><Delay>0</Delay><MouseMovement>
        <MouseMovementEvent>
          <Type>3</Type>
          <X>868</X>
          <Y>119</Y>
          <Delay>20</Delay>
        </MouseMovementEvent></MouseMovement></MacroEvent><MacroEvent><Type>3</Type><Delay>0</Delay><MouseMovement>
        <MouseMovementEvent>
          <Type>3</Type>
          <X>868</X>
          <Y>120</Y>
          <Delay>19</Delay>
        </MouseMovementEvent></MouseMovement></MacroEvent><MacroEvent><Type>3</Type><Delay>0</Delay><MouseMovement>
        <MouseMovementEvent>
          <Type>3</Type>
          <X>868</X>
          <Y>121</Y>
          <Delay>18</Delay>
        </MouseMovementEvent></MouseMovement></MacroEvent><MacroEvent><Type>2</Type><Delay>0</Delay><MouseEvent><MouseButton>1</MouseButton><State>1</State></MouseEvent></MacroEvent><MacroEvent><Type>2</Type><Delay>0</Delay><MouseEvent><MouseButton>1</MouseButton><State>0</State></MouseEvent></MacroEvent><MacroEvent><Type>3</Type><Delay>0</Delay><MouseMovement>
        <MouseMovementEvent>
          <Type>3</Type>
          <X>868</X>
          <Y>122</Y>
          <Delay>20</Delay>
        </MouseMovementEvent></MouseMovement></MacroEvent><MacroEvent><Type>3</Type><Delay>0</Delay><MouseMovement>
        <MouseMovementEvent>
          <Type>3</Type>
          <X>868</X>
          <Y>124</Y>
          <Delay>20</Delay>
        </MouseMovementEvent></MouseMovement></MacroEvent><MacroEvent><Type>3</Type><Delay>0</Delay><MouseMovement>
        <MouseMovementEvent>
          <Type>3</Type>
          <X>868</X>
          <Y>126</Y>
          <Delay>20</Delay>
        </MouseMovementEvent></MouseMovement></MacroEvent><MacroEvent><Type>2</Type><Delay>0</Delay><MouseEvent><MouseButton>1</MouseButton><State>1</State></MouseEvent></MacroEvent><MacroEvent><Type>2</Type><Delay>0</Delay><MouseEvent><MouseButton>1</MouseButton><State>0</State></MouseEvent></MacroEvent><MacroEvent><Type>3</Type><Delay>0</Delay><MouseMovement>
        <MouseMovementEvent>
          <Type>3</Type>
          <X>868</X>
          <Y>127</Y>
          <Delay>19</Delay>
        </MouseMovementEvent></MouseMovement></MacroEvent><MacroEvent><Type>3</Type><Delay>0</Delay><MouseMovement>
        <MouseMovementEvent>
          <Type>3</Type>
          <X>868</X>
          <Y>128</Y>
          <Delay>20</Delay>
        </MouseMovementEvent></MouseMovement></MacroEvent><MacroEvent><Type>3</Type><Delay>0</Delay><MouseMovement>
        <MouseMovementEvent>
          <Type>3</Type>
          <X>868</X>
          <Y>129</Y>
          <Delay>19</Delay>
        </MouseMovementEvent></MouseMovement></MacroEvent><MacroEvent><Type>2</Type><Delay>0</Delay><MouseEvent><MouseButton>1</MouseButton><State>1</State></MouseEvent></MacroEvent><MacroEvent><Type>2</Type><Delay>0</Delay><MouseEvent><MouseButton>1</MouseButton><State>0</State></MouseEvent></MacroEvent><MacroEvent><Type>3</Type><Delay>0</Delay><MouseMovement>
        <MouseMovementEvent>
          <Type>3</Type>
          <X>867</X>
          <Y>131</Y>
          <Delay>19</Delay>
        </MouseMovementEvent></MouseMovement></MacroEvent><MacroEvent><Type>3</Type><Delay>0</Delay><MouseMovement>
        <MouseMovementEvent>
          <Type>3</Type>
          <X>867</X>
          <Y>133</Y>
          <Delay>20</Delay>
        </MouseMovementEvent></MouseMovement></MacroEvent><MacroEvent><Type>3</Type><Delay>0</Delay><MouseMovement>
        <MouseMovementEvent>
          <Type>3</Type>
          <X>867</X>
          <Y>134</Y>
          <Delay>20</Delay>
        </MouseMovementEvent></MouseMovement></MacroEvent><MacroEvent><Type>2</Type><Delay>0</Delay><MouseEvent><MouseButton>1</MouseButton><State>1</State></MouseEvent></MacroEvent><MacroEvent><Type>2</Type><Delay>0</Delay><MouseEvent><MouseButton>1</MouseButton><State>0</State></MouseEvent></MacroEvent><MacroEvent><Type>3</Type><Delay>0</Delay><MouseMovement>
        <MouseMovementEvent>
          <Type>3</Type>
          <X>867</X>
          <Y>135</Y>
          <Delay>20</Delay>
        </MouseMovementEvent></MouseMovement></MacroEvent><MacroEvent><Type>3</Type><Delay>0</Delay><MouseMovement>
        <MouseMovementEvent>
          <Type>3</Type>
          <X>867</X>
          <Y>136</Y>
          <Delay>19</Delay>
        </MouseMovementEvent></MouseMovement></MacroEvent><MacroEvent><Type>3</Type><Delay>0</Delay><MouseMovement>
        <MouseMovementEvent>
          <Type>3</Type>
          <X>867</X>
          <Y>137</Y>
          <Delay>20</Delay>
        </MouseMovementEvent></MouseMovement></MacroEvent><MacroEvent><Type>2</Type><Delay>0</Delay><MouseEvent><MouseButton>1</MouseButton><State>1</State></MouseEvent></MacroEvent><MacroEvent><Type>2</Type><Delay>0</Delay><MouseEvent><MouseButton>1</MouseButton><State>0</State></MouseEvent></MacroEvent><MacroEvent><Type>3</Type><Delay>0</Delay><MouseMovement>
        <MouseMovementEvent>
          <Type>3</Type>
          <X>866</X>
          <Y>138</Y>
          <Delay>19</Delay>
        </MouseMovementEvent></MouseMovement></MacroEvent><MacroEvent><Type>3</Type><Delay>0</Delay><MouseMovement>
        <MouseMovementEvent>
          <Type>3</Type>
          <X>866</X>
          <Y>139</Y>
          <Delay>20</Delay>
        </MouseMovementEvent></MouseMovement></MacroEvent><MacroEvent><Type>3</Type><Delay>0</Delay><MouseMovement>
        <MouseMovementEvent>
          <Type>3</Type>
          <X>866</X>
          <Y>141</Y>
          <Delay>20</Delay>
        </MouseMovementEvent></MouseMovement></MacroEvent><MacroEvent><Type>2</Type><Delay>0</Delay><MouseEvent><MouseButton>1</MouseButton><State>1</State></MouseEvent></MacroEvent><MacroEvent><Type>2</Type><Delay>0</Delay><MouseEvent><MouseButton>1</MouseButton><State>0</State></MouseEvent></MacroEvent><MacroEvent><Type>3</Type><Delay>0</Delay><MouseMovement>
        <MouseMovementEvent>
          <Type>3</Type>
          <X>866</X>
          <Y>143</Y>
          <Delay>20</Delay>
        </MouseMovementEvent></MouseMovement></MacroEvent><MacroEvent><Type>3</Type><Delay>0</Delay><MouseMovement>
        <MouseMovementEvent>
          <Type>3</Type>
          <X>866</X>
          <Y>144</Y>
          <Delay>19</Delay>
        </MouseMovementEvent></MouseMovement></MacroEvent><MacroEvent><Type>3</Type><Delay>0</Delay><MouseMovement>
        <MouseMovementEvent>
          <Type>3</Type>
          <X>865</X>
          <Y>145</Y>
          <Delay>20</Delay>
        </MouseMovementEvent></MouseMovement></MacroEvent><MacroEvent><Type>2</Type><Delay>0</Delay><MouseEvent><MouseButton>1</MouseButton><State>1</State></MouseEvent></MacroEvent><MacroEvent><Type>2</Type><Delay>0</Delay><MouseEvent><MouseButton>1</MouseButton><State>0</State></MouseEvent></MacroEvent><MacroEvent><Type>3</Type><Delay>0</Delay><MouseMovement>
        <MouseMovementEvent>
          <Type>3</Type>
          <X>864</X>
          <Y>146</Y>
          <Delay>19</Delay>
        </MouseMovementEvent></MouseMovement></MacroEvent><MacroEvent><Type>3</Type><Delay>0</Delay><MouseMovement>
        <MouseMovementEvent>
          <Type>3</Type>
          <X>863</X>
          <Y>148</Y>
          <Delay>18</Delay>
        </MouseMovementEvent></MouseMovement></MacroEvent><MacroEvent><Type>3</Type><Delay>0</Delay><MouseMovement>
        <MouseMovementEvent>
          <Type>3</Type>
          <X>863</X>
          <Y>150</Y>
          <Delay>21</Delay>
        </MouseMovementEvent></MouseMovement></MacroEvent><MacroEvent><Type>2</Type><Delay>0</Delay><MouseEvent><MouseButton>1</MouseButton><State>1</State></MouseEvent></MacroEvent><MacroEvent><Type>2</Type><Delay>0</Delay><MouseEvent><MouseButton>1</MouseButton><State>0</State></MouseEvent></MacroEvent><MacroEvent><Type>3</Type><Delay>0</Delay><MouseMovement>
        <MouseMovementEvent>
          <Type>3</Type>
          <X>863</X>
          <Y>151</Y>
          <Delay>19</Delay>
        </MouseMovementEvent></MouseMovement></MacroEvent><MacroEvent><Type>3</Type><Delay>0</Delay><MouseMovement>
        <MouseMovementEvent>
          <Type>3</Type>
          <X>862</X>
          <Y>152</Y>
          <Delay>20</Delay>
        </MouseMovementEvent></MouseMovement></MacroEvent><MacroEvent><Type>3</Type><Delay>0</Delay><MouseMovement>
        <MouseMovementEvent>
          <Type>3</Type>
          <X>861</X>
          <Y>153</Y>
          <Delay>19</Delay>
        </MouseMovementEvent></MouseMovement></MacroEvent><MacroEvent><Type>2</Type><Delay>0</Delay><MouseEvent><MouseButton>1</MouseButton><State>1</State></MouseEvent></MacroEvent><MacroEvent><Type>2</Type><Delay>0</Delay><MouseEvent><MouseButton>1</MouseButton><State>0</State></MouseEvent></MacroEvent><MacroEvent><Type>3</Type><Delay>0</Delay><MouseMovement>
        <MouseMovementEvent>
          <Type>3</Type>
          <X>861</X>
          <Y>154</Y>
          <Delay>20</Delay>
        </MouseMovementEvent></MouseMovement></MacroEvent><MacroEvent><Type>3</Type><Delay>0</Delay><MouseMovement>
        <MouseMovementEvent>
          <Type>3</Type>
          <X>860</X>
          <Y>155</Y>
          <Delay>19</Delay>
        </MouseMovementEvent></MouseMovement></MacroEvent><MacroEvent><Type>3</Type><Delay>0</Delay><MouseMovement>
        <MouseMovementEvent>
          <Type>3</Type>
          <X>860</X>
          <Y>156</Y>
          <Delay>19</Delay>
        </MouseMovementEvent></MouseMovement></MacroEvent><MacroEvent><Type>2</Type><Delay>0</Delay><MouseEvent><MouseButton>1</MouseButton><State>1</State></MouseEvent></MacroEvent><MacroEvent><Type>2</Type><Delay>0</Delay><MouseEvent><MouseButton>1</MouseButton><State>0</State></MouseEvent></MacroEvent><MacroEvent><Type>3</Type><Delay>0</Delay><MouseMovement>
        <MouseMovementEvent>
          <Type>3</Type>
          <X>860</X>
          <Y>157</Y>
          <Delay>20</Delay>
        </MouseMovementEvent></MouseMovement></MacroEvent><MacroEvent><Type>3</Type><Delay>0</Delay><MouseMovement>
        <MouseMovementEvent>
          <Type>3</Type>
          <X>859</X>
          <Y>158</Y>
          <Delay>20</Delay>
        </MouseMovementEvent></MouseMovement></MacroEvent><MacroEvent><Type>3</Type><Delay>0</Delay><MouseMovement>
        <MouseMovementEvent>
          <Type>3</Type>
          <X>858</X>
          <Y>159</Y>
          <Delay>19</Delay>
        </MouseMovementEvent></MouseMovement></MacroEvent><MacroEvent><Type>2</Type><Delay>0</Delay><MouseEvent><MouseButton>1</MouseButton><State>1</State></MouseEvent></MacroEvent><MacroEvent><Type>2</Type><Delay>0</Delay><MouseEvent><MouseButton>1</MouseButton><State>0</State></MouseEvent></MacroEvent><MacroEvent><Type>3</Type><Delay>0</Delay><MouseMovement>
        <MouseMovementEvent>
          <Type>3</Type>
          <X>858</X>
          <Y>160</Y>
          <Delay>20</Delay>
        </MouseMovementEvent></MouseMovement></MacroEvent><MacroEvent><Type>3</Type><Delay>0</Delay><MouseMovement>
        <MouseMovementEvent>
          <Type>3</Type>
          <X>857</X>
          <Y>161</Y>
          <Delay>19</Delay>
        </MouseMovementEvent></MouseMovement></MacroEvent><MacroEvent><Type>3</Type><Delay>0</Delay><MouseMovement>
        <MouseMovementEvent>
          <Type>3</Type>
          <X>856</X>
          <Y>163</Y>
          <Delay>19</Delay>
        </MouseMovementEvent></MouseMovement></MacroEvent><MacroEvent><Type>2</Type><Delay>0</Delay><MouseEvent><MouseButton>1</MouseButton><State>1</State></MouseEvent></MacroEvent><MacroEvent><Type>2</Type><Delay>0</Delay><MouseEvent><MouseButton>1</MouseButton><State>0</State></MouseEvent></MacroEvent><MacroEvent><Type>3</Type><Delay>0</Delay><MouseMovement>
        <MouseMovementEvent>
          <Type>3</Type>
          <X>856</X>
          <Y>165</Y>
          <Delay>20</Delay>
        </MouseMovementEvent></MouseMovement></MacroEvent><MacroEvent><Type>3</Type><Delay>0</Delay><MouseMovement>
        <MouseMovementEvent>
          <Type>3</Type>
          <X>856</X>
          <Y>166</Y>
          <Delay>20</Delay>
        </MouseMovementEvent></MouseMovement></MacroEvent><MacroEvent><Type>3</Type><Delay>0</Delay><MouseMovement>
        <MouseMovementEvent>
          <Type>3</Type>
          <X>856</X>
          <Y>167</Y>
          <Delay>20</Delay>
        </MouseMovementEvent></MouseMovement></MacroEvent><MacroEvent><Type>2</Type><Delay>0</Delay><MouseEvent><MouseButton>1</MouseButton><State>1</State></MouseEvent></MacroEvent><MacroEvent><Type>2</Type><Delay>0</Delay><MouseEvent><MouseButton>1</MouseButton><State>0</State></MouseEvent></MacroEvent><MacroEvent><Type>3</Type><Delay>0</Delay><MouseMovement>
        <MouseMovementEvent>
          <Type>3</Type>
          <X>856</X>
          <Y>168</Y>
          <Delay>19</Delay>
        </MouseMovementEvent></MouseMovement></MacroEvent><MacroEvent><Type>3</Type><Delay>0</Delay><MouseMovement>
        <MouseMovementEvent>
          <Type>3</Type>
          <X>856</X>
          <Y>169</Y>
          <Delay>19</Delay>
        </MouseMovementEvent></MouseMovement></MacroEvent><MacroEvent><Type>3</Type><Delay>0</Delay><MouseMovement>
        <MouseMovementEvent>
          <Type>3</Type>
          <X>855</X>
          <Y>170</Y>
          <Delay>19</Delay>
        </MouseMovementEvent></MouseMovement></MacroEvent><MacroEvent><Type>3</Type><Delay>0</Delay><MouseMovement>
      </MouseMovement>
    </MacroEvent>
    <MacroEvent>
      <Type>2</Type>
      <Delay>300</Delay>
      <MouseEvent>
        <MouseButton>1</MouseButton>
        <State>1</State>
      </MouseEvent>
    </MacroEvent>
  </MacroEvents>
  <IsFolder>false</IsFolder>
  <FolderGuid>00000000-0000-0000-0000-000000000000</FolderGuid>
</Macro>