﻿<?xml version="1.0" encoding="utf-8"?>
<Macro xmlns:xsi="http://www.w3.org/2001/XMLSchema-instance" xmlns:xsd="http://www.w3.org/2001/XMLSchema">
  <Name>ColdWar-FARA83</Name>
  <Guid>0d357d71-bd92-4ec8-87c8-bec13ff95e9a</Guid>
  <MacroEvents>
    <MacroEvent>
      <Type>2</Type>
      <MouseEvent>
        <MouseButton>1</MouseButton>
        <State>0</State>
      </MouseEvent>
    </MacroEvent>
    <MacroEvent>
      <Type>3</Type>
      <Delay>8</Delay>
      <MouseMovement>
        <MouseMovementEvent>
          <Type>3</Type>
          <X>888</X>
          <Y>204</Y>
        </MouseMovementEvent></MouseMovement></MacroEvent><MacroEvent><Type>3</Type><Delay>0</Delay><MouseMovement>
        <MouseMovementEvent>
          <Type>3</Type>
          <X>886</X>
          <Y>206</Y>
          <Delay>87</Delay>
        </MouseMovementEvent></MouseMovement></MacroEvent><MacroEvent><Type>3</Type><Delay>0</Delay><MouseMovement>
        <MouseMovementEvent>
          <Type>3</Type>
          <X>884</X>
          <Y>208</Y>
          <Delay>20</Delay>
        </MouseMovementEvent></MouseMovement></MacroEvent><MacroEvent><Type>2</Type><Delay>0</Delay><MouseEvent><MouseButton>1</MouseButton><State>1</State></MouseEvent></MacroEvent><MacroEvent><Type>2</Type><Delay>0</Delay><MouseEvent><MouseButton>1</MouseButton><State>0</State></MouseEvent></MacroEvent><MacroEvent><Type>3</Type><Delay>0</Delay><MouseMovement>
        <MouseMovementEvent>
          <Type>3</Type>
          <X>882</X>
          <Y>210</Y>
          <Delay>20</Delay>
        </MouseMovementEvent></MouseMovement></MacroEvent><MacroEvent><Type>3</Type><Delay>0</Delay><MouseMovement>
        <MouseMovementEvent>
          <Type>3</Type>
          <X>880</X>
          <Y>212</Y>
          <Delay>19</Delay>
        </MouseMovementEvent></MouseMovement></MacroEvent><MacroEvent><Type>3</Type><Delay>0</Delay><MouseMovement>
        <MouseMovementEvent>
          <Type>3</Type>
          <X>879</X>
          <Y>213</Y>
          <Delay>10</Delay>
        </MouseMovementEvent></MouseMovement></MacroEvent><MacroEvent><Type>2</Type><Delay>0</Delay><MouseEvent><MouseButton>1</MouseButton><State>1</State></MouseEvent></MacroEvent><MacroEvent><Type>2</Type><Delay>0</Delay><MouseEvent><MouseButton>1</MouseButton><State>0</State></MouseEvent></MacroEvent><MacroEvent><Type>3</Type><Delay>0</Delay><MouseMovement>
        <MouseMovementEvent>
          <Type>3</Type>
          <X>878</X>
          <Y>214</Y>
          <Delay>10</Delay>
        </MouseMovementEvent></MouseMovement></MacroEvent><MacroEvent><Type>3</Type><Delay>0</Delay><MouseMovement>
        <MouseMovementEvent>
          <Type>3</Type>
          <X>877</X>
          <Y>215</Y>
          <Delay>10</Delay>
        </MouseMovementEvent></MouseMovement></MacroEvent><MacroEvent><Type>3</Type><Delay>0</Delay><MouseMovement>
        <MouseMovementEvent>
          <Type>3</Type>
          <X>877</X>
          <Y>216</Y>
          <Delay>10</Delay>
        </MouseMovementEvent></MouseMovement></MacroEvent><MacroEvent><Type>2</Type><Delay>0</Delay><MouseEvent><MouseButton>1</MouseButton><State>1</State></MouseEvent></MacroEvent><MacroEvent><Type>2</Type><Delay>0</Delay><MouseEvent><MouseButton>1</MouseButton><State>0</State></MouseEvent></MacroEvent><MacroEvent><Type>3</Type><Delay>0</Delay><MouseMovement>
        <MouseMovementEvent>
          <Type>3</Type>
          <X>877</X>
          <Y>217</Y>
          <Delay>10</Delay>
        </MouseMovementEvent></MouseMovement></MacroEvent><MacroEvent><Type>3</Type><Delay>0</Delay><MouseMovement>
        <MouseMovementEvent>
          <Type>3</Type>
          <X>877</X>
          <Y>218</Y>
          <Delay>10</Delay>
        </MouseMovementEvent></MouseMovement></MacroEvent><MacroEvent><Type>3</Type><Delay>0</Delay><MouseMovement>
        <MouseMovementEvent>
          <Type>3</Type>
          <X>876</X>
          <Y>219</Y>
          <Delay>10</Delay>
        </MouseMovementEvent></MouseMovement></MacroEvent><MacroEvent><Type>2</Type><Delay>0</Delay><MouseEvent><MouseButton>1</MouseButton><State>1</State></MouseEvent></MacroEvent><MacroEvent><Type>2</Type><Delay>0</Delay><MouseEvent><MouseButton>1</MouseButton><State>0</State></MouseEvent></MacroEvent><MacroEvent><Type>3</Type><Delay>0</Delay><MouseMovement>
        <MouseMovementEvent>
          <Type>3</Type>
          <X>875</X>
          <Y>220</Y>
          <Delay>9</Delay>
        </MouseMovementEvent></MouseMovement></MacroEvent><MacroEvent><Type>3</Type><Delay>0</Delay><MouseMovement>
        <MouseMovementEvent>
          <Type>3</Type>
          <X>875</X>
          <Y>221</Y>
          <Delay>20</Delay>
        </MouseMovementEvent></MouseMovement></MacroEvent><MacroEvent><Type>3</Type><Delay>0</Delay><MouseMovement>
        <MouseMovementEvent>
          <Type>3</Type>
          <X>875</X>
          <Y>222</Y>
          <Delay>20</Delay>
        </MouseMovementEvent></MouseMovement></MacroEvent><MacroEvent><Type>2</Type><Delay>0</Delay><MouseEvent><MouseButton>1</MouseButton><State>1</State></MouseEvent></MacroEvent><MacroEvent><Type>2</Type><Delay>0</Delay><MouseEvent><MouseButton>1</MouseButton><State>0</State></MouseEvent></MacroEvent><MacroEvent><Type>3</Type><Delay>0</Delay><MouseMovement>
        <MouseMovementEvent>
          <Type>3</Type>
          <X>875</X>
          <Y>223</Y>
          <Delay>20</Delay>
        </MouseMovementEvent></MouseMovement></MacroEvent><MacroEvent><Type>3</Type><Delay>0</Delay><MouseMovement>
        <MouseMovementEvent>
          <Type>3</Type>
          <X>875</X>
          <Y>224</Y>
          <Delay>19</Delay>
        </MouseMovementEvent></MouseMovement></MacroEvent><MacroEvent><Type>3</Type><Delay>0</Delay><MouseMovement>
        <MouseMovementEvent>
          <Type>3</Type>
          <X>875</X>
          <Y>225</Y>
          <Delay>20</Delay>
        </MouseMovementEvent></MouseMovement></MacroEvent><MacroEvent><Type>2</Type><Delay>0</Delay><MouseEvent><MouseButton>1</MouseButton><State>1</State></MouseEvent></MacroEvent><MacroEvent><Type>2</Type><Delay>0</Delay><MouseEvent><MouseButton>1</MouseButton><State>0</State></MouseEvent></MacroEvent><MacroEvent><Type>3</Type><Delay>0</Delay><MouseMovement>
        <MouseMovementEvent>
          <Type>3</Type>
          <X>875</X>
          <Y>226</Y>
          <Delay>20</Delay>
        </MouseMovementEvent></MouseMovement></MacroEvent><MacroEvent><Type>3</Type><Delay>0</Delay><MouseMovement>
        <MouseMovementEvent>
          <Type>3</Type>
          <X>874</X>
          <Y>227</Y>
          <Delay>20</Delay>
        </MouseMovementEvent></MouseMovement></MacroEvent><MacroEvent><Type>3</Type><Delay>0</Delay><MouseMovement>
        <MouseMovementEvent>
          <Type>3</Type>
          <X>873</X>
          <Y>228</Y>
          <Delay>18</Delay>
        </MouseMovementEvent></MouseMovement></MacroEvent><MacroEvent><Type>2</Type><Delay>0</Delay><MouseEvent><MouseButton>1</MouseButton><State>1</State></MouseEvent></MacroEvent><MacroEvent><Type>2</Type><Delay>0</Delay><MouseEvent><MouseButton>1</MouseButton><State>0</State></MouseEvent></MacroEvent><MacroEvent><Type>3</Type><Delay>0</Delay><MouseMovement>
        <MouseMovementEvent>
          <Type>3</Type>
          <X>872</X>
          <Y>229</Y>
          <Delay>20</Delay>
        </MouseMovementEvent></MouseMovement></MacroEvent><MacroEvent><Type>3</Type><Delay>0</Delay><MouseMovement>
        <MouseMovementEvent>
          <Type>3</Type>
          <X>872</X>
          <Y>230</Y>
          <Delay>20</Delay>
        </MouseMovementEvent></MouseMovement></MacroEvent><MacroEvent><Type>3</Type><Delay>0</Delay><MouseMovement>
        <MouseMovementEvent>
          <Type>3</Type>
          <X>872</X>
          <Y>231</Y>
          <Delay>20</Delay>
        </MouseMovementEvent></MouseMovement></MacroEvent><MacroEvent><Type>2</Type><Delay>0</Delay><MouseEvent><MouseButton>1</MouseButton><State>1</State></MouseEvent></MacroEvent><MacroEvent><Type>2</Type><Delay>0</Delay><MouseEvent><MouseButton>1</MouseButton><State>0</State></MouseEvent></MacroEvent><MacroEvent><Type>3</Type><Delay>0</Delay><MouseMovement>
        <MouseMovementEvent>
          <Type>3</Type>
          <X>872</X>
          <Y>232</Y>
          <Delay>19</Delay>
        </MouseMovementEvent></MouseMovement></MacroEvent><MacroEvent><Type>3</Type><Delay>0</Delay><MouseMovement>
        <MouseMovementEvent>
          <Type>3</Type>
          <X>872</X>
          <Y>233</Y>
          <Delay>20</Delay>
        </MouseMovementEvent></MouseMovement></MacroEvent><MacroEvent><Type>3</Type><Delay>0</Delay><MouseMovement>
        <MouseMovementEvent>
          <Type>3</Type>
          <X>872</X>
          <Y>234</Y>
          <Delay>20</Delay>
        </MouseMovementEvent></MouseMovement></MacroEvent><MacroEvent><Type>2</Type><Delay>0</Delay><MouseEvent><MouseButton>1</MouseButton><State>1</State></MouseEvent></MacroEvent><MacroEvent><Type>2</Type><Delay>0</Delay><MouseEvent><MouseButton>1</MouseButton><State>0</State></MouseEvent></MacroEvent><MacroEvent><Type>3</Type><Delay>0</Delay><MouseMovement>
        <MouseMovementEvent>
          <Type>3</Type>
          <X>872</X>
          <Y>235</Y>
          <Delay>19</Delay>
        </MouseMovementEvent></MouseMovement></MacroEvent><MacroEvent><Type>3</Type><Delay>0</Delay><MouseMovement>
        <MouseMovementEvent>
          <Type>3</Type>
          <X>872</X>
          <Y>236</Y>
          <Delay>19</Delay>
        </MouseMovementEvent></MouseMovement></MacroEvent><MacroEvent><Type>3</Type><Delay>0</Delay><MouseMovement>
        <MouseMovementEvent>
          <Type>3</Type>
          <X>872</X>
          <Y>237</Y>
          <Delay>20</Delay>
        </MouseMovementEvent></MouseMovement></MacroEvent><MacroEvent><Type>2</Type><Delay>0</Delay><MouseEvent><MouseButton>1</MouseButton><State>1</State></MouseEvent></MacroEvent><MacroEvent><Type>2</Type><Delay>0</Delay><MouseEvent><MouseButton>1</MouseButton><State>0</State></MouseEvent></MacroEvent><MacroEvent><Type>3</Type><Delay>0</Delay><MouseMovement>
        <MouseMovementEvent>
          <Type>3</Type>
          <X>872</X>
          <Y>238</Y>
          <Delay>20</Delay>
        </MouseMovementEvent></MouseMovement></MacroEvent><MacroEvent><Type>3</Type><Delay>0</Delay><MouseMovement>
        <MouseMovementEvent>
          <Type>3</Type>
          <X>872</X>
          <Y>239</Y>
          <Delay>20</Delay>
        </MouseMovementEvent></MouseMovement></MacroEvent><MacroEvent><Type>3</Type><Delay>0</Delay><MouseMovement>
        <MouseMovementEvent>
          <Type>3</Type>
          <X>872</X>
          <Y>240</Y>
          <Delay>19</Delay>
        </MouseMovementEvent></MouseMovement></MacroEvent><MacroEvent><Type>2</Type><Delay>0</Delay><MouseEvent><MouseButton>1</MouseButton><State>1</State></MouseEvent></MacroEvent><MacroEvent><Type>2</Type><Delay>0</Delay><MouseEvent><MouseButton>1</MouseButton><State>0</State></MouseEvent></MacroEvent><MacroEvent><Type>3</Type><Delay>0</Delay><MouseMovement>
        <MouseMovementEvent>
          <Type>3</Type>
          <X>872</X>
          <Y>241</Y>
          <Delay>10</Delay>
        </MouseMovementEvent></MouseMovement></MacroEvent><MacroEvent><Type>3</Type><Delay>0</Delay><MouseMovement>
        <MouseMovementEvent>
          <Type>3</Type>
          <X>872</X>
          <Y>242</Y>
          <Delay>10</Delay>
        </MouseMovementEvent></MouseMovement></MacroEvent><MacroEvent><Type>3</Type><Delay>0</Delay><MouseMovement>
        <MouseMovementEvent>
          <Type>3</Type>
          <X>872</X>
          <Y>243</Y>
          <Delay>9</Delay>
        </MouseMovementEvent></MouseMovement></MacroEvent><MacroEvent><Type>2</Type><Delay>0</Delay><MouseEvent><MouseButton>1</MouseButton><State>1</State></MouseEvent></MacroEvent><MacroEvent><Type>2</Type><Delay>0</Delay><MouseEvent><MouseButton>1</MouseButton><State>0</State></MouseEvent></MacroEvent><MacroEvent><Type>3</Type><Delay>0</Delay><MouseMovement>
        <MouseMovementEvent>
          <Type>3</Type>
          <X>872</X>
          <Y>244</Y>
          <Delay>10</Delay>
        </MouseMovementEvent></MouseMovement></MacroEvent><MacroEvent><Type>3</Type><Delay>0</Delay><MouseMovement>
        <MouseMovementEvent>
          <Type>3</Type>
          <X>872</X>
          <Y>245</Y>
          <Delay>10</Delay>
        </MouseMovementEvent></MouseMovement></MacroEvent><MacroEvent><Type>3</Type><Delay>0</Delay><MouseMovement>
        <MouseMovementEvent>
          <Type>3</Type>
          <X>872</X>
          <Y>246</Y>
          <Delay>10</Delay>
        </MouseMovementEvent></MouseMovement></MacroEvent><MacroEvent><Type>2</Type><Delay>0</Delay><MouseEvent><MouseButton>1</MouseButton><State>1</State></MouseEvent></MacroEvent><MacroEvent><Type>2</Type><Delay>0</Delay><MouseEvent><MouseButton>1</MouseButton><State>0</State></MouseEvent></MacroEvent><MacroEvent><Type>3</Type><Delay>0</Delay><MouseMovement>
        <MouseMovementEvent>
          <Type>3</Type>
          <X>872</X>
          <Y>247</Y>
          <Delay>10</Delay>
        </MouseMovementEvent></MouseMovement></MacroEvent><MacroEvent><Type>3</Type><Delay>0</Delay><MouseMovement>
        <MouseMovementEvent>
          <Type>3</Type>
          <X>873</X>
          <Y>248</Y>
          <Delay>9</Delay>
        </MouseMovementEvent></MouseMovement></MacroEvent><MacroEvent><Type>3</Type><Delay>0</Delay><MouseMovement>
        <MouseMovementEvent>
          <Type>3</Type>
          <X>873</X>
          <Y>249</Y>
          <Delay>10</Delay>
        </MouseMovementEvent></MouseMovement></MacroEvent><MacroEvent><Type>2</Type><Delay>0</Delay><MouseEvent><MouseButton>1</MouseButton><State>1</State></MouseEvent></MacroEvent><MacroEvent><Type>2</Type><Delay>0</Delay><MouseEvent><MouseButton>1</MouseButton><State>0</State></MouseEvent></MacroEvent><MacroEvent><Type>3</Type><Delay>0</Delay><MouseMovement>
        <MouseMovementEvent>
          <Type>3</Type>
          <X>874</X>
          <Y>250</Y>
          <Delay>10</Delay>
        </MouseMovementEvent></MouseMovement></MacroEvent><MacroEvent><Type>3</Type><Delay>0</Delay><MouseMovement>
        <MouseMovementEvent>
          <Type>3</Type>
          <X>875</X>
          <Y>251</Y>
          <Delay>10</Delay>
        </MouseMovementEvent></MouseMovement></MacroEvent><MacroEvent><Type>3</Type><Delay>0</Delay><MouseMovement>
        <MouseMovementEvent>
          <Type>3</Type>
          <X>876</X>
          <Y>252</Y>
          <Delay>10</Delay>
        </MouseMovementEvent></MouseMovement></MacroEvent><MacroEvent><Type>2</Type><Delay>0</Delay><MouseEvent><MouseButton>1</MouseButton><State>1</State></MouseEvent></MacroEvent><MacroEvent><Type>2</Type><Delay>0</Delay><MouseEvent><MouseButton>1</MouseButton><State>0</State></MouseEvent></MacroEvent><MacroEvent><Type>3</Type><Delay>0</Delay><MouseMovement>
        <MouseMovementEvent>
          <Type>3</Type>
          <X>877</X>
          <Y>253</Y>
          <Delay>10</Delay>
        </MouseMovementEvent></MouseMovement></MacroEvent><MacroEvent><Type>3</Type><Delay>0</Delay><MouseMovement>
        <MouseMovementEvent>
          <Type>3</Type>
          <X>878</X>
          <Y>254</Y>
          <Delay>10</Delay>
        </MouseMovementEvent></MouseMovement></MacroEvent><MacroEvent><Type>3</Type><Delay>0</Delay><MouseMovement>
        <MouseMovementEvent>
          <Type>3</Type>
          <X>879</X>
          <Y>255</Y>
          <Delay>10</Delay>
        </MouseMovementEvent></MouseMovement></MacroEvent><MacroEvent><Type>2</Type><Delay>0</Delay><MouseEvent><MouseButton>1</MouseButton><State>1</State></MouseEvent></MacroEvent><MacroEvent><Type>2</Type><Delay>0</Delay><MouseEvent><MouseButton>1</MouseButton><State>0</State></MouseEvent></MacroEvent><MacroEvent><Type>3</Type><Delay>0</Delay><MouseMovement>
        <MouseMovementEvent>
          <Type>3</Type>
          <X>879</X>
          <Y>256</Y>
          <Delay>9</Delay>
        </MouseMovementEvent></MouseMovement></MacroEvent><MacroEvent><Type>3</Type><Delay>0</Delay><MouseMovement>
        <MouseMovementEvent>
          <Type>3</Type>
          <X>879</X>
          <Y>257</Y>
          <Delay>20</Delay>
        </MouseMovementEvent></MouseMovement></MacroEvent><MacroEvent><Type>3</Type><Delay>0</Delay><MouseMovement>
        <MouseMovementEvent>
          <Type>3</Type>
          <X>879</X>
          <Y>258</Y>
          <Delay>19</Delay>
        </MouseMovementEvent></MouseMovement></MacroEvent><MacroEvent><Type>2</Type><Delay>0</Delay><MouseEvent><MouseButton>1</MouseButton><State>1</State></MouseEvent></MacroEvent><MacroEvent><Type>2</Type><Delay>0</Delay><MouseEvent><MouseButton>1</MouseButton><State>0</State></MouseEvent></MacroEvent><MacroEvent><Type>3</Type><Delay>0</Delay><MouseMovement>
        <MouseMovementEvent>
          <Type>3</Type>
          <X>879</X>
          <Y>259</Y>
          <Delay>20</Delay>
        </MouseMovementEvent></MouseMovement></MacroEvent><MacroEvent><Type>3</Type><Delay>0</Delay><MouseMovement>
        <MouseMovementEvent>
          <Type>3</Type>
          <X>879</X>
          <Y>260</Y>
          <Delay>18</Delay>
        </MouseMovementEvent></MouseMovement></MacroEvent><MacroEvent><Type>3</Type><Delay>0</Delay><MouseMovement>
        <MouseMovementEvent>
          <Type>3</Type>
          <X>879</X>
          <Y>261</Y>
          <Delay>20</Delay>
        </MouseMovementEvent></MouseMovement></MacroEvent><MacroEvent><Type>2</Type><Delay>0</Delay><MouseEvent><MouseButton>1</MouseButton><State>1</State></MouseEvent></MacroEvent><MacroEvent><Type>2</Type><Delay>0</Delay><MouseEvent><MouseButton>1</MouseButton><State>0</State></MouseEvent></MacroEvent><MacroEvent><Type>3</Type><Delay>0</Delay><MouseMovement>
        <MouseMovementEvent>
          <Type>3</Type>
          <X>879</X>
          <Y>262</Y>
          <Delay>20</Delay>
        </MouseMovementEvent></MouseMovement></MacroEvent><MacroEvent><Type>3</Type><Delay>0</Delay><MouseMovement>
        <MouseMovementEvent>
          <Type>3</Type>
          <X>879</X>
          <Y>263</Y>
          <Delay>20</Delay>
        </MouseMovementEvent></MouseMovement></MacroEvent><MacroEvent><Type>3</Type><Delay>0</Delay><MouseMovement>
        <MouseMovementEvent>
          <Type>3</Type>
          <X>878</X>
          <Y>264</Y>
          <Delay>19</Delay>
        </MouseMovementEvent></MouseMovement></MacroEvent><MacroEvent><Type>2</Type><Delay>0</Delay><MouseEvent><MouseButton>1</MouseButton><State>1</State></MouseEvent></MacroEvent><MacroEvent><Type>2</Type><Delay>0</Delay><MouseEvent><MouseButton>1</MouseButton><State>0</State></MouseEvent></MacroEvent><MacroEvent><Type>3</Type><Delay>0</Delay><MouseMovement>
        <MouseMovementEvent>
          <Type>3</Type>
          <X>877</X>
          <Y>265</Y>
          <Delay>20</Delay>
        </MouseMovementEvent></MouseMovement></MacroEvent><MacroEvent><Type>3</Type><Delay>0</Delay><MouseMovement>
        <MouseMovementEvent>
          <Type>3</Type>
          <X>876</X>
          <Y>266</Y>
          <Delay>20</Delay>
        </MouseMovementEvent></MouseMovement></MacroEvent><MacroEvent><Type>3</Type><Delay>0</Delay><MouseMovement>
        <MouseMovementEvent>
          <Type>3</Type>
          <X>875</X>
          <Y>267</Y>
          <Delay>20</Delay>
        </MouseMovementEvent></MouseMovement></MacroEvent><MacroEvent><Type>2</Type><Delay>0</Delay><MouseEvent><MouseButton>1</MouseButton><State>1</State></MouseEvent></MacroEvent><MacroEvent><Type>2</Type><Delay>0</Delay><MouseEvent><MouseButton>1</MouseButton><State>0</State></MouseEvent></MacroEvent><MacroEvent><Type>3</Type><Delay>0</Delay><MouseMovement>
        <MouseMovementEvent>
          <Type>3</Type>
          <X>874</X>
          <Y>268</Y>
          <Delay>19</Delay>
        </MouseMovementEvent></MouseMovement></MacroEvent><MacroEvent><Type>3</Type><Delay>0</Delay><MouseMovement>
        <MouseMovementEvent>
          <Type>3</Type>
          <X>873</X>
          <Y>269</Y>
          <Delay>20</Delay>
        </MouseMovementEvent></MouseMovement></MacroEvent><MacroEvent><Type>3</Type><Delay>0</Delay><MouseMovement>
        <MouseMovementEvent>
          <Type>3</Type>
          <X>872</X>
          <Y>270</Y>
          <Delay>20</Delay>
        </MouseMovementEvent></MouseMovement></MacroEvent><MacroEvent><Type>2</Type><Delay>0</Delay><MouseEvent><MouseButton>1</MouseButton><State>1</State></MouseEvent></MacroEvent><MacroEvent><Type>2</Type><Delay>0</Delay><MouseEvent><MouseButton>1</MouseButton><State>0</State></MouseEvent></MacroEvent><MacroEvent><Type>3</Type><Delay>0</Delay><MouseMovement>
        <MouseMovementEvent>
          <Type>3</Type>
          <X>871</X>
          <Y>271</Y>
          <Delay>20</Delay>
        </MouseMovementEvent></MouseMovement></MacroEvent><MacroEvent><Type>3</Type><Delay>0</Delay><MouseMovement>
        <MouseMovementEvent>
          <Type>3</Type>
          <X>870</X>
          <Y>272</Y>
          <Delay>19</Delay>
        </MouseMovementEvent></MouseMovement></MacroEvent><MacroEvent><Type>3</Type><Delay>0</Delay><MouseMovement>
        <MouseMovementEvent>
          <Type>3</Type>
          <X>869</X>
          <Y>273</Y>
          <Delay>20</Delay>
        </MouseMovementEvent></MouseMovement></MacroEvent><MacroEvent><Type>2</Type><Delay>0</Delay><MouseEvent><MouseButton>1</MouseButton><State>1</State></MouseEvent></MacroEvent><MacroEvent><Type>2</Type><Delay>0</Delay><MouseEvent><MouseButton>1</MouseButton><State>0</State></MouseEvent></MacroEvent><MacroEvent><Type>3</Type><Delay>0</Delay><MouseMovement>
        <MouseMovementEvent>
          <Type>3</Type>
          <X>868</X>
          <Y>274</Y>
          <Delay>20</Delay>
        </MouseMovementEvent></MouseMovement></MacroEvent><MacroEvent><Type>3</Type><Delay>0</Delay><MouseMovement>
        <MouseMovementEvent>
          <Type>3</Type>
          <X>867</X>
          <Y>275</Y>
          <Delay>20</Delay>
        </MouseMovementEvent></MouseMovement></MacroEvent><MacroEvent><Type>3</Type><Delay>0</Delay><MouseMovement>
        <MouseMovementEvent>
          <Type>3</Type>
          <X>866</X>
          <Y>276</Y>
          <Delay>19</Delay>
        </MouseMovementEvent></MouseMovement></MacroEvent><MacroEvent><Type>2</Type><Delay>0</Delay><MouseEvent><MouseButton>1</MouseButton><State>1</State></MouseEvent></MacroEvent><MacroEvent><Type>2</Type><Delay>0</Delay><MouseEvent><MouseButton>1</MouseButton><State>0</State></MouseEvent></MacroEvent><MacroEvent><Type>3</Type><Delay>0</Delay><MouseMovement>
        <MouseMovementEvent>
          <Type>3</Type>
          <X>865</X>
          <Y>277</Y>
          <Delay>20</Delay>
        </MouseMovementEvent></MouseMovement></MacroEvent><MacroEvent><Type>3</Type><Delay>0</Delay><MouseMovement>
        <MouseMovementEvent>
          <Type>3</Type>
          <X>864</X>
          <Y>278</Y>
          <Delay>20</Delay>
        </MouseMovementEvent></MouseMovement></MacroEvent><MacroEvent><Type>3</Type><Delay>0</Delay><MouseMovement>
        <MouseMovementEvent>
          <Type>3</Type>
          <X>863</X>
          <Y>279</Y>
          <Delay>20</Delay>
        </MouseMovementEvent></MouseMovement></MacroEvent><MacroEvent><Type>2</Type><Delay>0</Delay><MouseEvent><MouseButton>1</MouseButton><State>1</State></MouseEvent></MacroEvent><MacroEvent><Type>2</Type><Delay>0</Delay><MouseEvent><MouseButton>1</MouseButton><State>0</State></MouseEvent></MacroEvent><MacroEvent><Type>3</Type><Delay>0</Delay><MouseMovement>
        <MouseMovementEvent>
          <Type>3</Type>
          <X>862</X>
          <Y>280</Y>
          <Delay>19</Delay>
        </MouseMovementEvent></MouseMovement></MacroEvent><MacroEvent><Type>3</Type><Delay>0</Delay><MouseMovement>
        <MouseMovementEvent>
          <Type>3</Type>
          <X>861</X>
          <Y>281</Y>
          <Delay>20</Delay>
        </MouseMovementEvent></MouseMovement></MacroEvent><MacroEvent><Type>3</Type><Delay>0</Delay><MouseMovement>
        <MouseMovementEvent>
          <Type>3</Type>
          <X>860</X>
          <Y>282</Y>
          <Delay>20</Delay>
        </MouseMovementEvent></MouseMovement></MacroEvent><MacroEvent><Type>2</Type><Delay>0</Delay><MouseEvent><MouseButton>1</MouseButton><State>1</State></MouseEvent></MacroEvent><MacroEvent><Type>2</Type><Delay>0</Delay><MouseEvent><MouseButton>1</MouseButton><State>0</State></MouseEvent></MacroEvent><MacroEvent><Type>3</Type><Delay>0</Delay><MouseMovement>
        <MouseMovementEvent>
          <Type>3</Type>
          <X>859</X>
          <Y>283</Y>
          <Delay>20</Delay>
        </MouseMovementEvent></MouseMovement></MacroEvent><MacroEvent><Type>3</Type><Delay>0</Delay><MouseMovement>
        <MouseMovementEvent>
          <Type>3</Type>
          <X>858</X>
          <Y>284</Y>
          <Delay>19</Delay>
        </MouseMovementEvent></MouseMovement></MacroEvent><MacroEvent><Type>3</Type><Delay>0</Delay><MouseMovement>
        <MouseMovementEvent>
          <Type>3</Type>
          <X>857</X>
          <Y>285</Y>
          <Delay>19</Delay>
        </MouseMovementEvent></MouseMovement></MacroEvent><MacroEvent><Type>2</Type><Delay>0</Delay><MouseEvent><MouseButton>1</MouseButton><State>1</State></MouseEvent></MacroEvent><MacroEvent><Type>2</Type><Delay>0</Delay><MouseEvent><MouseButton>1</MouseButton><State>0</State></MouseEvent></MacroEvent><MacroEvent><Type>3</Type><Delay>0</Delay><MouseMovement>
        <MouseMovementEvent>
          <Type>3</Type>
          <X>857</X>
          <Y>286</Y>
          <Delay>20</Delay>
        </MouseMovementEvent></MouseMovement></MacroEvent><MacroEvent><Type>3</Type><Delay>0</Delay><MouseMovement>
        <MouseMovementEvent>
          <Type>3</Type>
          <X>857</X>
          <Y>287</Y>
          <Delay>20</Delay>
        </MouseMovementEvent></MouseMovement></MacroEvent><MacroEvent><Type>3</Type><Delay>0</Delay><MouseMovement>
        <MouseMovementEvent>
          <Type>3</Type>
          <X>856</X>
          <Y>288</Y>
          <Delay>18</Delay>
        </MouseMovementEvent></MouseMovement></MacroEvent><MacroEvent><Type>2</Type><Delay>0</Delay><MouseEvent><MouseButton>1</MouseButton><State>1</State></MouseEvent></MacroEvent><MacroEvent><Type>2</Type><Delay>0</Delay><MouseEvent><MouseButton>1</MouseButton><State>0</State></MouseEvent></MacroEvent><MacroEvent><Type>3</Type><Delay>0</Delay><MouseMovement>
        <MouseMovementEvent>
          <Type>3</Type>
          <X>855</X>
          <Y>289</Y>
          <Delay>18</Delay>
        </MouseMovementEvent></MouseMovement></MacroEvent><MacroEvent><Type>3</Type><Delay>0</Delay><MouseMovement>
        <MouseMovementEvent>
          <Type>3</Type>
          <X>854</X>
          <Y>290</Y>
          <Delay>20</Delay>
        </MouseMovementEvent></MouseMovement></MacroEvent><MacroEvent><Type>3</Type><Delay>0</Delay><MouseMovement>
        <MouseMovementEvent>
          <Type>3</Type>
          <X>853</X>
          <Y>291</Y>
          <Delay>20</Delay>
        </MouseMovementEvent></MouseMovement></MacroEvent><MacroEvent><Type>2</Type><Delay>0</Delay><MouseEvent><MouseButton>1</MouseButton><State>1</State></MouseEvent></MacroEvent><MacroEvent><Type>2</Type><Delay>0</Delay><MouseEvent><MouseButton>1</MouseButton><State>0</State></MouseEvent></MacroEvent><MacroEvent><Type>3</Type><Delay>0</Delay><MouseMovement>
        <MouseMovementEvent>
          <Type>3</Type>
          <X>853</X>
          <Y>292</Y>
          <Delay>19</Delay>
        </MouseMovementEvent></MouseMovement></MacroEvent><MacroEvent><Type>3</Type><Delay>0</Delay><MouseMovement>
        <MouseMovementEvent>
          <Type>3</Type>
          <X>853</X>
          <Y>293</Y>
          <Delay>19</Delay>
        </MouseMovementEvent></MouseMovement></MacroEvent><MacroEvent><Type>3</Type><Delay>0</Delay><MouseMovement>
        <MouseMovementEvent>
          <Type>3</Type>
          <X>852</X>
          <Y>294</Y>
          <Delay>20</Delay>
        </MouseMovementEvent></MouseMovement></MacroEvent><MacroEvent><Type>2</Type><Delay>0</Delay><MouseEvent><MouseButton>1</MouseButton><State>1</State></MouseEvent></MacroEvent><MacroEvent><Type>2</Type><Delay>0</Delay><MouseEvent><MouseButton>1</MouseButton><State>0</State></MouseEvent></MacroEvent><MacroEvent><Type>3</Type><Delay>0</Delay><MouseMovement>
        <MouseMovementEvent>
          <Type>3</Type>
          <X>851</X>
          <Y>295</Y>
          <Delay>20</Delay>
        </MouseMovementEvent></MouseMovement></MacroEvent><MacroEvent><Type>3</Type><Delay>0</Delay><MouseMovement>
        <MouseMovementEvent>
          <Type>3</Type>
          <X>850</X>
          <Y>296</Y>
          <Delay>19</Delay>
        </MouseMovementEvent></MouseMovement></MacroEvent><MacroEvent><Type>3</Type><Delay>0</Delay><MouseMovement>
        <MouseMovementEvent>
          <Type>3</Type>
          <X>850</X>
          <Y>297</Y>
          <Delay>19</Delay>
        </MouseMovementEvent></MouseMovement></MacroEvent><MacroEvent><Type>2</Type><Delay>0</Delay><MouseEvent><MouseButton>1</MouseButton><State>1</State></MouseEvent></MacroEvent><MacroEvent><Type>2</Type><Delay>0</Delay><MouseEvent><MouseButton>1</MouseButton><State>0</State></MouseEvent></MacroEvent><MacroEvent><Type>3</Type><Delay>0</Delay><MouseMovement>
        <MouseMovementEvent>
          <Type>3</Type>
          <X>850</X>
          <Y>298</Y>
          <Delay>20</Delay>
        </MouseMovementEvent></MouseMovement></MacroEvent><MacroEvent><Type>3</Type><Delay>0</Delay><MouseMovement>
        <MouseMovementEvent>
          <Type>3</Type>
          <X>850</X>
          <Y>299</Y>
          <Delay>20</Delay>
        </MouseMovementEvent></MouseMovement></MacroEvent><MacroEvent><Type>3</Type><Delay>0</Delay><MouseMovement>
        <MouseMovementEvent>
          <Type>3</Type>
          <X>850</X>
          <Y>300</Y>
          <Delay>19</Delay>
        </MouseMovementEvent></MouseMovement></MacroEvent><MacroEvent><Type>2</Type><Delay>0</Delay><MouseEvent><MouseButton>1</MouseButton><State>1</State></MouseEvent></MacroEvent><MacroEvent><Type>2</Type><Delay>0</Delay><MouseEvent><MouseButton>1</MouseButton><State>0</State></MouseEvent></MacroEvent><MacroEvent><Type>3</Type><Delay>0</Delay><MouseMovement>
        <MouseMovementEvent>
          <Type>3</Type>
          <X>850</X>
          <Y>301</Y>
          <Delay>20</Delay>
        </MouseMovementEvent></MouseMovement></MacroEvent><MacroEvent><Type>3</Type><Delay>0</Delay><MouseMovement>
        <MouseMovementEvent>
          <Type>3</Type>
          <X>849</X>
          <Y>302</Y>
          <Delay>20</Delay>
        </MouseMovementEvent></MouseMovement></MacroEvent><MacroEvent><Type>3</Type><Delay>0</Delay><MouseMovement>
        <MouseMovementEvent>
          <Type>3</Type>
          <X>848</X>
          <Y>303</Y>
          <Delay>20</Delay>
        </MouseMovementEvent></MouseMovement></MacroEvent><MacroEvent><Type>2</Type><Delay>0</Delay><MouseEvent><MouseButton>1</MouseButton><State>1</State></MouseEvent></MacroEvent><MacroEvent><Type>2</Type><Delay>0</Delay><MouseEvent><MouseButton>1</MouseButton><State>0</State></MouseEvent></MacroEvent><MacroEvent><Type>3</Type><Delay>0</Delay><MouseMovement>
        <MouseMovementEvent>
          <Type>3</Type>
          <X>847</X>
          <Y>304</Y>
          <Delay>19</Delay>
        </MouseMovementEvent></MouseMovement></MacroEvent><MacroEvent><Type>3</Type><Delay>0</Delay><MouseMovement>
        <MouseMovementEvent>
          <Type>3</Type>
          <X>846</X>
          <Y>305</Y>
          <Delay>20</Delay>
        </MouseMovementEvent></MouseMovement></MacroEvent><MacroEvent><Type>3</Type><Delay>0</Delay><MouseMovement>
        <MouseMovementEvent>
          <Type>3</Type>
          <X>846</X>
          <Y>306</Y>
          <Delay>20</Delay>
        </MouseMovementEvent></MouseMovement></MacroEvent><MacroEvent><Type>2</Type><Delay>0</Delay><MouseEvent><MouseButton>1</MouseButton><State>1</State></MouseEvent></MacroEvent><MacroEvent><Type>2</Type><Delay>0</Delay><MouseEvent><MouseButton>1</MouseButton><State>0</State></MouseEvent></MacroEvent><MacroEvent><Type>3</Type><Delay>0</Delay><MouseMovement>
        <MouseMovementEvent>
          <Type>3</Type>
          <X>846</X>
          <Y>307</Y>
          <Delay>20</Delay>
        </MouseMovementEvent></MouseMovement></MacroEvent><MacroEvent><Type>3</Type><Delay>0</Delay><MouseMovement>
        <MouseMovementEvent>
          <Type>3</Type>
          <X>846</X>
          <Y>308</Y>
          <Delay>19</Delay>
        </MouseMovementEvent></MouseMovement></MacroEvent><MacroEvent><Type>3</Type><Delay>0</Delay><MouseMovement>
        <MouseMovementEvent>
          <Type>3</Type>
          <X>846</X>
          <Y>309</Y>
          <Delay>19</Delay>
        </MouseMovementEvent></MouseMovement></MacroEvent><MacroEvent><Type>2</Type><Delay>0</Delay><MouseEvent><MouseButton>1</MouseButton><State>1</State></MouseEvent></MacroEvent><MacroEvent><Type>2</Type><Delay>0</Delay><MouseEvent><MouseButton>1</MouseButton><State>0</State></MouseEvent></MacroEvent><MacroEvent><Type>3</Type><Delay>0</Delay><MouseMovement>
        <MouseMovementEvent>
          <Type>3</Type>
          <X>845</X>
          <Y>310</Y>
          <Delay>20</Delay>
        </MouseMovementEvent></MouseMovement></MacroEvent><MacroEvent><Type>3</Type><Delay>0</Delay><MouseMovement>
        <MouseMovementEvent>
          <Type>3</Type>
          <X>844</X>
          <Y>311</Y>
          <Delay>20</Delay>
        </MouseMovementEvent></MouseMovement></MacroEvent><MacroEvent><Type>3</Type><Delay>0</Delay><MouseMovement>
        <MouseMovementEvent>
          <Type>3</Type>
          <X>843</X>
          <Y>312</Y>
          <Delay>19</Delay>
        </MouseMovementEvent></MouseMovement></MacroEvent><MacroEvent><Type>2</Type><Delay>0</Delay><MouseEvent><MouseButton>1</MouseButton><State>1</State></MouseEvent></MacroEvent><MacroEvent><Type>2</Type><Delay>0</Delay><MouseEvent><MouseButton>1</MouseButton><State>0</State></MouseEvent></MacroEvent><MacroEvent><Type>3</Type><Delay>0</Delay><MouseMovement>
        <MouseMovementEvent>
          <Type>3</Type>
          <X>842</X>
          <Y>313</Y>
          <Delay>19</Delay>
        </MouseMovementEvent></MouseMovement></MacroEvent><MacroEvent><Type>3</Type><Delay>0</Delay><MouseMovement>
        <MouseMovementEvent>
          <Type>3</Type>
          <X>841</X>
          <Y>314</Y>
          <Delay>20</Delay>
        </MouseMovementEvent></MouseMovement></MacroEvent><MacroEvent><Type>3</Type><Delay>0</Delay><MouseMovement>
        <MouseMovementEvent>
          <Type>3</Type>
          <X>840</X>
          <Y>315</Y>
          <Delay>20</Delay>
        </MouseMovementEvent></MouseMovement></MacroEvent><MacroEvent><Type>2</Type><Delay>0</Delay><MouseEvent><MouseButton>1</MouseButton><State>1</State></MouseEvent></MacroEvent><MacroEvent><Type>2</Type><Delay>0</Delay><MouseEvent><MouseButton>1</MouseButton><State>0</State></MouseEvent></MacroEvent><MacroEvent><Type>3</Type><Delay>0</Delay><MouseMovement>
        <MouseMovementEvent>
          <Type>3</Type>
          <X>840</X>
          <Y>316</Y>
          <Delay>19</Delay>
        </MouseMovementEvent></MouseMovement></MacroEvent><MacroEvent><Type>3</Type><Delay>0</Delay><MouseMovement>
        <MouseMovementEvent>
          <Type>3</Type>
          <X>840</X>
          <Y>317</Y>
          <Delay>20</Delay>
        </MouseMovementEvent></MouseMovement></MacroEvent><MacroEvent><Type>3</Type><Delay>0</Delay><MouseMovement>
        <MouseMovementEvent>
          <Type>3</Type>
          <X>840</X>
          <Y>318</Y>
          <Delay>20</Delay>
        </MouseMovementEvent></MouseMovement></MacroEvent><MacroEvent><Type>2</Type><Delay>0</Delay><MouseEvent><MouseButton>1</MouseButton><State>1</State></MouseEvent></MacroEvent><MacroEvent><Type>2</Type><Delay>0</Delay><MouseEvent><MouseButton>1</MouseButton><State>0</State></MouseEvent></MacroEvent><MacroEvent><Type>3</Type><Delay>0</Delay><MouseMovement>
        <MouseMovementEvent>
          <Type>3</Type>
          <X>840</X>
          <Y>319</Y>
          <Delay>20</Delay>
        </MouseMovementEvent></MouseMovement></MacroEvent><MacroEvent><Type>3</Type><Delay>0</Delay><MouseMovement>
        <MouseMovementEvent>
          <Type>3</Type>
          <X>840</X>
          <Y>320</Y>
          <Delay>19</Delay>
        </MouseMovementEvent></MouseMovement></MacroEvent><MacroEvent><Type>3</Type><Delay>0</Delay><MouseMovement>
        <MouseMovementEvent>
          <Type>3</Type>
          <X>840</X>
          <Y>321</Y>
          <Delay>20</Delay>
        </MouseMovementEvent></MouseMovement></MacroEvent><MacroEvent><Type>2</Type><Delay>0</Delay><MouseEvent><MouseButton>1</MouseButton><State>1</State></MouseEvent></MacroEvent><MacroEvent><Type>2</Type><Delay>0</Delay><MouseEvent><MouseButton>1</MouseButton><State>0</State></MouseEvent></MacroEvent><MacroEvent><Type>3</Type><Delay>0</Delay><MouseMovement>
        <MouseMovementEvent>
          <Type>3</Type>
          <X>840</X>
          <Y>322</Y>
          <Delay>20</Delay>
        </MouseMovementEvent></MouseMovement></MacroEvent><MacroEvent><Type>3</Type><Delay>0</Delay><MouseMovement>
        <MouseMovementEvent>
          <Type>3</Type>
          <X>840</X>
          <Y>323</Y>
          <Delay>20</Delay>
        </MouseMovementEvent></MouseMovement></MacroEvent><MacroEvent><Type>3</Type><Delay>0</Delay><MouseMovement>
        <MouseMovementEvent>
          <Type>3</Type>
          <X>840</X>
          <Y>324</Y>
          <Delay>18</Delay>
        </MouseMovementEvent></MouseMovement></MacroEvent><MacroEvent><Type>2</Type><Delay>0</Delay><MouseEvent><MouseButton>1</MouseButton><State>1</State></MouseEvent></MacroEvent><MacroEvent><Type>2</Type><Delay>0</Delay><MouseEvent><MouseButton>1</MouseButton><State>0</State></MouseEvent></MacroEvent><MacroEvent><Type>3</Type><Delay>0</Delay><MouseMovement>
        <MouseMovementEvent>
          <Type>3</Type>
          <X>840</X>
          <Y>325</Y>
          <Delay>20</Delay>
        </MouseMovementEvent></MouseMovement></MacroEvent><MacroEvent><Type>3</Type><Delay>0</Delay><MouseMovement>
        <MouseMovementEvent>
          <Type>3</Type>
          <X>840</X>
          <Y>326</Y>
          <Delay>20</Delay>
        </MouseMovementEvent></MouseMovement></MacroEvent><MacroEvent><Type>3</Type><Delay>0</Delay><MouseMovement>
        <MouseMovementEvent>
          <Type>3</Type>
          <X>840</X>
          <Y>328</Y>
          <Delay>20</Delay>
        </MouseMovementEvent></MouseMovement></MacroEvent><MacroEvent><Type>2</Type><Delay>0</Delay><MouseEvent><MouseButton>1</MouseButton><State>1</State></MouseEvent></MacroEvent><MacroEvent><Type>2</Type><Delay>0</Delay><MouseEvent><MouseButton>1</MouseButton><State>0</State></MouseEvent></MacroEvent><MacroEvent><Type>3</Type><Delay>0</Delay><MouseMovement>
        <MouseMovementEvent>
          <Type>3</Type>
          <X>840</X>
          <Y>329</Y>
          <Delay>18</Delay>
        </MouseMovementEvent></MouseMovement></MacroEvent><MacroEvent><Type>3</Type><Delay>0</Delay><MouseMovement>
        <MouseMovementEvent>
          <Type>3</Type>
          <X>840</X>
          <Y>330</Y>
          <Delay>20</Delay>
        </MouseMovementEvent></MouseMovement></MacroEvent><MacroEvent><Type>3</Type><Delay>0</Delay><MouseMovement>
        <MouseMovementEvent>
          <Type>3</Type>
          <X>840</X>
          <Y>331</Y>
          <Delay>20</Delay>
        </MouseMovementEvent></MouseMovement></MacroEvent><MacroEvent><Type>2</Type><Delay>0</Delay><MouseEvent><MouseButton>1</MouseButton><State>1</State></MouseEvent></MacroEvent><MacroEvent><Type>2</Type><Delay>0</Delay><MouseEvent><MouseButton>1</MouseButton><State>0</State></MouseEvent></MacroEvent><MacroEvent><Type>3</Type><Delay>0</Delay><MouseMovement>
        <MouseMovementEvent>
          <Type>3</Type>
          <X>840</X>
          <Y>332</Y>
          <Delay>20</Delay>
        </MouseMovementEvent></MouseMovement></MacroEvent><MacroEvent><Type>3</Type><Delay>0</Delay><MouseMovement>
        <MouseMovementEvent>
          <Type>3</Type>
          <X>840</X>
          <Y>333</Y>
          <Delay>19</Delay>
        </MouseMovementEvent></MouseMovement></MacroEvent><MacroEvent><Type>3</Type><Delay>0</Delay><MouseMovement>
        <MouseMovementEvent>
          <Type>3</Type>
          <X>840</X>
          <Y>334</Y>
          <Delay>20</Delay>
        </MouseMovementEvent></MouseMovement></MacroEvent><MacroEvent><Type>2</Type><Delay>0</Delay><MouseEvent><MouseButton>1</MouseButton><State>1</State></MouseEvent></MacroEvent><MacroEvent><Type>2</Type><Delay>0</Delay><MouseEvent><MouseButton>1</MouseButton><State>0</State></MouseEvent></MacroEvent><MacroEvent><Type>3</Type><Delay>0</Delay><MouseMovement>
        <MouseMovementEvent>
          <Type>3</Type>
          <X>840</X>
          <Y>335</Y>
          <Delay>19</Delay>
        </MouseMovementEvent></MouseMovement></MacroEvent><MacroEvent><Type>3</Type><Delay>0</Delay><MouseMovement>
        <MouseMovementEvent>
          <Type>3</Type>
          <X>839</X>
          <Y>336</Y>
          <Delay>19</Delay>
        </MouseMovementEvent></MouseMovement></MacroEvent><MacroEvent><Type>3</Type><Delay>0</Delay><MouseMovement>
        <MouseMovementEvent>
          <Type>3</Type>
          <X>838</X>
          <Y>337</Y>
          <Delay>20</Delay>
        </MouseMovementEvent></MouseMovement></MacroEvent><MacroEvent><Type>2</Type><Delay>0</Delay><MouseEvent><MouseButton>1</MouseButton><State>1</State></MouseEvent></MacroEvent><MacroEvent><Type>2</Type><Delay>0</Delay><MouseEvent><MouseButton>1</MouseButton><State>0</State></MouseEvent></MacroEvent><MacroEvent><Type>3</Type><Delay>0</Delay><MouseMovement>
        <MouseMovementEvent>
          <Type>3</Type>
          <X>837</X>
          <Y>338</Y>
          <Delay>19</Delay>
        </MouseMovementEvent></MouseMovement></MacroEvent><MacroEvent><Type>3</Type><Delay>0</Delay><MouseMovement>
        <MouseMovementEvent>
          <Type>3</Type>
          <X>836</X>
          <Y>339</Y>
          <Delay>19</Delay>
        </MouseMovementEvent></MouseMovement></MacroEvent><MacroEvent><Type>3</Type><Delay>0</Delay><MouseMovement>
        <MouseMovementEvent>
          <Type>3</Type>
          <X>835</X>
          <Y>340</Y>
          <Delay>20</Delay>
        </MouseMovementEvent></MouseMovement></MacroEvent><MacroEvent><Type>2</Type><Delay>0</Delay><MouseEvent><MouseButton>1</MouseButton><State>1</State></MouseEvent></MacroEvent><MacroEvent><Type>2</Type><Delay>0</Delay><MouseEvent><MouseButton>1</MouseButton><State>0</State></MouseEvent></MacroEvent><MacroEvent><Type>3</Type><Delay>0</Delay><MouseMovement>
        <MouseMovementEvent>
          <Type>3</Type>
          <X>834</X>
          <Y>341</Y>
          <Delay>19</Delay>
        </MouseMovementEvent></MouseMovement></MacroEvent><MacroEvent><Type>3</Type><Delay>0</Delay><MouseMovement>
        <MouseMovementEvent>
          <Type>3</Type>
          <X>833</X>
          <Y>342</Y>
          <Delay>19</Delay>
        </MouseMovementEvent></MouseMovement></MacroEvent><MacroEvent><Type>3</Type><Delay>0</Delay><MouseMovement>
        <MouseMovementEvent>
          <Type>3</Type>
          <X>832</X>
          <Y>343</Y>
          <Delay>20</Delay>
        </MouseMovementEvent></MouseMovement></MacroEvent><MacroEvent><Type>2</Type><Delay>0</Delay><MouseEvent><MouseButton>1</MouseButton><State>1</State></MouseEvent></MacroEvent><MacroEvent><Type>2</Type><Delay>0</Delay><MouseEvent><MouseButton>1</MouseButton><State>0</State></MouseEvent></MacroEvent><MacroEvent><Type>3</Type><Delay>0</Delay><MouseMovement>
        <MouseMovementEvent>
          <Type>3</Type>
          <X>831</X>
          <Y>344</Y>
          <Delay>19</Delay>
        </MouseMovementEvent></MouseMovement></MacroEvent><MacroEvent><Type>3</Type><Delay>0</Delay><MouseMovement>
        <MouseMovementEvent>
          <Type>3</Type>
          <X>830</X>
          <Y>345</Y>
          <Delay>19</Delay>
        </MouseMovementEvent></MouseMovement></MacroEvent><MacroEvent><Type>3</Type><Delay>0</Delay><MouseMovement>
        <MouseMovementEvent>
          <Type>3</Type>
          <X>829</X>
          <Y>346</Y>
          <Delay>20</Delay>
        </MouseMovementEvent></MouseMovement></MacroEvent><MacroEvent><Type>2</Type><Delay>0</Delay><MouseEvent><MouseButton>1</MouseButton><State>1</State></MouseEvent></MacroEvent><MacroEvent><Type>2</Type><Delay>0</Delay><MouseEvent><MouseButton>1</MouseButton><State>0</State></MouseEvent></MacroEvent><MacroEvent><Type>3</Type><Delay>0</Delay><MouseMovement>
        <MouseMovementEvent>
          <Type>3</Type>
          <X>828</X>
          <Y>347</Y>
          <Delay>19</Delay>
        </MouseMovementEvent></MouseMovement></MacroEvent><MacroEvent><Type>3</Type><Delay>0</Delay><MouseMovement>
        <MouseMovementEvent>
          <Type>3</Type>
          <X>827</X>
          <Y>348</Y>
          <Delay>19</Delay>
        </MouseMovementEvent></MouseMovement></MacroEvent><MacroEvent><Type>3</Type><Delay>0</Delay><MouseMovement>
        <MouseMovementEvent>
          <Type>3</Type>
          <X>826</X>
          <Y>349</Y>
          <Delay>20</Delay>
        </MouseMovementEvent></MouseMovement></MacroEvent><MacroEvent><Type>2</Type><Delay>0</Delay><MouseEvent><MouseButton>1</MouseButton><State>1</State></MouseEvent></MacroEvent><MacroEvent><Type>2</Type><Delay>0</Delay><MouseEvent><MouseButton>1</MouseButton><State>0</State></MouseEvent></MacroEvent><MacroEvent><Type>3</Type><Delay>0</Delay><MouseMovement>
        <MouseMovementEvent>
          <Type>3</Type>
          <X>825</X>
          <Y>350</Y>
          <Delay>20</Delay>
        </MouseMovementEvent></MouseMovement></MacroEvent><MacroEvent><Type>3</Type><Delay>0</Delay><MouseMovement>
        <MouseMovementEvent>
          <Type>3</Type>
          <X>824</X>
          <Y>351</Y>
          <Delay>18</Delay>
        </MouseMovementEvent></MouseMovement></MacroEvent><MacroEvent><Type>3</Type><Delay>0</Delay><MouseMovement>
        <MouseMovementEvent>
          <Type>3</Type>
          <X>823</X>
          <Y>352</Y>
          <Delay>20</Delay>
        </MouseMovementEvent></MouseMovement></MacroEvent><MacroEvent><Type>2</Type><Delay>0</Delay><MouseEvent><MouseButton>1</MouseButton><State>1</State></MouseEvent></MacroEvent><MacroEvent><Type>2</Type><Delay>0</Delay><MouseEvent><MouseButton>1</MouseButton><State>0</State></MouseEvent></MacroEvent><MacroEvent><Type>3</Type><Delay>0</Delay><MouseMovement>
        <MouseMovementEvent>
          <Type>3</Type>
          <X>822</X>
          <Y>353</Y>
          <Delay>19</Delay>
        </MouseMovementEvent></MouseMovement></MacroEvent><MacroEvent><Type>3</Type><Delay>0</Delay><MouseMovement>
        <MouseMovementEvent>
          <Type>3</Type>
          <X>822</X>
          <Y>354</Y>
          <Delay>19</Delay>
        </MouseMovementEvent></MouseMovement></MacroEvent><MacroEvent><Type>3</Type><Delay>0</Delay><MouseMovement>
        <MouseMovementEvent>
          <Type>3</Type>
          <X>822</X>
          <Y>355</Y>
          <Delay>20</Delay>
        </MouseMovementEvent></MouseMovement></MacroEvent><MacroEvent><Type>2</Type><Delay>0</Delay><MouseEvent><MouseButton>1</MouseButton><State>1</State></MouseEvent></MacroEvent><MacroEvent><Type>2</Type><Delay>0</Delay><MouseEvent><MouseButton>1</MouseButton><State>0</State></MouseEvent></MacroEvent><MacroEvent><Type>3</Type><Delay>0</Delay><MouseMovement>
        <MouseMovementEvent>
          <Type>3</Type>
          <X>822</X>
          <Y>356</Y>
          <Delay>19</Delay>
        </MouseMovementEvent></MouseMovement></MacroEvent><MacroEvent><Type>3</Type><Delay>0</Delay><MouseMovement>
        <MouseMovementEvent>
          <Type>3</Type>
          <X>822</X>
          <Y>357</Y>
          <Delay>19</Delay>
        </MouseMovementEvent></MouseMovement></MacroEvent><MacroEvent><Type>3</Type><Delay>0</Delay><MouseMovement>
        <MouseMovementEvent>
          <Type>3</Type>
          <X>822</X>
          <Y>358</Y>
          <Delay>20</Delay>
        </MouseMovementEvent></MouseMovement></MacroEvent><MacroEvent><Type>2</Type><Delay>0</Delay><MouseEvent><MouseButton>1</MouseButton><State>1</State></MouseEvent></MacroEvent><MacroEvent><Type>2</Type><Delay>0</Delay><MouseEvent><MouseButton>1</MouseButton><State>0</State></MouseEvent></MacroEvent><MacroEvent><Type>3</Type><Delay>0</Delay><MouseMovement>
        <MouseMovementEvent>
          <Type>3</Type>
          <X>822</X>
          <Y>359</Y>
          <Delay>19</Delay>
        </MouseMovementEvent></MouseMovement></MacroEvent><MacroEvent><Type>3</Type><Delay>0</Delay><MouseMovement>
        <MouseMovementEvent>
          <Type>3</Type>
          <X>822</X>
          <Y>361</Y>
          <Delay>19</Delay>
        </MouseMovementEvent></MouseMovement></MacroEvent><MacroEvent><Type>3</Type><Delay>0</Delay><MouseMovement>
        <MouseMovementEvent>
          <Type>3</Type>
          <X>822</X>
          <Y>363</Y>
          <Delay>20</Delay>
        </MouseMovementEvent></MouseMovement></MacroEvent><MacroEvent><Type>2</Type><Delay>0</Delay><MouseEvent><MouseButton>1</MouseButton><State>1</State></MouseEvent></MacroEvent><MacroEvent><Type>2</Type><Delay>0</Delay><MouseEvent><MouseButton>1</MouseButton><State>0</State></MouseEvent></MacroEvent><MacroEvent><Type>3</Type><Delay>0</Delay><MouseMovement>
        <MouseMovementEvent>
          <Type>3</Type>
          <X>822</X>
          <Y>365</Y>
          <Delay>20</Delay>
        </MouseMovementEvent></MouseMovement></MacroEvent><MacroEvent><Type>3</Type><Delay>0</Delay><MouseMovement>
        <MouseMovementEvent>
          <Type>3</Type>
          <X>822</X>
          <Y>367</Y>
          <Delay>18</Delay>
        </MouseMovementEvent></MouseMovement></MacroEvent><MacroEvent><Type>3</Type><Delay>0</Delay><MouseMovement>
        <MouseMovementEvent>
          <Type>3</Type>
          <X>822</X>
          <Y>369</Y>
          <Delay>20</Delay>
        </MouseMovementEvent></MouseMovement></MacroEvent><MacroEvent><Type>2</Type><Delay>0</Delay><MouseEvent><MouseButton>1</MouseButton><State>1</State></MouseEvent></MacroEvent><MacroEvent><Type>2</Type><Delay>0</Delay><MouseEvent><MouseButton>1</MouseButton><State>0</State></MouseEvent></MacroEvent><MacroEvent><Type>3</Type><Delay>0</Delay><MouseMovement>
        <MouseMovementEvent>
          <Type>3</Type>
          <X>822</X>
          <Y>371</Y>
          <Delay>19</Delay>
        </MouseMovementEvent></MouseMovement></MacroEvent><MacroEvent><Type>3</Type><Delay>0</Delay><MouseMovement>
        <MouseMovementEvent>
          <Type>3</Type>
          <X>821</X>
          <Y>373</Y>
          <Delay>19</Delay>
        </MouseMovementEvent></MouseMovement></MacroEvent><MacroEvent><Type>3</Type><Delay>0</Delay><MouseMovement>
        <MouseMovementEvent>
          <Type>3</Type>
          <X>820</X>
          <Y>375</Y>
          <Delay>19</Delay>
        </MouseMovementEvent></MouseMovement></MacroEvent><MacroEvent><Type>2</Type><Delay>0</Delay><MouseEvent><MouseButton>1</MouseButton><State>1</State></MouseEvent></MacroEvent><MacroEvent><Type>2</Type><Delay>0</Delay><MouseEvent><MouseButton>1</MouseButton><State>0</State></MouseEvent></MacroEvent><MacroEvent><Type>3</Type><Delay>0</Delay><MouseMovement>
        <MouseMovementEvent>
          <Type>3</Type>
          <X>819</X>
          <Y>377</Y>
          <Delay>19</Delay>
        </MouseMovementEvent></MouseMovement></MacroEvent><MacroEvent><Type>3</Type><Delay>0</Delay><MouseMovement>
        <MouseMovementEvent>
          <Type>3</Type>
          <X>818</X>
          <Y>379</Y>
          <Delay>19</Delay>
        </MouseMovementEvent></MouseMovement></MacroEvent><MacroEvent><Type>3</Type><Delay>0</Delay><MouseMovement>
        <MouseMovementEvent>
          <Type>3</Type>
          <X>817</X>
          <Y>381</Y>
          <Delay>20</Delay>
        </MouseMovementEvent></MouseMovement></MacroEvent><MacroEvent><Type>2</Type><Delay>0</Delay><MouseEvent><MouseButton>1</MouseButton><State>1</State></MouseEvent></MacroEvent><MacroEvent><Type>2</Type><Delay>0</Delay><MouseEvent><MouseButton>1</MouseButton><State>0</State></MouseEvent></MacroEvent><MacroEvent><Type>3</Type><Delay>0</Delay><MouseMovement>
        <MouseMovementEvent>
          <Type>3</Type>
          <X>816</X>
          <Y>383</Y>
          <Delay>19</Delay>
        </MouseMovementEvent></MouseMovement></MacroEvent><MacroEvent><Type>3</Type><Delay>0</Delay><MouseMovement>
        <MouseMovementEvent>
          <Type>3</Type>
          <X>815</X>
          <Y>385</Y>
          <Delay>19</Delay>
        </MouseMovementEvent></MouseMovement></MacroEvent><MacroEvent><Type>3</Type><Delay>0</Delay><MouseMovement>
        <MouseMovementEvent>
          <Type>3</Type>
          <X>814</X>
          <Y>387</Y>
          <Delay>21</Delay>
        </MouseMovementEvent></MouseMovement></MacroEvent><MacroEvent><Type>2</Type><Delay>0</Delay><MouseEvent><MouseButton>1</MouseButton><State>1</State></MouseEvent></MacroEvent><MacroEvent><Type>2</Type><Delay>0</Delay><MouseEvent><MouseButton>1</MouseButton><State>0</State></MouseEvent></MacroEvent><MacroEvent><Type>3</Type><Delay>0</Delay><MouseMovement>
        <MouseMovementEvent>
          <Type>3</Type>
          <X>813</X>
          <Y>389</Y>
          <Delay>18</Delay>
        </MouseMovementEvent></MouseMovement></MacroEvent><MacroEvent><Type>3</Type><Delay>0</Delay><MouseMovement>
        <MouseMovementEvent>
          <Type>3</Type>
          <X>812</X>
          <Y>391</Y>
          <Delay>19</Delay>
        </MouseMovementEvent></MouseMovement></MacroEvent><MacroEvent><Type>3</Type><Delay>0</Delay><MouseMovement>
        <MouseMovementEvent>
          <Type>3</Type>
          <X>811</X>
          <Y>393</Y>
          <Delay>20</Delay>
        </MouseMovementEvent></MouseMovement></MacroEvent><MacroEvent><Type>2</Type><Delay>0</Delay><MouseEvent><MouseButton>1</MouseButton><State>1</State></MouseEvent></MacroEvent><MacroEvent><Type>2</Type><Delay>0</Delay><MouseEvent><MouseButton>1</MouseButton><State>0</State></MouseEvent></MacroEvent><MacroEvent><Type>3</Type><Delay>0</Delay><MouseMovement>
        <MouseMovementEvent>
          <Type>3</Type>
          <X>810</X>
          <Y>394</Y>
          <Delay>19</Delay>
        </MouseMovementEvent></MouseMovement></MacroEvent><MacroEvent><Type>3</Type><Delay>0</Delay><MouseMovement>
        <MouseMovementEvent>
          <Type>3</Type>
          <X>809</X>
          <Y>395</Y>
          <Delay>19</Delay>
        </MouseMovementEvent></MouseMovement></MacroEvent><MacroEvent><Type>3</Type><Delay>0</Delay><MouseMovement>
        <MouseMovementEvent>
          <Type>3</Type>
          <X>808</X>
          <Y>396</Y>
          <Delay>20</Delay>
        </MouseMovementEvent></MouseMovement></MacroEvent><MacroEvent><Type>2</Type><Delay>0</Delay><MouseEvent><MouseButton>1</MouseButton><State>1</State></MouseEvent></MacroEvent><MacroEvent><Type>2</Type><Delay>0</Delay><MouseEvent><MouseButton>1</MouseButton><State>0</State></MouseEvent></MacroEvent><MacroEvent><Type>3</Type><Delay>0</Delay><MouseMovement>
        <MouseMovementEvent>
          <Type>3</Type>
          <X>807</X>
          <Y>397</Y>
          <Delay>19</Delay>
        </MouseMovementEvent></MouseMovement></MacroEvent><MacroEvent><Type>3</Type><Delay>0</Delay><MouseMovement>
        <MouseMovementEvent>
          <Type>3</Type>
          <X>806</X>
          <Y>398</Y>
          <Delay>19</Delay>
        </MouseMovementEvent></MouseMovement></MacroEvent><MacroEvent><Type>3</Type><Delay>0</Delay><MouseMovement>
        <MouseMovementEvent>
          <Type>3</Type>
          <X>805</X>
          <Y>399</Y>
          <Delay>19</Delay>
        </MouseMovementEvent></MouseMovement></MacroEvent><MacroEvent><Type>2</Type><Delay>0</Delay><MouseEvent><MouseButton>1</MouseButton><State>1</State></MouseEvent></MacroEvent><MacroEvent><Type>2</Type><Delay>0</Delay><MouseEvent><MouseButton>1</MouseButton><State>0</State></MouseEvent></MacroEvent><MacroEvent><Type>3</Type><Delay>0</Delay><MouseMovement>
        <MouseMovementEvent>
          <Type>3</Type>
          <X>804</X>
          <Y>400</Y>
          <Delay>19</Delay>
        </MouseMovementEvent></MouseMovement></MacroEvent><MacroEvent><Type>3</Type><Delay>0</Delay><MouseMovement>
        <MouseMovementEvent>
          <Type>3</Type>
          <X>803</X>
          <Y>401</Y>
          <Delay>19</Delay>
        </MouseMovementEvent></MouseMovement></MacroEvent><MacroEvent><Type>3</Type><Delay>0</Delay><MouseMovement>
        <MouseMovementEvent>
          <Type>3</Type>
          <X>802</X>
          <Y>402</Y>
          <Delay>20</Delay>
        </MouseMovementEvent></MouseMovement></MacroEvent><MacroEvent><Type>2</Type><Delay>0</Delay><MouseEvent><MouseButton>1</MouseButton><State>1</State></MouseEvent></MacroEvent><MacroEvent><Type>2</Type><Delay>0</Delay><MouseEvent><MouseButton>1</MouseButton><State>0</State></MouseEvent></MacroEvent><MacroEvent><Type>3</Type><Delay>0</Delay><MouseMovement>
        <MouseMovementEvent>
          <Type>3</Type>
          <X>801</X>
          <Y>403</Y>
          <Delay>19</Delay>
        </MouseMovementEvent></MouseMovement></MacroEvent><MacroEvent><Type>3</Type><Delay>0</Delay><MouseMovement>
        <MouseMovementEvent>
          <Type>3</Type>
          <X>800</X>
          <Y>405</Y>
          <Delay>19</Delay>
        </MouseMovementEvent></MouseMovement></MacroEvent><MacroEvent><Type>3</Type><Delay>0</Delay><MouseMovement>
        <MouseMovementEvent>
          <Type>3</Type>
          <X>799</X>
          <Y>407</Y>
          <Delay>20</Delay>
        </MouseMovementEvent></MouseMovement></MacroEvent><MacroEvent><Type>2</Type><Delay>0</Delay><MouseEvent><MouseButton>1</MouseButton><State>1</State></MouseEvent></MacroEvent><MacroEvent><Type>2</Type><Delay>0</Delay><MouseEvent><MouseButton>1</MouseButton><State>0</State></MouseEvent></MacroEvent><MacroEvent><Type>3</Type><Delay>0</Delay><MouseMovement>
        <MouseMovementEvent>
          <Type>3</Type>
          <X>798</X>
          <Y>409</Y>
          <Delay>19</Delay>
        </MouseMovementEvent></MouseMovement></MacroEvent><MacroEvent><Type>3</Type><Delay>0</Delay><MouseMovement>
        <MouseMovementEvent>
          <Type>3</Type>
          <X>797</X>
          <Y>411</Y>
          <Delay>19</Delay>
        </MouseMovementEvent></MouseMovement></MacroEvent><MacroEvent><Type>3</Type><Delay>0</Delay><MouseMovement>
        <MouseMovementEvent>
          <Type>3</Type>
          <X>796</X>
          <Y>413</Y>
          <Delay>20</Delay>
        </MouseMovementEvent></MouseMovement></MacroEvent><MacroEvent><Type>2</Type><Delay>0</Delay><MouseEvent><MouseButton>1</MouseButton><State>1</State></MouseEvent></MacroEvent><MacroEvent><Type>2</Type><Delay>0</Delay><MouseEvent><MouseButton>1</MouseButton><State>0</State></MouseEvent></MacroEvent><MacroEvent><Type>3</Type><Delay>0</Delay><MouseMovement>
        <MouseMovementEvent>
          <Type>3</Type>
          <X>795</X>
          <Y>415</Y>
          <Delay>19</Delay>
        </MouseMovementEvent></MouseMovement></MacroEvent><MacroEvent><Type>3</Type><Delay>0</Delay><MouseMovement>
        <MouseMovementEvent>
          <Type>3</Type>
          <X>794</X>
          <Y>416</Y>
          <Delay>19</Delay>
        </MouseMovementEvent></MouseMovement></MacroEvent><MacroEvent><Type>3</Type><Delay>0</Delay><MouseMovement>
        <MouseMovementEvent>
          <Type>3</Type>
          <X>793</X>
          <Y>417</Y>
          <Delay>19</Delay>
        </MouseMovementEvent></MouseMovement></MacroEvent><MacroEvent><Type>2</Type><Delay>0</Delay><MouseEvent><MouseButton>1</MouseButton><State>1</State></MouseEvent></MacroEvent><MacroEvent><Type>2</Type><Delay>0</Delay><MouseEvent><MouseButton>1</MouseButton><State>0</State></MouseEvent></MacroEvent><MacroEvent><Type>3</Type><Delay>0</Delay><MouseMovement>
        <MouseMovementEvent>
          <Type>3</Type>
          <X>792</X>
          <Y>418</Y>
          <Delay>19</Delay>
        </MouseMovementEvent></MouseMovement></MacroEvent><MacroEvent><Type>3</Type><Delay>0</Delay><MouseMovement>
        <MouseMovementEvent>
          <Type>3</Type>
          <X>791</X>
          <Y>419</Y>
          <Delay>19</Delay>
        </MouseMovementEvent></MouseMovement></MacroEvent><MacroEvent><Type>3</Type><Delay>0</Delay><MouseMovement>
        <MouseMovementEvent>
          <Type>3</Type>
          <X>790</X>
          <Y>420</Y>
          <Delay>20</Delay>
        </MouseMovementEvent></MouseMovement></MacroEvent><MacroEvent><Type>2</Type><Delay>0</Delay><MouseEvent><MouseButton>1</MouseButton><State>1</State></MouseEvent></MacroEvent><MacroEvent><Type>2</Type><Delay>0</Delay><MouseEvent><MouseButton>1</MouseButton><State>0</State></MouseEvent></MacroEvent><MacroEvent><Type>3</Type><Delay>0</Delay><MouseMovement>
        <MouseMovementEvent>
          <Type>3</Type>
          <X>789</X>
          <Y>421</Y>
          <Delay>19</Delay>
        </MouseMovementEvent></MouseMovement></MacroEvent><MacroEvent><Type>3</Type><Delay>0</Delay><MouseMovement>
        <MouseMovementEvent>
          <Type>3</Type>
          <X>788</X>
          <Y>422</Y>
          <Delay>19</Delay>
        </MouseMovementEvent></MouseMovement></MacroEvent><MacroEvent><Type>3</Type><Delay>0</Delay><MouseMovement>
        <MouseMovementEvent>
          <Type>3</Type>
          <X>787</X>
          <Y>423</Y>
          <Delay>20</Delay>
        </MouseMovementEvent></MouseMovement></MacroEvent><MacroEvent><Type>2</Type><Delay>0</Delay><MouseEvent><MouseButton>1</MouseButton><State>1</State></MouseEvent></MacroEvent><MacroEvent><Type>2</Type><Delay>0</Delay><MouseEvent><MouseButton>1</MouseButton><State>0</State></MouseEvent></MacroEvent><MacroEvent><Type>3</Type><Delay>0</Delay><MouseMovement>
        <MouseMovementEvent>
          <Type>3</Type>
          <X>786</X>
          <Y>424</Y>
          <Delay>18</Delay>
        </MouseMovementEvent></MouseMovement></MacroEvent><MacroEvent><Type>3</Type><Delay>0</Delay><MouseMovement>
        <MouseMovementEvent>
          <Type>3</Type>
          <X>785</X>
          <Y>425</Y>
          <Delay>19</Delay>
        </MouseMovementEvent></MouseMovement></MacroEvent><MacroEvent><Type>3</Type><Delay>0</Delay><MouseMovement>
        <MouseMovementEvent>
          <Type>3</Type>
          <X>784</X>
          <Y>427</Y>
          <Delay>20</Delay>
        </MouseMovementEvent></MouseMovement></MacroEvent><MacroEvent><Type>2</Type><Delay>0</Delay><MouseEvent><MouseButton>1</MouseButton><State>1</State></MouseEvent></MacroEvent><MacroEvent><Type>2</Type><Delay>0</Delay><MouseEvent><MouseButton>1</MouseButton><State>0</State></MouseEvent></MacroEvent><MacroEvent><Type>3</Type><Delay>0</Delay><MouseMovement>
        <MouseMovementEvent>
          <Type>3</Type>
          <X>783</X>
          <Y>429</Y>
          <Delay>19</Delay>
        </MouseMovementEvent></MouseMovement></MacroEvent><MacroEvent><Type>3</Type><Delay>0</Delay><MouseMovement>
        <MouseMovementEvent>
          <Type>3</Type>
          <X>783</X>
          <Y>431</Y>
          <Delay>218</Delay>
        </MouseMovementEvent></MouseMovement></MacroEvent><MacroEvent><Type>3</Type><Delay>0</Delay><MouseMovement>
      </MouseMovement>
    </MacroEvent>
    <MacroEvent>
      <Type>2</Type>
      <Delay>538</Delay>
      <MouseEvent>
        <MouseButton>1</MouseButton>
        <State>1</State>
      </MouseEvent>
    </MacroEvent>
  </MacroEvents>
  <IsFolder>false</IsFolder>
  <FolderGuid>00000000-0000-0000-0000-000000000000</FolderGuid>
</Macro>